/*
 * plua_font_cascadia_data.c -- Cascadia Code Light at 16, 24, 32 px.
 *
 * GENERATED by tools/make_font_cascadia.py -- do not edit by hand.  The glyph
 * descriptors and the packed 4-bit-per-pixel bitmaps come from primetcc's
 * rt/tools/fontgen2.py run over rt/tools/fonts/CascadiaCode-Light.ttf (SIL Open
 * Font License 1.1); each hp_font row is re-derived from that run's
 * hp_font_mono_table.  primetcc is neither modified nor linked.
 *
 * This is the image's MONOSPACE family: the cell is fixed, so every glyph --
 * ":" included -- advances by the same amount and the digits of a clock never
 * shift.  It is what hp_font_mono() (primetcc's engine) and port/plua_hp.c's
 * font.mono()/font.cascadia() hand back; the proportional family (Montserrat)
 * lives in port/plua_font_montserrat_data.c.
 */
#include "hp_fonts.h"          /* the hp_glyph / hp_font layouts */

static const hp_glyph plua_glyphs_cascadia_16[95] = {
    {0, 0, 0, 0, 10, 0},
    {3, 11, 3, 4, 10, 0},
    {7, 5, 1, 4, 10, 22},
    {9, 11, 0, 4, 10, 42},
    {8, 15, 1, 2, 10, 97},
    {10, 11, 0, 4, 10, 157},
    {10, 11, 0, 4, 10, 212},
    {3, 5, 3, 4, 10, 267},
    {6, 15, 2, 2, 10, 277},
    {7, 15, 1, 2, 10, 322},
    {9, 8, 0, 5, 10, 382},
    {9, 9, 0, 5, 10, 422},
    {3, 6, 3, 13, 10, 467},
    {9, 2, 0, 9, 10, 479},
    {3, 2, 3, 13, 10, 489},
    {8, 15, 1, 2, 10, 493},
    {9, 11, 0, 4, 10, 553},
    {8, 11, 1, 4, 10, 608},
    {9, 11, 0, 4, 10, 652},
    {8, 11, 1, 4, 10, 707},
    {9, 11, 0, 4, 10, 751},
    {8, 11, 1, 4, 10, 806},
    {8, 11, 1, 4, 10, 850},
    {9, 11, 0, 4, 10, 894},
    {9, 11, 0, 4, 10, 949},
    {9, 11, 0, 4, 10, 1004},
    {3, 8, 3, 7, 10, 1059},
    {3, 12, 3, 7, 10, 1075},
    {9, 9, 0, 5, 10, 1099},
    {9, 6, 0, 7, 10, 1144},
    {8, 9, 1, 5, 10, 1174},
    {7, 11, 1, 4, 10, 1210},
    {9, 13, 0, 4, 10, 1254},
    {9, 11, 0, 4, 10, 1319},
    {8, 11, 1, 4, 10, 1374},
    {9, 11, 0, 4, 10, 1418},
    {8, 11, 1, 4, 10, 1473},
    {8, 11, 1, 4, 10, 1517},
    {8, 11, 1, 4, 10, 1561},
    {9, 11, 0, 4, 10, 1605},
    {8, 11, 1, 4, 10, 1660},
    {7, 11, 1, 4, 10, 1704},
    {9, 11, 0, 4, 10, 1748},
    {8, 11, 1, 4, 10, 1803},
    {8, 11, 1, 4, 10, 1847},
    {8, 11, 1, 4, 10, 1891},
    {8, 11, 1, 4, 10, 1935},
    {9, 11, 0, 4, 10, 1979},
    {8, 11, 1, 4, 10, 2034},
    {9, 15, 0, 4, 10, 2078},
    {8, 11, 1, 4, 10, 2153},
    {8, 11, 1, 4, 10, 2197},
    {9, 11, 0, 4, 10, 2241},
    {8, 11, 1, 4, 10, 2296},
    {9, 11, 0, 4, 10, 2340},
    {10, 11, 0, 4, 10, 2395},
    {9, 11, 0, 4, 10, 2450},
    {10, 11, 0, 4, 10, 2505},
    {8, 11, 1, 4, 10, 2560},
    {6, 15, 2, 2, 10, 2604},
    {9, 15, 0, 2, 10, 2649},
    {6, 15, 2, 2, 10, 2724},
    {7, 5, 1, 4, 10, 2769},
    {9, 2, 0, 15, 10, 2789},
    {5, 5, 2, 4, 10, 2799},
    {9, 9, 0, 7, 10, 2814},
    {8, 12, 1, 3, 10, 2859},
    {8, 8, 1, 7, 10, 2907},
    {8, 13, 1, 3, 10, 2939},
    {8, 8, 1, 7, 10, 2991},
    {9, 12, 0, 3, 10, 3023},
    {8, 12, 1, 7, 10, 3083},
    {7, 12, 1, 3, 10, 3131},
    {8, 12, 1, 3, 10, 3179},
    {7, 16, 1, 3, 10, 3227},
    {8, 12, 1, 3, 10, 3291},
    {9, 12, 0, 3, 10, 3339},
    {9, 8, 0, 7, 10, 3399},
    {7, 8, 1, 7, 10, 3439},
    {8, 8, 1, 7, 10, 3471},
    {8, 12, 1, 7, 10, 3503},
    {8, 12, 1, 7, 10, 3551},
    {9, 8, 0, 7, 10, 3599},
    {8, 8, 1, 7, 10, 3639},
    {9, 11, 0, 4, 10, 3671},
    {8, 9, 1, 7, 10, 3726},
    {9, 8, 0, 7, 10, 3762},
    {9, 8, 0, 7, 10, 3802},
    {9, 8, 0, 7, 10, 3842},
    {9, 12, 0, 7, 10, 3882},
    {8, 8, 1, 7, 10, 3942},
    {6, 15, 2, 2, 10, 3974},
    {2, 17, 4, 1, 10, 4019},
    {7, 15, 1, 2, 10, 4036},
    {9, 4, 0, 8, 10, 4096}
};
static const unsigned char plua_bits_cascadia_16[4116] = {
    0x0F, 0x50, 0x0F, 0x50, 0x0E, 0x50, 0x0E, 0x50, 0x0E, 0x40, 0x0E, 0x40, 0x0E, 0x40, 0x07, 0x20,
    0x00, 0x00, 0x3E, 0x80, 0x3E, 0x80, 0x1F, 0x60, 0x1F, 0x60, 0x0F, 0x60, 0x0F, 0x60, 0x0F, 0x60,
    0x0F, 0x60, 0x0F, 0x50, 0x0F, 0x50, 0x0E, 0x50, 0x0E, 0x50, 0x00, 0x3F, 0x00, 0xB6, 0x00, 0x00,
    0x4D, 0x00, 0xD5, 0x00, 0x14, 0x7D, 0x44, 0xE7, 0x20, 0x2F, 0xFF, 0xFF, 0xFF, 0x80, 0x00, 0x89,
    0x01, 0xF1, 0x00, 0x00, 0x98, 0x03, 0xF0, 0x00, 0x00, 0xA7, 0x04, 0xE0, 0x00, 0x2F, 0xFF, 0xFF,
    0xFF, 0x80, 0x14, 0xD7, 0x49, 0xC4, 0x20, 0x00, 0xE3, 0x08, 0xA0, 0x00, 0x00, 0xF2, 0x09, 0x80,
    0x00, 0x00, 0x0A, 0x40, 0x00, 0x00, 0x0A, 0x40, 0x00, 0x06, 0xDF, 0xEB, 0x40, 0x5F, 0x8C, 0x8B,
    0xD1, 0x9C, 0x0A, 0x40, 0x10, 0x8D, 0x1A, 0x40, 0x00, 0x2D, 0xDD, 0x40, 0x00, 0x01, 0x9F, 0xE6,
    0x00, 0x00, 0x0A, 0xBF, 0x90, 0x00, 0x0A, 0x45, 0xF2, 0x00, 0x0A, 0x43, 0xF3, 0xA8, 0x5C, 0x9C,
    0xD0, 0x8C, 0xEF, 0xEA, 0x20, 0x00, 0x0A, 0x40, 0x00, 0x00, 0x0A, 0x40, 0x00, 0x08, 0xEE, 0x70,
    0x00, 0x00, 0x5E, 0x23, 0xF3, 0x00, 0x00, 0x7A, 0x00, 0xC5, 0x02, 0x10, 0x5E, 0x23, 0xF3, 0x6E,
    0x40, 0x08, 0xEE, 0x8A, 0xD3, 0x00, 0x00, 0x04, 0xD9, 0x10, 0x00, 0x00, 0x8E, 0x7B, 0xFD, 0x30,
    0x0C, 0xC2, 0xAA, 0x17, 0xD0, 0x04, 0x00, 0xC5, 0x02, 0xF0, 0x00, 0x00, 0xAA, 0x17, 0xD0, 0x00,
    0x00, 0x2B, 0xFD, 0x30, 0x00, 0x4C, 0xFE, 0xA1, 0x00, 0x01, 0xEB, 0x45, 0xD9, 0x00, 0x05, 0xF2,
    0x00, 0x00, 0x00, 0x05, 0xF1, 0x00, 0x00, 0x00, 0x01, 0xE7, 0x00, 0x00, 0x00, 0x01, 0xCF, 0x50,
    0x0C, 0x70, 0x1D, 0xB9, 0xF4, 0x0E, 0x50, 0x6E, 0x00, 0x9E, 0x6F, 0x20, 0x7D, 0x00, 0x09, 0xFC,
    0x00, 0x3F, 0x94, 0x5B, 0xFE, 0x20, 0x05, 0xDF, 0xEA, 0x2A, 0xD2, 0x1F, 0x60, 0x0F, 0x60, 0x0F,
    0x60, 0x0F, 0x50, 0x0E, 0x50, 0x00, 0x05, 0x97, 0x01, 0xBF, 0xB7, 0x0A, 0xE3, 0x00, 0x3F, 0x50,
    0x00, 0x8D, 0x00, 0x00, 0xBA, 0x00, 0x00, 0xC8, 0x00, 0x00, 0xD7, 0x00, 0x00, 0xC8, 0x00, 0x00,
    0xBA, 0x00, 0x00, 0x7E, 0x00, 0x00, 0x2F, 0x60, 0x00, 0x09, 0xE4, 0x00, 0x01, 0xAF, 0xC7, 0x00,
    0x04, 0x87, 0x49, 0x71, 0x00, 0x00, 0x3A, 0xEE, 0x40, 0x00, 0x00, 0x1A, 0xE2, 0x00, 0x00, 0x01,
    0xE9, 0x00, 0x00, 0x00, 0x8E, 0x00, 0x00, 0x00, 0x4F, 0x20, 0x00, 0x00, 0x2F, 0x30, 0x00, 0x00,
    0x2F, 0x30, 0x00, 0x00, 0x2F, 0x30, 0x00, 0x00, 0x4F, 0x10, 0x00, 0x00, 0x8D, 0x00, 0x00, 0x01,
    0xE8, 0x00, 0x00, 0x1B, 0xE1, 0x00, 0x4B, 0xED, 0x30, 0x00, 0x38, 0x61, 0x00, 0x00, 0x00, 0x00,
    0x31, 0x00, 0x00, 0x00, 0x00, 0xE5, 0x00, 0x00, 0x03, 0x00, 0xE4, 0x03, 0x00, 0x0D, 0xE8, 0xE8,
    0xCF, 0x40, 0x01, 0x5B, 0xFD, 0x72, 0x00, 0x00, 0x1C, 0xAE, 0x40, 0x00, 0x00, 0xBC, 0x06, 0xE3,
    0x00, 0x00, 0x82, 0x00, 0x82, 0x00, 0x00, 0x00, 0x73, 0x00, 0x00, 0x00, 0x00, 0xF5, 0x00, 0x00,
    0x00, 0x00, 0xF5, 0x00, 0x00, 0x00, 0x00, 0xF5, 0x00, 0x00, 0x2F, 0xFF, 0xFF, 0xFF, 0x80, 0x14,
    0x44, 0xF8, 0x44, 0x20, 0x00, 0x00, 0xF5, 0x00, 0x00, 0x00, 0x00, 0xF5, 0x00, 0x00, 0x00, 0x00,
    0xB4, 0x00, 0x00, 0x0F, 0x60, 0x2F, 0x40, 0x4F, 0x20, 0x6E, 0x00, 0x7C, 0x00, 0x45, 0x00, 0x2F,
    0xFF, 0xFF, 0xFF, 0x80, 0x14, 0x44, 0x44, 0x44, 0x20, 0x3E, 0x80, 0x3E, 0x80, 0x00, 0x00, 0x00,
    0x66, 0x00, 0x00, 0x01, 0xE5, 0x00, 0x00, 0x07, 0xD0, 0x00, 0x00, 0x0E, 0x60, 0x00, 0x00, 0x6E,
    0x10, 0x00, 0x00, 0xD8, 0x00, 0x00, 0x05, 0xF1, 0x00, 0x00, 0x0C, 0x90, 0x00, 0x00, 0x4F, 0x20,
    0x00, 0x00, 0xBA, 0x00, 0x00, 0x03, 0xF3, 0x00, 0x00, 0x09, 0xB0, 0x00, 0x00, 0x2F, 0x40, 0x00,
    0x00, 0x8C, 0x00, 0x00, 0x00, 0x63, 0x00, 0x00, 0x00, 0x00, 0x4C, 0xFE, 0x80, 0x00, 0x03, 0xFA,
    0x47, 0xF8, 0x00, 0x09, 0xD0, 0x00, 0x7E, 0x10, 0x0D, 0x80, 0x00, 0x2F, 0x40, 0x0F, 0x60, 0x62,
    0x0F, 0x50, 0x0F, 0x55, 0xFA, 0x0E, 0x60, 0x0F, 0x61, 0x84, 0x0F, 0x60, 0x0D, 0x80, 0x00, 0x2F,
    0x40, 0x0A, 0xD0, 0x00, 0x7E, 0x10, 0x03, 0xFA, 0x47, 0xE8, 0x00, 0x00, 0x4C, 0xFE, 0x80, 0x00,
    0x16, 0xBF, 0x90, 0x00, 0x7D, 0x8C, 0x90, 0x00, 0x10, 0x0B, 0x90, 0x00, 0x00, 0x0B, 0x90, 0x00,
    0x00, 0x0B, 0x90, 0x00, 0x00, 0x0B, 0x90, 0x00, 0x00, 0x0B, 0x90, 0x00, 0x00, 0x0B, 0x90, 0x00,
    0x00, 0x0B, 0x90, 0x00, 0x24, 0x4C, 0xA4, 0x41, 0x9F, 0xFF, 0xFF, 0xF2, 0x02, 0x9E, 0xFD, 0x80,
    0x00, 0x0D, 0xC6, 0x47, 0xF7, 0x00, 0x02, 0x00, 0x00, 0x9C, 0x00, 0x00, 0x00, 0x00, 0x7D, 0x00,
    0x00, 0x00, 0x00, 0xAB, 0x00, 0x00, 0x00, 0x02, 0xE6, 0x00, 0x00, 0x00, 0x0B, 0xC0, 0x00, 0x00,
    0x01, 0xBD, 0x10, 0x00, 0x00, 0x3D, 0xB1, 0x00, 0x00, 0x08, 0xFA, 0x44, 0x44, 0x10, 0x0B, 0xFF,
    0xFF, 0xFF, 0x50, 0x18, 0xDF, 0xEA, 0x10, 0xBD, 0x74, 0x6E, 0xA0, 0x11, 0x00, 0x08, 0xD0, 0x00,
    0x00, 0x0B, 0x90, 0x00, 0x26, 0xC9, 0x10, 0x03, 0xFF, 0xC6, 0x00, 0x00, 0x12, 0x6E, 0x90, 0x00,
    0x00, 0x05, 0xF1, 0x00, 0x00, 0x06, 0xF1, 0x56, 0x44, 0x7E, 0xA0, 0x8D, 0xFF, 0xD8, 0x10, 0x00,
    0x53, 0x00, 0xC8, 0x00, 0x00, 0xF5, 0x00, 0xC8, 0x00, 0x03, 0xF3, 0x00, 0xC8, 0x00, 0x06, 0xF0,
    0x00, 0xC8, 0x00, 0x08, 0xC0, 0x00, 0xC8, 0x00, 0x0B, 0xA0, 0x00, 0xC8, 0x00, 0x0E, 0x70, 0x00,
    0xC8, 0x00, 0x1F, 0x74, 0x44, 0xD9, 0x30, 0x4F, 0xFF, 0xFF, 0xFF, 0xA0, 0x00, 0x00, 0x00, 0xC8,
    0x00, 0x00, 0x00, 0x00, 0xC8, 0x00, 0x1F, 0xFF, 0xFF, 0xC0, 0x2F, 0x64, 0x44, 0x30, 0x2F, 0x30,
    0x00, 0x00, 0x2F, 0x22, 0x20, 0x00, 0x3F, 0xEF, 0xFE, 0x50, 0x28, 0x42, 0x3A, 0xF2, 0x00, 0x00,
    0x01, 0xF6, 0x31, 0x00, 0x00, 0xD7, 0xC9, 0x00, 0x02, 0xF5, 0x7F, 0x84, 0x5C, 0xD1, 0x07, 0xDF,
    0xEA, 0x20, 0x00, 0x16, 0xBE, 0x80, 0x03, 0xDE, 0x95, 0x20, 0x1D, 0xB1, 0x00, 0x00, 0x7E, 0x10,
    0x00, 0x00, 0xB9, 0x7E, 0xFC, 0x40, 0xDC, 0x94, 0x5B, 0xE2, 0xEA, 0x00, 0x01, 0xF6, 0xE7, 0x00,
    0x00, 0xD7, 0xCA, 0x00, 0x02, 0xF5, 0x6F, 0x94, 0x5C, 0xD1, 0x07, 0xDF, 0xEA, 0x20, 0x3F, 0xFF,
    0xFF, 0xFF, 0xB0, 0x2F, 0x74, 0x44, 0x5F, 0x60, 0x2F, 0x40, 0x00, 0x6F, 0x10, 0x2F, 0x40, 0x00,
    0xBB, 0x00, 0x04, 0x10, 0x01, 0xF6, 0x00, 0x00, 0x00, 0x06, 0xF1, 0x00, 0x00, 0x00, 0x0B, 0xB0,
    0x00, 0x00, 0x00, 0x2F, 0x50, 0x00, 0x00, 0x00, 0x7F, 0x10, 0x00, 0x00, 0x00, 0xCA, 0x00, 0x00,
    0x00, 0x02, 0xF5, 0x00, 0x00, 0x00, 0x7D, 0xFE, 0xA2, 0x00, 0x07, 0xF8, 0x46, 0xDC, 0x00, 0x0A,
    0xB0, 0x00, 0x5F, 0x10, 0x09, 0xB0, 0x00, 0x6E, 0x00, 0x01, 0xCB, 0x78, 0xD5, 0x00, 0x00, 0x8E,
    0xCE, 0xB2, 0x00, 0x0A, 0xC1, 0x00, 0x7E, 0x10, 0x0F, 0x50, 0x00, 0x0F, 0x50, 0x0F, 0x70, 0x00,
    0x1F, 0x50, 0x09, 0xE7, 0x45, 0xCE, 0x10, 0x00, 0x8D, 0xFE, 0xA3, 0x00, 0x00, 0x7D, 0xFE, 0xA2,
    0x00, 0x07, 0xF8, 0x46, 0xDD, 0x00, 0x0D, 0x80, 0x00, 0x3F, 0x40, 0x0F, 0x50, 0x00, 0x0F, 0x60,
    0x0E, 0x70, 0x00, 0x3F, 0x60, 0x09, 0xE7, 0x46, 0xAF, 0x50, 0x01, 0x9E, 0xFB, 0x4F, 0x30, 0x00,
    0x00, 0x00, 0x8E, 0x00, 0x00, 0x00, 0x05, 0xF6, 0x00, 0x00, 0x57, 0xCF, 0x80, 0x00, 0x01, 0xEC,
    0x93, 0x00, 0x00, 0x3E, 0x80, 0x3E, 0x80, 0x00, 0x00, 0x00, 0x00, 0x00, 0x00, 0x00, 0x00, 0x3E,
    0x80, 0x3E, 0x80, 0x3E, 0x80, 0x3E, 0x80, 0x00, 0x00, 0x00, 0x00, 0x00, 0x00, 0x00, 0x00, 0x0F,
    0x60, 0x2F, 0x40, 0x4F, 0x20, 0x6E, 0x00, 0x7C, 0x00, 0x45, 0x00, 0x00, 0x00, 0x00, 0x03, 0x10,
    0x00, 0x00, 0x04, 0xBF, 0x30, 0x00, 0x16, 0xDF, 0xA4, 0x00, 0x18, 0xED, 0x71, 0x00, 0x00, 0x3F,
    0xA1, 0x00, 0x00, 0x00, 0x05, 0xCE, 0xA4, 0x00, 0x00, 0x00, 0x03, 0xAF, 0xD7, 0x10, 0x00, 0x00,
    0x02, 0x8E, 0x30, 0x00, 0x00, 0x00, 0x01, 0x10, 0x2F, 0xFF, 0xFF, 0xFF, 0x80, 0x14, 0x44, 0x44,
    0x44, 0x20, 0x00, 0x00, 0x00, 0x00, 0x00, 0x00, 0x00, 0x00, 0x00, 0x00, 0x2F, 0xFF, 0xFF, 0xFF,
    0x80, 0x14, 0x44, 0x44, 0x44, 0x20, 0x30, 0x00, 0x00, 0x00, 0xCD, 0x71, 0x00, 0x00, 0x28, 0xEE,
    0x92, 0x00, 0x00, 0x05, 0xBF, 0xA3, 0x00, 0x00, 0x08, 0xF8, 0x00, 0x28, 0xEE, 0x81, 0x5B, 0xFC,
    0x60, 0x00, 0xCB, 0x40, 0x00, 0x00, 0x10, 0x00, 0x00, 0x00, 0x18, 0xDF, 0xE9, 0x10, 0xCD, 0x74,
    0x6E, 0x90, 0x21, 0x00, 0x09, 0xC0, 0x00, 0x00, 0x0D, 0x90, 0x00, 0x02, 0xCD, 0x10, 0x00, 0x0D,
    0xA1, 0x00, 0x00, 0x4F, 0x10, 0x00, 0x00, 0x28, 0x00, 0x00, 0x00, 0x00, 0x00, 0x00, 0x00, 0x6E,
    0x40, 0x00, 0x00, 0x6E, 0x40, 0x00, 0x00, 0x3B, 0xFE, 0xA1, 0x00, 0x01, 0xEB, 0x45, 0xDB, 0x00,
    0x08, 0xC0, 0x14, 0x3F, 0x20, 0x0C, 0x63, 0xEF, 0xAE, 0x40, 0x0F, 0x3A, 0xB1, 0x5E, 0x50, 0x1F,
    0x1D, 0x50, 0x0F, 0x50, 0x1F, 0x0D, 0x40, 0x0F, 0x60, 0x1F, 0x1C, 0x60, 0x0F, 0x50, 0x0F, 0x39,
    0xD4, 0x8D, 0x50, 0x0C, 0x61, 0xCF, 0x8B, 0x40, 0x07, 0xD1, 0x00, 0x00, 0x00, 0x01, 0xDC, 0x64,
    0x51, 0x00, 0x00, 0x29, 0xEF, 0xE1, 0x00, 0x00, 0x06, 0xFC, 0x00, 0x00, 0x00, 0x0B, 0xAF, 0x10,
    0x00, 0x00, 0x1F, 0x3D, 0x60, 0x00, 0x00, 0x5E, 0x08, 0xA0, 0x00, 0x00, 0x9A, 0x04, 0xE1, 0x00,
    0x00, 0xE5, 0x00, 0xE4, 0x00, 0x03, 0xF5, 0x44, 0xC9, 0x00, 0x08, 0xFF, 0xFF, 0xFE, 0x00, 0x0C,
    0x70, 0x00, 0x2F, 0x30, 0x2F, 0x30, 0x00, 0x0C, 0x80, 0x6E, 0x00, 0x00, 0x08, 0xC0, 0xAF, 0xFF,
    0xE9, 0x10, 0xAB, 0x44, 0x6E, 0xA0, 0xAA, 0x00, 0x06, 0xF0, 0xAA, 0x00, 0x06, 0xE0, 0xAB, 0x44,
    0x6D, 0x50, 0xAF, 0xFF, 0xE8, 0x20, 0xAA, 0x00, 0x15, 0xE4, 0xAA, 0x00, 0x00, 0x9B, 0xAA, 0x00,
    0x00, 0xAB, 0xAB, 0x44, 0x48, 0xF7, 0xAF, 0xFF, 0xFD, 0x80, 0x00, 0x29, 0xDF, 0xEA, 0x20, 0x02,
    0xED, 0x64, 0x6D, 0x80, 0x0A, 0xD1, 0x00, 0x01, 0x00, 0x1F, 0x60, 0x00, 0x00, 0x00, 0x3F, 0x20,
    0x00, 0x00, 0x00, 0x4F, 0x10, 0x00, 0x00, 0x00, 0x3F, 0x20, 0x00, 0x00, 0x00, 0x1F, 0x60, 0x00,
    0x00, 0x00, 0x0B, 0xD1, 0x00, 0x00, 0x00, 0x02, 0xED, 0x74, 0x47, 0x50, 0x00, 0x29, 0xDF, 0xEC,
    0x50, 0xDF, 0xFE, 0xC6, 0x00, 0xD9, 0x45, 0x9F, 0x90, 0xD7, 0x00, 0x06, 0xF3, 0xD7, 0x00, 0x00,
    0xD8, 0xD7, 0x00, 0x00, 0xAB, 0xD7, 0x00, 0x00, 0x9C, 0xD7, 0x00, 0x00, 0x9B, 0xD7, 0x00, 0x00,
    0xC9, 0xD7, 0x00, 0x05, 0xF4, 0xD9, 0x45, 0x9F, 0xA0, 0xDF, 0xFE, 0xC6, 0x00, 0xBF, 0xFF, 0xFF,
    0xF8, 0xBB, 0x44, 0x44, 0x42, 0xAA, 0x00, 0x00, 0x00, 0xAA, 0x00, 0x00, 0x00, 0xBB, 0x44, 0x44,
    0x00, 0xBF, 0xFF, 0xFF, 0x20, 0xAA, 0x00, 0x00, 0x00, 0xAA, 0x00, 0x00, 0x00, 0xAA, 0x00, 0x00,
    0x00, 0xBB, 0x44, 0x44, 0x42, 0xBF, 0xFF, 0xFF, 0xF8, 0x8F, 0xFF, 0xFF, 0xFA, 0x8D, 0x44, 0x44,
    0x43, 0x8C, 0x00, 0x00, 0x00, 0x8C, 0x00, 0x00, 0x00, 0x8C, 0x00, 0x00, 0x00, 0x8D, 0x44, 0x44,
    0x10, 0x8F, 0xFF, 0xFF, 0x60, 0x8C, 0x00, 0x00, 0x00, 0x8C, 0x00, 0x00, 0x00, 0x8C, 0x00, 0x00,
    0x00, 0x8C, 0x00, 0x00, 0x00, 0x00, 0x3A, 0xEF, 0xD9, 0x10, 0x04, 0xFC, 0x64, 0x7E, 0x60, 0x0D,
    0xB0, 0x00, 0x01, 0x00, 0x3F, 0x40, 0x00, 0x00, 0x00, 0x6F, 0x00, 0x00, 0x00, 0x00, 0x6E, 0x00,
    0x14, 0x44, 0x20, 0x6F, 0x00, 0x4F, 0xFF, 0x80, 0x3F, 0x40, 0x00, 0x0D, 0x70, 0x0D, 0xB0, 0x00,
    0x0D, 0x70, 0x04, 0xFC, 0x64, 0x5E, 0x70, 0x00, 0x3A, 0xEF, 0xEB, 0x40, 0xD7, 0x00, 0x02, 0xF3,
    0xD7, 0x00, 0x02, 0xF3, 0xD7, 0x00, 0x02, 0xF3, 0xD7, 0x00, 0x02, 0xF3, 0xD9, 0x44, 0x45, 0xF3,
    0xDF, 0xFF, 0xFF, 0xF3, 0xD7, 0x00, 0x02, 0xF3, 0xD7, 0x00, 0x02, 0xF3, 0xD7, 0x00, 0x02, 0xF3,
    0xD7, 0x00, 0x02, 0xF3, 0xD7, 0x00, 0x02, 0xF3, 0x9F, 0xFF, 0xFF, 0xF0, 0x24, 0x4F, 0x84, 0x40,
    0x00, 0x0F, 0x50, 0x00, 0x00, 0x0F, 0x50, 0x00, 0x00, 0x0F, 0x50, 0x00, 0x00, 0x0F, 0x50, 0x00,
    0x00, 0x0F, 0x50, 0x00, 0x00, 0x0F, 0x50, 0x00, 0x00, 0x0F, 0x50, 0x00, 0x24, 0x4F, 0x84, 0x40,
    0x9F, 0xFF, 0xFF, 0xF0, 0x00, 0x03, 0xFF, 0xFF, 0x40, 0x00, 0x01, 0x44, 0x5F, 0x40, 0x00, 0x00,
    0x00, 0x1F, 0x40, 0x00, 0x00, 0x00, 0x1F, 0x40, 0x00, 0x00, 0x00, 0x1F, 0x40, 0x00, 0x00, 0x00,
    0x1F, 0x40, 0x00, 0x00, 0x00, 0x1F, 0x40, 0x3F, 0x20, 0x00, 0x2F, 0x30, 0x1F, 0x60, 0x00, 0x6F,
    0x10, 0x09, 0xE7, 0x47, 0xEA, 0x00, 0x00, 0x8E, 0xFD, 0x81, 0x00, 0xC8, 0x00, 0x00, 0xD7, 0xC8,
    0x00, 0x00, 0xE5, 0xC8, 0x00, 0x04, 0xF2, 0xC8, 0x00, 0x0B, 0xB0, 0xC8, 0x00, 0x7F, 0x30, 0xCA,
    0x6C, 0xF7, 0x00, 0xCF, 0xD9, 0xBB, 0x00, 0xC8, 0x00, 0x4F, 0x40, 0xC8, 0x00, 0x0B, 0xB0, 0xC8,
    0x00, 0x04, 0xF4, 0xC8, 0x00, 0x00, 0xCC, 0xAA, 0x00, 0x00, 0x00, 0xAA, 0x00, 0x00, 0x00, 0xAA,
    0x00, 0x00, 0x00, 0xAA, 0x00, 0x00, 0x00, 0xAA, 0x00, 0x00, 0x00, 0xAA, 0x00, 0x00, 0x00, 0xAA,
    0x00, 0x00, 0x00, 0xAA, 0x00, 0x00, 0x00, 0xAA, 0x00, 0x00, 0x00, 0xBB, 0x44, 0x44, 0x42, 0xBF,
    0xFF, 0xFF, 0xF8, 0xEF, 0x40, 0x0D, 0xF5, 0xED, 0x90, 0x4D, 0xF5, 0xE8, 0xE0, 0x98, 0xF5, 0xE5,
    0xC5, 0xE3, 0xF5, 0xE5, 0x7D, 0xD0, 0xF5, 0xE5, 0x2F, 0x80, 0xF5, 0xE5, 0x00, 0x00, 0xF5, 0xE5,
    0x00, 0x00, 0xF5, 0xE5, 0x00, 0x00, 0xF5, 0xE5, 0x00, 0x00, 0xF5, 0xE5, 0x00, 0x00, 0xF5, 0xCF,
    0x40, 0x03, 0xF2, 0xCF, 0xA0, 0x03, 0xF2, 0xCA, 0xE1, 0x03, 0xF2, 0xC8, 0xB7, 0x03, 0xF2, 0xC8,
    0x5D, 0x03, 0xF2, 0xC8, 0x0D, 0x43, 0xF2, 0xC8, 0x07, 0xA3, 0xF2, 0xC8, 0x02, 0xF4, 0xF2, 0xC8,
    0x00, 0xAA, 0xF2, 0xC8, 0x00, 0x4F, 0xF2, 0xC8, 0x00, 0x0D, 0xF2, 0x00, 0x6D, 0xFE, 0x91, 0x00,
    0x06, 0xF9, 0x46, 0xEB, 0x00, 0x0D, 0x90, 0x00, 0x4F, 0x40, 0x2F, 0x40, 0x00, 0x0D, 0x80, 0x5F,
    0x10, 0x00, 0x0A, 0xA0, 0x5F, 0x10, 0x00, 0x0A, 0xB0, 0x5F, 0x10, 0x00, 0x0A, 0xA0, 0x3F, 0x30,
    0x00, 0x0D, 0x80, 0x0E, 0x90, 0x00, 0x3F, 0x40, 0x06, 0xF8, 0x46, 0xEC, 0x00, 0x00, 0x6D, 0xFE,
    0x91, 0x00, 0xAF, 0xFF, 0xEB, 0x30, 0xAB, 0x44, 0x5B, 0xF3, 0xAA, 0x00, 0x00, 0xD9, 0xAA, 0x00,
    0x00, 0xAA, 0xAA, 0x00, 0x00, 0xD8, 0xAB, 0x44, 0x5C, 0xE2, 0xAF, 0xFF, 0xEA, 0x30, 0xAA, 0x00,
    0x00, 0x00, 0xAA, 0x00, 0x00, 0x00, 0xAA, 0x00, 0x00, 0x00, 0xAA, 0x00, 0x00, 0x00, 0x00, 0x6D,
    0xFE, 0x91, 0x00, 0x06, 0xF9, 0x46, 0xEB, 0x00, 0x0D, 0x90, 0x00, 0x4F, 0x40, 0x2F, 0x40, 0x00,
    0x0D, 0x80, 0x5F, 0x10, 0x00, 0x0A, 0xA0, 0x5F, 0x10, 0x00, 0x0A, 0xB0, 0x5F, 0x10, 0x00, 0x0A,
    0xA0, 0x3F, 0x30, 0x00, 0x0D, 0x80, 0x0E, 0x90, 0x00, 0x3F, 0x40, 0x06, 0xF8, 0x46, 0xEC, 0x00,
    0x00, 0x6D, 0xFE, 0x91, 0x00, 0x00, 0x00, 0xE5, 0x00, 0x00, 0x00, 0x00, 0xBB, 0x00, 0x00, 0x00,
    0x00, 0x3E, 0xEB, 0x00, 0x00, 0x00, 0x01, 0x67, 0x00, 0xDF, 0xFF, 0xEB, 0x30, 0xD9, 0x44, 0x5C,
    0xE1, 0xD7, 0x00, 0x02, 0xF5, 0xD7, 0x00, 0x00, 0xE7, 0xD7, 0x00, 0x01, 0xF5, 0xD9, 0x44, 0x5B,
    0xD1, 0xDF, 0xFF, 0xFD, 0x30, 0xD7, 0x00, 0x8E, 0x10, 0xD7, 0x00, 0x1E, 0x70, 0xD7, 0x00, 0x07,
    0xE1, 0xD7, 0x00, 0x01, 0xE9, 0x06, 0xDF, 0xEB, 0x40, 0x5F, 0x84, 0x5B, 0xD1, 0x9C, 0x00, 0x00,
    0x10, 0x8D, 0x10, 0x00, 0x00, 0x2D, 0xD6, 0x00, 0x00, 0x01, 0x9F, 0xD6, 0x00, 0x00, 0x01, 0x8F,
    0x90, 0x00, 0x00, 0x05, 0xF2, 0x00, 0x00, 0x03, 0xF3, 0xA8, 0x54, 0x6C, 0xD0, 0x8C, 0xEF, 0xEA,
    0x20, 0x5F, 0xFF, 0xFF, 0xFF, 0xA0, 0x14, 0x44, 0xF8, 0x44, 0x30, 0x00, 0x00, 0xF5, 0x00, 0x00,
    0x00, 0x00, 0xF5, 0x00, 0x00, 0x00, 0x00, 0xF5, 0x00, 0x00, 0x00, 0x00, 0xF5, 0x00, 0x00, 0x00,
    0x00, 0xF5, 0x00, 0x00, 0x00, 0x00, 0xF5, 0x00, 0x00, 0x00, 0x00, 0xF5, 0x00, 0x00, 0x00, 0x00,
    0xF5, 0x00, 0x00, 0x00, 0x00, 0xF5, 0x00, 0x00, 0xD7, 0x00, 0x02, 0xF3, 0xD7, 0x00, 0x02, 0xF3,
    0xD7, 0x00, 0x02, 0xF3, 0xD7, 0x00, 0x02, 0xF3, 0xD7, 0x00, 0x02, 0xF3, 0xD7, 0x00, 0x02, 0xF3,
    0xD7, 0x00, 0x02, 0xF3, 0xD7, 0x00, 0x02, 0xF3, 0xBA, 0x00, 0x05, 0xF1, 0x5F, 0x84, 0x6D, 0xB0,
    0x07, 0xDF, 0xE9, 0x10, 0x6E, 0x00, 0x00, 0x08, 0xC0, 0x2F, 0x30, 0x00, 0x0D, 0x80, 0x0D, 0x80,
    0x00, 0x2F, 0x30, 0x08, 0xC0, 0x00, 0x6E, 0x00, 0x04, 0xF1, 0x00, 0xA9, 0x00, 0x00, 0xE6, 0x00,
    0xE5, 0x00, 0x00, 0xAA, 0x04, 0xF1, 0x00, 0x00, 0x5E, 0x08, 0xB0, 0x00, 0x00, 0x1F, 0x3D, 0x70,
    0x00, 0x00, 0x0B, 0xAF, 0x20, 0x00, 0x00, 0x07, 0xFD, 0x00, 0x00, 0xB9, 0x00, 0x00, 0x04, 0xF1,
    0x9B, 0x00, 0x00, 0x05, 0xF0, 0x7D, 0x00, 0x42, 0x07, 0xD0, 0x5E, 0x02, 0xF8, 0x09, 0xB0, 0x3F,
    0x15, 0xCB, 0x0A, 0x90, 0x1F, 0x37, 0x7D, 0x0C, 0x70, 0x0E, 0x49, 0x4E, 0x0E, 0x50, 0x0C, 0x6C,
    0x2C, 0x3F, 0x30, 0x0B, 0x8E, 0x0A, 0x7F, 0x10, 0x09, 0xBD, 0x07, 0xBF, 0x00, 0x07, 0xFB, 0x05,
    0xFD, 0x00, 0x2F, 0x50, 0x00, 0x1E, 0x80, 0x07, 0xD1, 0x00, 0x8D, 0x00, 0x00, 0xD8, 0x02, 0xF4,
    0x00, 0x00, 0x4F, 0x2B, 0xA0, 0x00, 0x00, 0x09, 0xDE, 0x10, 0x00, 0x00, 0x02, 0xF8, 0x00, 0x00,
    0x00, 0x08, 0xED, 0x10, 0x00, 0x00, 0x3F, 0x3C, 0x90, 0x00, 0x00, 0xC9, 0x03, 0xF3, 0x00, 0x07,
    0xE1, 0x00, 0x9C, 0x00, 0x2E, 0x60, 0x00, 0x1E, 0x70, 0x7E, 0x10, 0x00, 0x08, 0xD0, 0x1D, 0x70,
    0x00, 0x2F, 0x50, 0x06, 0xE1, 0x00, 0x9C, 0x00, 0x00, 0xD7, 0x02, 0xF4, 0x00, 0x00, 0x5E, 0x19,
    0xB0, 0x00, 0x00, 0x0C, 0xAF, 0x30, 0x00, 0x00, 0x04, 0xFA, 0x00, 0x00, 0x00, 0x00, 0xF6, 0x00,
    0x00, 0x00, 0x00, 0xF5, 0x00, 0x00, 0x00, 0x00, 0xF5, 0x00, 0x00, 0x00, 0x00, 0xF5, 0x00, 0x00,
    0xCF, 0xFF, 0xFF, 0xF2, 0x34, 0x44, 0x4B, 0xE1, 0x00, 0x00, 0x3F, 0x50, 0x00, 0x00, 0xCB, 0x00,
    0x00, 0x06, 0xE2, 0x00, 0x00, 0x2E, 0x60, 0x00, 0x00, 0xBC, 0x00, 0x00, 0x05, 0xF3, 0x00, 0x00,
    0x1E, 0x80, 0x00, 0x00, 0x9E, 0x44, 0x44, 0x41, 0xCF, 0xFF, 0xFF, 0xF4, 0x0C, 0xCC, 0xC8, 0x0F,
    0xA7, 0x75, 0x0F, 0x40, 0x00, 0x0F, 0x40, 0x00, 0x0F, 0x40, 0x00, 0x0F, 0x40, 0x00, 0x0F, 0x40,
    0x00, 0x0F, 0x40, 0x00, 0x0F, 0x40, 0x00, 0x0F, 0x40, 0x00, 0x0F, 0x40, 0x00, 0x0F, 0x40, 0x00,
    0x0F, 0x40, 0x00, 0x0F, 0xA8, 0x86, 0x0B, 0xBB, 0xB8, 0x38, 0x00, 0x00, 0x00, 0x00, 0x1E, 0x60,
    0x00, 0x00, 0x00, 0x08, 0xD0, 0x00, 0x00, 0x00, 0x01, 0xF5, 0x00, 0x00, 0x00, 0x00, 0x9C, 0x00,
    0x00, 0x00, 0x00, 0x2F, 0x40, 0x00, 0x00, 0x00, 0x0A, 0xA0, 0x00, 0x00, 0x00, 0x03, 0xF2, 0x00,
    0x00, 0x00, 0x00, 0xB9, 0x00, 0x00, 0x00, 0x00, 0x4F, 0x20, 0x00, 0x00, 0x00, 0x0C, 0x80, 0x00,
    0x00, 0x00, 0x05, 0xE1, 0x00, 0x00, 0x00, 0x00, 0xD7, 0x00, 0x00, 0x00, 0x00, 0x7D, 0x00, 0x00,
    0x00, 0x00, 0x16, 0x20, 0x4C, 0xCC, 0xC5, 0x37, 0x77, 0xE6, 0x00, 0x00, 0xE6, 0x00, 0x00, 0xE6,
    0x00, 0x00, 0xE6, 0x00, 0x00, 0xE6, 0x00, 0x00, 0xE6, 0x00, 0x00, 0xE6, 0x00, 0x00, 0xE6, 0x00,
    0x00, 0xE6, 0x00, 0x00, 0xE6, 0x00, 0x00, 0xE6, 0x00, 0x00, 0xE6, 0x38, 0x88, 0xF6, 0x4B, 0xBB,
    0xB4, 0x00, 0x6F, 0xC0, 0x00, 0x00, 0xD8, 0xF4, 0x00, 0x05, 0xE1, 0xAA, 0x00, 0x0B, 0x90, 0x3F,
    0x20, 0x2B, 0x30, 0x0A, 0x60, 0x3F, 0xFF, 0xFF, 0xFF, 0x90, 0x14, 0x44, 0x44, 0x44, 0x20, 0x2F,
    0x70, 0x00, 0x08, 0xE0, 0x00, 0x01, 0xE6, 0x00, 0x00, 0x8D, 0x00, 0x00, 0x18, 0x20, 0x01, 0xFF,
    0xEB, 0x30, 0x00, 0x01, 0x44, 0x6B, 0xF2, 0x00, 0x00, 0x00, 0x00, 0xD7, 0x00, 0x00, 0x69, 0xAA,
    0xD9, 0x00, 0x0B, 0xC6, 0x55, 0xD9, 0x00, 0x2F, 0x20, 0x00, 0xD9, 0x00, 0x1F, 0x94, 0x5B, 0xCA,
    0x20, 0x06, 0xDF, 0xD7, 0x7F, 0xF0, 0x00, 0x00, 0x00, 0x01, 0x00, 0xAA, 0x00, 0x00, 0x00, 0xAA,
    0x00, 0x00, 0x00, 0xAA, 0x00, 0x00, 0x00, 0xAA, 0x00, 0x00, 0x00, 0xAA, 0x8E, 0xFC, 0x30, 0xAD,
    0xA5, 0x5B, 0xE1, 0xAD, 0x00, 0x01, 0xE6, 0xAB, 0x00, 0x00, 0xD8, 0xAA, 0x00, 0x00, 0xE7, 0xAA,
    0x00, 0x06, 0xF2, 0xAC, 0x45, 0x9F, 0x70, 0x9E, 0xFE, 0xB4, 0x00, 0x03, 0xBE, 0xFD, 0x70, 0x3F,
    0xB5, 0x48, 0xF4, 0xAC, 0x00, 0x00, 0x20, 0xD8, 0x00, 0x00, 0x00, 0xD8, 0x00, 0x00, 0x00, 0xAD,
    0x10, 0x00, 0x00, 0x3E, 0xC6, 0x45, 0x60, 0x03, 0xAE, 0xFE, 0xD1, 0x00, 0x00, 0x00, 0x5F, 0x00,
    0x00, 0x00, 0x5F, 0x00, 0x00, 0x00, 0x5F, 0x00, 0x00, 0x00, 0x5F, 0x01, 0x9E, 0xFB, 0x6F, 0x09,
    0xE7, 0x48, 0xDF, 0x0F, 0x70, 0x00, 0x9F, 0x2F, 0x30, 0x00, 0x6F, 0x2F, 0x30, 0x00, 0x6F, 0x1F,
    0x60, 0x00, 0x9F, 0x0A, 0xE6, 0x48, 0xCF, 0x01, 0x9E, 0xFB, 0x4F, 0x00, 0x00, 0x00, 0x00, 0x05,
    0xDF, 0xEA, 0x10, 0x5F, 0x94, 0x5C, 0xB0, 0xBA, 0x00, 0x03, 0xF1, 0xEF, 0xFF, 0xFF, 0xF2, 0xE6,
    0x00, 0x00, 0x00, 0xBB, 0x00, 0x00, 0x00, 0x3F, 0xC6, 0x45, 0x40, 0x03, 0xBE, 0xFE, 0x90, 0x00,
    0x00, 0x3B, 0xFF, 0x90, 0x00, 0x01, 0xEB, 0x54, 0x30, 0x00, 0x07, 0xE1, 0x00, 0x00, 0x00, 0x0A,
    0xB0, 0x00, 0x00, 0x00, 0x0B, 0xA0, 0x00, 0x00, 0x24, 0x4C, 0xB4, 0x44, 0x00, 0x6F, 0xFF, 0xFF,
    0xFF, 0x20, 0x00, 0x0B, 0xA0, 0x00, 0x00, 0x00, 0x0B, 0xA0, 0x00, 0x00, 0x00, 0x0B, 0xA0, 0x00,
    0x00, 0x00, 0x0B, 0xA0, 0x00, 0x00, 0x00, 0x0B, 0xA0, 0x00, 0x00, 0x01, 0x9E, 0xFB, 0x5F, 0x09,
    0xE7, 0x48, 0xDF, 0x0F, 0x70, 0x00, 0x9F, 0x2F, 0x30, 0x00, 0x6F, 0x2F, 0x30, 0x00, 0x6F, 0x1F,
    0x60, 0x00, 0x9F, 0x0A, 0xE6, 0x48, 0xDF, 0x01, 0x9E, 0xFA, 0x6F, 0x00, 0x00, 0x00, 0x6E, 0x00,
    0x00, 0x00, 0xBB, 0x02, 0x45, 0x6B, 0xF4, 0x08, 0xFE, 0xDA, 0x30, 0x9B, 0x00, 0x00, 0x00, 0x9B,
    0x00, 0x00, 0x00, 0x9B, 0x00, 0x00, 0x00, 0x9B, 0x00, 0x00, 0x00, 0x9B, 0x8E, 0xFB, 0x20, 0x9D,
    0xA4, 0x5D, 0xB0, 0x9E, 0x00, 0x06, 0xF0, 0x9B, 0x00, 0x05, 0xF0, 0x9B, 0x00, 0x05, 0xF0, 0x9B,
    0x00, 0x05, 0xF0, 0x9B, 0x00, 0x05, 0xF0, 0x9B, 0x00, 0x05, 0xF0, 0x00, 0x03, 0x60, 0x00, 0x00,
    0x0C, 0xF2, 0x00, 0x00, 0x03, 0x60, 0x00, 0x00, 0x00, 0x00, 0x00, 0x3F, 0xFF, 0xE0, 0x00, 0x14,
    0x49, 0xE0, 0x00, 0x00, 0x07, 0xE0, 0x00, 0x00, 0x07, 0xE0, 0x00, 0x00, 0x07, 0xE0, 0x00, 0x00,
    0x07, 0xE0, 0x00, 0x34, 0x49, 0xE4, 0x42, 0xAF, 0xFF, 0xFF, 0xF8, 0x00, 0x00, 0x45, 0x00, 0x00,
    0x00, 0xEF, 0x10, 0x00, 0x00, 0x45, 0x00, 0x00, 0x00, 0x00, 0x00, 0x0D, 0xFF, 0xFD, 0x00, 0x03,
    0x44, 0x9D, 0x00, 0x00, 0x00, 0x7D, 0x00, 0x00, 0x00, 0x7D, 0x00, 0x00, 0x00, 0x7D, 0x00, 0x00,
    0x00, 0x7E, 0x00, 0x00, 0x00, 0x7D, 0x00, 0x00, 0x00, 0x7D, 0x00, 0x00, 0x00, 0x8C, 0x00, 0x00,
    0x01, 0xD9, 0x00, 0x35, 0x7D, 0xE2, 0x00, 0x8E, 0xC8, 0x20, 0x00, 0xAA, 0x00, 0x00, 0x00, 0xAA,
    0x00, 0x00, 0x00, 0xAA, 0x00, 0x00, 0x00, 0xAA, 0x00, 0x00, 0x00, 0xAA, 0x00, 0x03, 0xF3, 0xAA,
    0x00, 0x07, 0xE0, 0xAA, 0x00, 0x1D, 0x90, 0xAB, 0x46, 0xDE, 0x20, 0xAF, 0xFE, 0xEA, 0x00, 0xAA,
    0x00, 0x5F, 0x40, 0xAA, 0x00, 0x0B, 0xD1, 0xAA, 0x00, 0x02, 0xF8, 0x3F, 0xFF, 0xB0, 0x00, 0x00,
    0x14, 0x4B, 0xB0, 0x00, 0x00, 0x00, 0x0A, 0xB0, 0x00, 0x00, 0x00, 0x0A, 0xB0, 0x00, 0x00, 0x00,
    0x0A, 0xB0, 0x00, 0x00, 0x00, 0x0A, 0xB0, 0x00, 0x00, 0x00, 0x0A, 0xB0, 0x00, 0x00, 0x00, 0x0A,
    0xB0, 0x00, 0x00, 0x00, 0x0A, 0xB0, 0x00, 0x00, 0x00, 0x09, 0xC0, 0x00, 0x00, 0x00, 0x05, 0xF7,
    0x46, 0x20, 0x00, 0x00, 0x9E, 0xFD, 0x30, 0x1F, 0x8E, 0xC6, 0xED, 0x20, 0x1F, 0x81, 0xE7, 0x1F,
    0x60, 0x1F, 0x50, 0xE4, 0x0E, 0x70, 0x1F, 0x40, 0xE4, 0x0E, 0x70, 0x1F, 0x40, 0xE4, 0x0E, 0x70,
    0x1F, 0x40, 0xE4, 0x0E, 0x70, 0x1F, 0x40, 0xE4, 0x0E, 0x70, 0x1F, 0x40, 0xE4, 0x0E, 0x70, 0x9A,
    0x8E, 0xFB, 0x20, 0x9E, 0xA4, 0x5D, 0xB0, 0x9D, 0x00, 0x06, 0xF0, 0x9B, 0x00, 0x05, 0xF0, 0x9B,
    0x00, 0x05, 0xF0, 0x9B, 0x00, 0x05, 0xF0, 0x9B, 0x00, 0x05, 0xF0, 0x9B, 0x00, 0x05, 0xF0, 0x05,
    0xCF, 0xE9, 0x10, 0x4F, 0xA4, 0x6E, 0x90, 0xAC, 0x00, 0x06, 0xF1, 0xD9, 0x00, 0x03, 0xF3, 0xD9,
    0x00, 0x03, 0xF3, 0xAC, 0x00, 0x06, 0xF1, 0x4F, 0x94, 0x6E, 0x90, 0x05, 0xCF, 0xE9, 0x10, 0x99,
    0x7E, 0xFC, 0x30, 0x9D, 0xB5, 0x5C, 0xE1, 0x9E, 0x10, 0x01, 0xF6, 0x9B, 0x00, 0x00, 0xC8, 0x9B,
    0x00, 0x00, 0xC8, 0x9E, 0x10, 0x01, 0xF6, 0x9D, 0xB5, 0x5C, 0xE1, 0x9B, 0x6E, 0xFC, 0x40, 0x9B,
    0x00, 0x00, 0x00, 0x9B, 0x00, 0x00, 0x00, 0x9B, 0x00, 0x00, 0x00, 0x9B, 0x00, 0x00, 0x00, 0x00,
    0x9E, 0xFB, 0x5F, 0x09, 0xF7, 0x47, 0xCF, 0x0E, 0x70, 0x00, 0x8F, 0x2F, 0x30, 0x00, 0x5F, 0x2F,
    0x30, 0x00, 0x6F, 0x1F, 0x70, 0x00, 0x7F, 0x09, 0xE7, 0x46, 0xDF, 0x01, 0x9E, 0xFB, 0x7F, 0x00,
    0x00, 0x00, 0x5F, 0x00, 0x00, 0x00, 0x5F, 0x00, 0x00, 0x00, 0x5F, 0x00, 0x00, 0x00, 0x5F, 0x0F,
    0xFC, 0x3D, 0xFC, 0x30, 0x04, 0x8D, 0xB6, 0x5D, 0xB0, 0x00, 0x6F, 0x50, 0x07, 0xE0, 0x00, 0x6F,
    0x10, 0x00, 0x00, 0x00, 0x6F, 0x00, 0x00, 0x00, 0x00, 0x6F, 0x00, 0x00, 0x00, 0x14, 0x8F, 0x44,
    0x10, 0x00, 0x5F, 0xFF, 0xFF, 0x20, 0x00, 0x07, 0xCE, 0xFF, 0xB0, 0x6F, 0x85, 0x44, 0x40, 0x8D,
    0x10, 0x00, 0x00, 0x2D, 0xEB, 0x73, 0x00, 0x00, 0x47, 0xBF, 0x90, 0x00, 0x00, 0x06, 0xF1, 0x45,
    0x44, 0x5C, 0xE0, 0x8E, 0xFF, 0xEB, 0x30, 0x00, 0x18, 0x10, 0x00, 0x00, 0x00, 0x2F, 0x30, 0x00,
    0x00, 0x00, 0x2F, 0x30, 0x00, 0x00, 0x6F, 0xFF, 0xFF, 0xFF, 0x00, 0x14, 0x6F, 0x64, 0x44, 0x00,
    0x00, 0x2F, 0x30, 0x00, 0x00, 0x00, 0x3F, 0x40, 0x00, 0x00, 0x00, 0x2F, 0x30, 0x00, 0x00, 0x00,
    0x1F, 0x50, 0x00, 0x00, 0x00, 0x0C, 0xD5, 0x45, 0x10, 0x00, 0x02, 0xBE, 0xFE, 0x30, 0xC8, 0x00,
    0x09, 0xC0, 0xC8, 0x00, 0x09, 0xC0, 0xC8, 0x00, 0x09, 0xC0, 0xC8, 0x00, 0x09, 0xC0, 0xC8, 0x00,
    0x0B, 0xC0, 0xC9, 0x00, 0x0C, 0xC0, 0x8F, 0x64, 0x9A, 0xC2, 0x1A, 0xEE, 0x77, 0xFE, 0x00, 0x00,
    0x00, 0x10, 0x2F, 0x50, 0x00, 0x0E, 0x70, 0x0B, 0xA0, 0x00, 0x5F, 0x20, 0x05, 0xF1, 0x00, 0xAB,
    0x00, 0x00, 0xE6, 0x01, 0xF5, 0x00, 0x00, 0x9C, 0x06, 0xE0, 0x00, 0x00, 0x3F, 0x3C, 0x80, 0x00,
    0x00, 0x0C, 0xBF, 0x30, 0x00, 0x00, 0x06, 0xFC, 0x00, 0x00, 0x5E, 0x02, 0xF6, 0x09, 0xA0, 0x3F,
    0x15, 0xD8, 0x0B, 0x80, 0x1F, 0x37, 0x8A, 0x0D, 0x50, 0x0E, 0x49, 0x3C, 0x0F, 0x30, 0x0C, 0x6C,
    0x1C, 0x3F, 0x10, 0x0A, 0x8D, 0x0A, 0x7D, 0x00, 0x08, 0xBB, 0x08, 0xBB, 0x00, 0x06, 0xF9, 0x05,
    0xF8, 0x00, 0x0B, 0xC0, 0x00, 0x6E, 0x20, 0x01, 0xD9, 0x03, 0xF5, 0x00, 0x00, 0x3F, 0x5D, 0x80,
    0x00, 0x00, 0x07, 0xFC, 0x00, 0x00, 0x00, 0x06, 0xFC, 0x00, 0x00, 0x00, 0x3F, 0x5D, 0x90, 0x00,
    0x01, 0xD8, 0x03, 0xF5, 0x00, 0x0B, 0xC0, 0x00, 0x7E, 0x20, 0x4F, 0x20, 0x00, 0x0E, 0x70, 0x0D,
    0x80, 0x00, 0x4F, 0x20, 0x07, 0xE0, 0x00, 0x9C, 0x00, 0x01, 0xE5, 0x00, 0xD7, 0x00, 0x00, 0x9C,
    0x03, 0xF1, 0x00, 0x00, 0x2F, 0x38, 0xB0, 0x00, 0x00, 0x0B, 0x9D, 0x60, 0x00, 0x00, 0x05, 0xFF,
    0x10, 0x00, 0x00, 0x00, 0xAA, 0x00, 0x00, 0x00, 0x05, 0xF3, 0x00, 0x00, 0x26, 0xAF, 0x70, 0x00,
    0x00, 0x5D, 0xB5, 0x00, 0x00, 0x00, 0xAF, 0xFF, 0xFF, 0xD0, 0x24, 0x44, 0x5F, 0xA0, 0x00, 0x01,
    0xCB, 0x00, 0x00, 0x0B, 0xC1, 0x00, 0x00, 0xAD, 0x20, 0x00, 0x08, 0xE3, 0x00, 0x00, 0x6F, 0x84,
    0x44, 0x40, 0xAF, 0xFF, 0xFF, 0xF0, 0x00, 0x18, 0xA6, 0x00, 0xDE, 0x96, 0x03, 0xF4, 0x00, 0x01,
    0xF5, 0x00, 0x00, 0xAA, 0x00, 0x00, 0x8D, 0x00, 0x48, 0xE8, 0x00, 0xED, 0x70, 0x00, 0x03, 0xCB,
    0x00, 0x00, 0x8D, 0x00, 0x00, 0xC9, 0x00, 0x01, 0xF5, 0x00, 0x03, 0xF4, 0x00, 0x00, 0xDC, 0x64,
    0x00, 0x3A, 0xD8, 0x83, 0xF5, 0xF5, 0xF5, 0xF5, 0xF5, 0xF5, 0xF5, 0xF5, 0xF5, 0xF5, 0xF5, 0xF5,
    0xF5, 0xF5, 0xF5, 0x73, 0x29, 0x94, 0x00, 0x00, 0x29, 0xCF, 0x40, 0x00, 0x00, 0x0D, 0x80, 0x00,
    0x00, 0x0E, 0x60, 0x00, 0x00, 0x4F, 0x10, 0x00, 0x00, 0x7E, 0x00, 0x00, 0x00, 0x3E, 0xA5, 0x10,
    0x00, 0x04, 0xBF, 0x50, 0x00, 0x5F, 0x51, 0x00, 0x00, 0x7E, 0x00, 0x00, 0x00, 0x4F, 0x20, 0x00,
    0x00, 0x0E, 0x70, 0x00, 0x00, 0x0D, 0x80, 0x00, 0x16, 0x9F, 0x50, 0x00, 0x3C, 0xC6, 0x00, 0x00,
    0x04, 0xA9, 0x20, 0x0B, 0x80, 0x0E, 0xCA, 0xF7, 0x2D, 0x70, 0x2F, 0x30, 0x3D, 0xFE, 0x20, 0x18,
    0x10, 0x00, 0x21, 0x00,
};
static const hp_glyph plua_glyphs_cascadia_24[95] = {
    {0, 0, 0, 0, 15, 0},
    {4, 17, 5, 6, 15, 0},
    {8, 8, 3, 6, 15, 34},
    {12, 17, 1, 6, 15, 66},
    {12, 25, 1, 2, 15, 168},
    {14, 17, 0, 6, 15, 318},
    {15, 17, 0, 6, 15, 437},
    {4, 8, 5, 6, 15, 573},
    {9, 22, 3, 4, 15, 589},
    {9, 22, 3, 4, 15, 699},
    {12, 11, 1, 9, 15, 809},
    {12, 13, 1, 8, 15, 875},
    {4, 8, 5, 20, 15, 953},
    {12, 2, 1, 14, 15, 969},
    {4, 3, 5, 20, 15, 981},
    {13, 22, 1, 4, 15, 987},
    {12, 17, 1, 6, 15, 1141},
    {11, 17, 2, 6, 15, 1243},
    {12, 17, 1, 6, 15, 1345},
    {12, 17, 1, 6, 15, 1447},
    {14, 17, 0, 6, 15, 1549},
    {12, 17, 1, 6, 15, 1668},
    {12, 17, 1, 6, 15, 1770},
    {13, 17, 1, 6, 15, 1872},
    {12, 17, 1, 6, 15, 1991},
    {12, 17, 1, 6, 15, 2093},
    {4, 12, 5, 11, 15, 2195},
    {4, 17, 5, 11, 15, 2219},
    {12, 13, 1, 8, 15, 2253},
    {12, 8, 1, 11, 15, 2331},
    {12, 13, 1, 8, 15, 2379},
    {11, 17, 2, 6, 15, 2457},
    {12, 20, 1, 6, 15, 2559},
    {14, 17, 0, 6, 15, 2679},
    {13, 17, 1, 6, 15, 2798},
    {13, 17, 1, 6, 15, 2917},
    {13, 17, 1, 6, 15, 3036},
    {12, 17, 1, 6, 15, 3155},
    {12, 17, 1, 6, 15, 3257},
    {13, 17, 1, 6, 15, 3359},
    {12, 17, 1, 6, 15, 3478},
    {10, 17, 2, 6, 15, 3580},
    {12, 17, 1, 6, 15, 3665},
    {13, 17, 1, 6, 15, 3767},
    {12, 17, 1, 6, 15, 3886},
    {12, 17, 1, 6, 15, 3988},
    {12, 17, 1, 6, 15, 4090},
    {14, 17, 0, 6, 15, 4192},
    {13, 17, 1, 6, 15, 4311},
    {14, 23, 0, 6, 15, 4430},
    {13, 17, 1, 6, 15, 4591},
    {12, 17, 1, 6, 15, 4710},
    {13, 17, 1, 6, 15, 4812},
    {12, 17, 1, 6, 15, 4931},
    {14, 17, 0, 6, 15, 5033},
    {14, 17, 0, 6, 15, 5152},
    {14, 17, 0, 6, 15, 5271},
    {14, 17, 0, 6, 15, 5390},
    {12, 17, 1, 6, 15, 5509},
    {8, 23, 3, 3, 15, 5611},
    {13, 22, 1, 4, 15, 5703},
    {8, 23, 3, 3, 15, 5857},
    {10, 7, 2, 6, 15, 5949},
    {12, 2, 1, 23, 15, 5984},
    {6, 7, 4, 6, 15, 5996},
    {13, 13, 1, 11, 15, 6017},
    {11, 18, 2, 5, 15, 6108},
    {12, 12, 1, 11, 15, 6216},
    {11, 19, 2, 5, 15, 6288},
    {12, 12, 1, 11, 15, 6402},
    {14, 18, 0, 5, 15, 6474},
    {11, 17, 2, 11, 15, 6600},
    {10, 18, 2, 5, 15, 6702},
    {12, 18, 1, 5, 15, 6792},
    {9, 23, 3, 5, 15, 6900},
    {13, 18, 1, 5, 15, 7015},
    {12, 18, 1, 5, 15, 7141},
    {12, 12, 1, 11, 15, 7249},
    {10, 12, 2, 11, 15, 7321},
    {12, 12, 1, 11, 15, 7381},
    {11, 17, 2, 11, 15, 7453},
    {11, 17, 2, 11, 15, 7555},
    {13, 12, 1, 11, 15, 7657},
    {12, 12, 1, 11, 15, 7741},
    {13, 16, 1, 7, 15, 7813},
    {13, 13, 1, 11, 15, 7925},
    {12, 12, 1, 11, 15, 8016},
    {14, 12, 0, 11, 15, 8088},
    {12, 12, 1, 11, 15, 8172},
    {13, 17, 1, 11, 15, 8244},
    {11, 12, 2, 11, 15, 8363},
    {9, 22, 3, 4, 15, 8435},
    {3, 25, 6, 2, 15, 8545},
    {9, 22, 3, 4, 15, 8595},
    {12, 6, 1, 12, 15, 8705}
};
static const unsigned char plua_bits_cascadia_24[8741] = {
    0x0F, 0xF1, 0x0E, 0xF0, 0x0E, 0xF0, 0x0E, 0xF0, 0x0E, 0xF0, 0x0E, 0xE0, 0x0E, 0xE0, 0x0D, 0xE0,
    0x0D, 0xE0, 0x0D, 0xE0, 0x0D, 0xD0, 0x0D, 0xD0, 0x00, 0x00, 0x00, 0x00, 0x2D, 0xD3, 0x7F, 0xF8,
    0x2D, 0xD3, 0x1F, 0xF2, 0x1F, 0xF2, 0x1F, 0xF2, 0x1F, 0xF2, 0x0F, 0xF1, 0x0F, 0xF1, 0x0F, 0xF1,
    0x0F, 0xF1, 0x0F, 0xF1, 0x0F, 0xF1, 0x0E, 0xF0, 0x0E, 0xF0, 0x0E, 0xF0, 0x0E, 0xF0, 0x07, 0x70,
    0x07, 0x70, 0x00, 0x0B, 0xF0, 0x00, 0x9F, 0x20, 0x00, 0x0C, 0xE0, 0x00, 0xAF, 0x10, 0x00, 0x0E,
    0xC0, 0x00, 0xBF, 0x00, 0x00, 0x0F, 0xB0, 0x00, 0xDD, 0x00, 0x8B, 0xBF, 0xEB, 0xBB, 0xFE, 0xB9,
    0xBF, 0xFF, 0xFF, 0xFF, 0xFF, 0xFC, 0x00, 0x4F, 0x70, 0x01, 0xFA, 0x00, 0x00, 0x5F, 0x60, 0x03,
    0xF8, 0x00, 0x00, 0x6F, 0x50, 0x04, 0xF7, 0x00, 0x00, 0x7F, 0x40, 0x05, 0xF6, 0x00, 0x00, 0x9F,
    0x20, 0x06, 0xF5, 0x00, 0xBF, 0xFF, 0xFF, 0xFF, 0xFF, 0xFC, 0x8B, 0xEF, 0xBB, 0xBE, 0xFC, 0xB9,
    0x00, 0xCE, 0x00, 0x0A, 0xF1, 0x00, 0x00, 0xED, 0x00, 0x0B, 0xF0, 0x00, 0x00, 0xFB, 0x00, 0x0C,
    0xD0, 0x00, 0x01, 0xFA, 0x00, 0x0E, 0xC0, 0x00, 0x00, 0x00, 0x08, 0xE0, 0x00, 0x00, 0x00, 0x00,
    0x08, 0xE0, 0x00, 0x00, 0x00, 0x00, 0x08, 0xE0, 0x00, 0x00, 0x00, 0x00, 0x08, 0xE0, 0x00, 0x00,
    0x00, 0x19, 0xDF, 0xFD, 0xA4, 0x00, 0x02, 0xDF, 0xFE, 0xFE, 0xFF, 0xA1, 0x09, 0xFB, 0x18, 0xE0,
    0x6E, 0xC1, 0x0D, 0xF3, 0x08, 0xE0, 0x02, 0x10, 0x0E, 0xF2, 0x08, 0xE0, 0x00, 0x00, 0x0C, 0xF7,
    0x08, 0xE0, 0x00, 0x00, 0x06, 0xFF, 0x89, 0xE0, 0x00, 0x00, 0x00, 0x8F, 0xFF, 0xE1, 0x00, 0x00,
    0x00, 0x04, 0xBF, 0xFE, 0x80, 0x00, 0x00, 0x00, 0x09, 0xFF, 0xFC, 0x10, 0x00, 0x00, 0x08, 0xE3,
    0xCF, 0xB0, 0x00, 0x00, 0x08, 0xE0, 0x1E, 0xF2, 0x00, 0x00, 0x08, 0xE0, 0x0C, 0xF4, 0x00, 0x00,
    0x08, 0xE0, 0x0D, 0xF3, 0x28, 0x40, 0x08, 0xE1, 0x8F, 0xE0, 0x5F, 0xFF, 0xCD, 0xFE, 0xFF, 0x50,
    0x17, 0xBD, 0xEF, 0xFD, 0x92, 0x00, 0x00, 0x00, 0x08, 0xE0, 0x00, 0x00, 0x00, 0x00, 0x08, 0xE0,
    0x00, 0x00, 0x00, 0x00, 0x08, 0xE0, 0x00, 0x00, 0x00, 0x00, 0x08, 0xE0, 0x00, 0x00, 0x00, 0x8E,
    0xFD, 0x60, 0x00, 0x00, 0x00, 0x09, 0xFE, 0xCF, 0xF6, 0x00, 0x00, 0x00, 0x1F, 0xD1, 0x02, 0xED,
    0x00, 0x00, 0x00, 0x4F, 0x80, 0x00, 0xBF, 0x10, 0x00, 0x00, 0x3F, 0xA0, 0x00, 0xDF, 0x00, 0x1B,
    0x70, 0x0D, 0xF7, 0x49, 0xFA, 0x04, 0xEF, 0x70, 0x04, 0xEF, 0xFF, 0xD2, 0x8F, 0xE4, 0x00, 0x00,
    0x16, 0x75, 0x2B, 0xFB, 0x10, 0x00, 0x00, 0x00, 0x04, 0xEF, 0x70, 0x00, 0x00, 0x00, 0x00, 0x8F,
    0xD4, 0x47, 0x73, 0x00, 0x00, 0x2C, 0xFB, 0x1A, 0xFF, 0xFF, 0x70, 0x04, 0xEF, 0x70, 0x6F, 0xC5,
    0x5D, 0xF3, 0x05, 0xD4, 0x00, 0xAF, 0x20, 0x05, 0xF7, 0x00, 0x10, 0x00, 0xBF, 0x10, 0x04, 0xF8,
    0x00, 0x00, 0x00, 0x9F, 0x60, 0x09, 0xF6, 0x00, 0x00, 0x00, 0x2E, 0xFC, 0xDF, 0xD1, 0x00, 0x00,
    0x00, 0x03, 0xBF, 0xEA, 0x20, 0x00, 0x00, 0x6C, 0xEF, 0xD8, 0x10, 0x00, 0x00, 0x00, 0x08, 0xFF,
    0xDC, 0xFF, 0xB0, 0x00, 0x00, 0x00, 0x3F, 0xF5, 0x00, 0x2E, 0xF4, 0x00, 0x00, 0x00, 0x7F, 0xA0,
    0x00, 0x09, 0xF7, 0x00, 0x00, 0x00, 0x9F, 0x80, 0x00, 0x00, 0x00, 0x00, 0x00, 0x00, 0x8F, 0xA0,
    0x00, 0x00, 0x00, 0x00, 0x00, 0x00, 0x4F, 0xE1, 0x00, 0x00, 0x00, 0x00, 0x00, 0x00, 0x0C, 0xFA,
    0x00, 0x00, 0x00, 0x00, 0x00, 0x00, 0x06, 0xFF, 0x80, 0x00, 0x3F, 0xA0, 0x00, 0x01, 0xAF, 0xFF,
    0xF7, 0x00, 0x4F, 0xA0, 0x00, 0x09, 0xFB, 0x26, 0xFF, 0x50, 0x6F, 0x80, 0x00, 0x1F, 0xE1, 0x00,
    0x7F, 0xF4, 0xAF, 0x40, 0x00, 0x4F, 0xB0, 0x00, 0x08, 0xFE, 0xFE, 0x10, 0x00, 0x3F, 0xD0, 0x00,
    0x00, 0x9F, 0xF9, 0x00, 0x00, 0x0E, 0xF7, 0x00, 0x01, 0xAF, 0xFD, 0x20, 0x00, 0x05, 0xFF, 0xEC,
    0xCF, 0xFC, 0xBF, 0xC1, 0x00, 0x00, 0x4B, 0xEF, 0xEB, 0x60, 0x1B, 0xFB, 0x10, 0x1F, 0xF2, 0x1F,
    0xF2, 0x0F, 0xF1, 0x0F, 0xF1, 0x0F, 0xF1, 0x0E, 0xF0, 0x0E, 0xF0, 0x07, 0x70, 0x00, 0x00, 0x29,
    0xDE, 0x90, 0x00, 0x07, 0xFF, 0xFC, 0x70, 0x00, 0x7F, 0xF7, 0x10, 0x00, 0x03, 0xFF, 0x40, 0x00,
    0x00, 0x0B, 0xF8, 0x00, 0x00, 0x00, 0x1F, 0xF1, 0x00, 0x00, 0x00, 0x5F, 0xB0, 0x00, 0x00, 0x00,
    0x8F, 0x80, 0x00, 0x00, 0x00, 0xAF, 0x50, 0x00, 0x00, 0x00, 0xBF, 0x40, 0x00, 0x00, 0x00, 0xCF,
    0x40, 0x00, 0x00, 0x00, 0xBF, 0x40, 0x00, 0x00, 0x00, 0xAF, 0x50, 0x00, 0x00, 0x00, 0x9F, 0x70,
    0x00, 0x00, 0x00, 0x6F, 0xA0, 0x00, 0x00, 0x00, 0x2F, 0xE1, 0x00, 0x00, 0x00, 0x0C, 0xF6, 0x00,
    0x00, 0x00, 0x05, 0xFE, 0x20, 0x00, 0x00, 0x00, 0xAF, 0xD3, 0x00, 0x00, 0x00, 0x1B, 0xFF, 0xB8,
    0x40, 0x00, 0x00, 0x6D, 0xFF, 0x90, 0x00, 0x00, 0x00, 0x24, 0x20, 0x8E, 0xD9, 0x30, 0x00, 0x00,
    0x6C, 0xFF, 0xF8, 0x00, 0x00, 0x00, 0x17, 0xEF, 0x80, 0x00, 0x00, 0x00, 0x3F, 0xF4, 0x00, 0x00,
    0x00, 0x07, 0xFC, 0x00, 0x00, 0x00, 0x01, 0xEF, 0x20, 0x00, 0x00, 0x00, 0xAF, 0x60, 0x00, 0x00,
    0x00, 0x6F, 0x90, 0x00, 0x00, 0x00, 0x4F, 0xB0, 0x00, 0x00, 0x00, 0x3F, 0xC0, 0x00, 0x00, 0x00,
    0x2F, 0xD0, 0x00, 0x00, 0x00, 0x3F, 0xD0, 0x00, 0x00, 0x00, 0x4F, 0xC0, 0x00, 0x00, 0x00, 0x6F,
    0xA0, 0x00, 0x00, 0x00, 0x9F, 0x70, 0x00, 0x00, 0x00, 0xDF, 0x30, 0x00, 0x00, 0x05, 0xFD, 0x00,
    0x00, 0x00, 0x1D, 0xF6, 0x00, 0x00, 0x03, 0xDF, 0xB0, 0x00, 0x48, 0xBF, 0xFC, 0x10, 0x00, 0x8F,
    0xFD, 0x70, 0x00, 0x00, 0x24, 0x20, 0x00, 0x00, 0x00, 0x00, 0x00, 0x0C, 0xC0, 0x00, 0x00, 0x00,
    0x00, 0x0E, 0xF0, 0x00, 0x00, 0x00, 0x00, 0x0D, 0xE0, 0x00, 0x00, 0x2D, 0x71, 0x0C, 0xD0, 0x16,
    0xD2, 0x7F, 0xFE, 0x9D, 0xD8, 0xEF, 0xF8, 0x15, 0x9E, 0xFF, 0xFF, 0xE9, 0x51, 0x00, 0x00, 0xAF,
    0xFB, 0x00, 0x00, 0x00, 0x06, 0xFB, 0xBF, 0x70, 0x00, 0x00, 0x4F, 0xE2, 0x1E, 0xF5, 0x00, 0x01,
    0xEF, 0x50, 0x04, 0xFF, 0x20, 0x00, 0x59, 0x00, 0x00, 0x86, 0x00, 0x00, 0x00, 0x04, 0x40, 0x00,
    0x00, 0x00, 0x00, 0x0F, 0xF1, 0x00, 0x00, 0x00, 0x00, 0x0F, 0xF1, 0x00, 0x00, 0x00, 0x00, 0x0F,
    0xF1, 0x00, 0x00, 0x00, 0x00, 0x0F, 0xF1, 0x00, 0x00, 0x00, 0x00, 0x0F, 0xF1, 0x00, 0x00, 0xBF,
    0xFF, 0xFF, 0xFF, 0xFF, 0xFC, 0x8B, 0xBB, 0xBF, 0xFB, 0xBB, 0xB9, 0x00, 0x00, 0x0F, 0xF1, 0x00,
    0x00, 0x00, 0x00, 0x0F, 0xF1, 0x00, 0x00, 0x00, 0x00, 0x0F, 0xF1, 0x00, 0x00, 0x00, 0x00, 0x0F,
    0xF1, 0x00, 0x00, 0x00, 0x00, 0x0F, 0xF1, 0x00, 0x00, 0x1F, 0xF2, 0x2F, 0xF0, 0x4F, 0xD0, 0x6F,
    0xA0, 0x8F, 0x80, 0x9F, 0x50, 0xBF, 0x30, 0xDF, 0x10, 0xBF, 0xFF, 0xFF, 0xFF, 0xFF, 0xFC, 0x8B,
    0xBB, 0xBB, 0xBB, 0xBB, 0xB9, 0x2D, 0xD3, 0x7F, 0xF8, 0x2D, 0xD3, 0x00, 0x00, 0x00, 0x00, 0x00,
    0xCD, 0x10, 0x00, 0x00, 0x00, 0x00, 0x06, 0xFA, 0x00, 0x00, 0x00, 0x00, 0x00, 0x0D, 0xF3, 0x00,
    0x00, 0x00, 0x00, 0x00, 0x5F, 0xB0, 0x00, 0x00, 0x00, 0x00, 0x00, 0xCF, 0x40, 0x00, 0x00, 0x00,
    0x00, 0x04, 0xFC, 0x00, 0x00, 0x00, 0x00, 0x00, 0x0B, 0xF5, 0x00, 0x00, 0x00, 0x00, 0x00, 0x3F,
    0xD0, 0x00, 0x00, 0x00, 0x00, 0x00, 0x9F, 0x60, 0x00, 0x00, 0x00, 0x00, 0x02, 0xFE, 0x10, 0x00,
    0x00, 0x00, 0x00, 0x08, 0xF7, 0x00, 0x00, 0x00, 0x00, 0x00, 0x1E, 0xE1, 0x00, 0x00, 0x00, 0x00,
    0x00, 0x7F, 0x90, 0x00, 0x00, 0x00, 0x00, 0x00, 0xEF, 0x20, 0x00, 0x00, 0x00, 0x00, 0x06, 0xFA,
    0x00, 0x00, 0x00, 0x00, 0x00, 0x0D, 0xF3, 0x00, 0x00, 0x00, 0x00, 0x00, 0x5F, 0xB0, 0x00, 0x00,
    0x00, 0x00, 0x00, 0xCF, 0x40, 0x00, 0x00, 0x00, 0x00, 0x04, 0xFC, 0x00, 0x00, 0x00, 0x00, 0x00,
    0x0B, 0xF5, 0x00, 0x00, 0x00, 0x00, 0x00, 0x3F, 0xD0, 0x00, 0x00, 0x00, 0x00, 0x00, 0x12, 0x10,
    0x00, 0x00, 0x00, 0x00, 0x00, 0x00, 0x06, 0xCF, 0xFC, 0x60, 0x00, 0x00, 0x9F, 0xFC, 0xCF, 0xFA,
    0x00, 0x05, 0xFE, 0x30, 0x03, 0xEF, 0x60, 0x0C, 0xF6, 0x00, 0x00, 0x5F, 0xD0, 0x2F, 0xE0, 0x00,
    0x00, 0x0E, 0xF3, 0x5F, 0xB0, 0x00, 0x00, 0x0A, 0xF6, 0x7F, 0x90, 0x00, 0x00, 0x08, 0xF8, 0x8F,
    0x80, 0x3E, 0xE4, 0x07, 0xF9, 0x8F, 0x80, 0x8F, 0xF9, 0x07, 0xF9, 0x8F, 0x80, 0x4F, 0xF4, 0x07,
    0xF9, 0x7F, 0x90, 0x01, 0x10, 0x08, 0xF8, 0x5F, 0xB0, 0x00, 0x00, 0x0A, 0xF6, 0x2F, 0xE0, 0x00,
    0x00, 0x0D, 0xF3, 0x0D, 0xF5, 0x00, 0x00, 0x4F, 0xD0, 0x06, 0xFE, 0x30, 0x02, 0xDF, 0x70, 0x00,
    0xAF, 0xFC, 0xCF, 0xFB, 0x00, 0x00, 0x06, 0xCF, 0xFC, 0x70, 0x00, 0x01, 0x5A, 0xFF, 0x60, 0x00,
    0x00, 0x7E, 0xFF, 0xFF, 0x60, 0x00, 0x00, 0xAF, 0xA5, 0xAF, 0x60, 0x00, 0x00, 0x31, 0x00, 0x9F,
    0x60, 0x00, 0x00, 0x00, 0x00, 0x9F, 0x60, 0x00, 0x00, 0x00, 0x00, 0x9F, 0x60, 0x00, 0x00, 0x00,
    0x00, 0x9F, 0x60, 0x00, 0x00, 0x00, 0x00, 0x9F, 0x60, 0x00, 0x00, 0x00, 0x00, 0x9F, 0x60, 0x00,
    0x00, 0x00, 0x00, 0x9F, 0x60, 0x00, 0x00, 0x00, 0x00, 0x9F, 0x60, 0x00, 0x00, 0x00, 0x00, 0x9F,
    0x60, 0x00, 0x00, 0x00, 0x00, 0x9F, 0x60, 0x00, 0x00, 0x00, 0x00, 0x9F, 0x60, 0x00, 0x00, 0x00,
    0x00, 0x9F, 0x60, 0x00, 0x00, 0xAB, 0xBB, 0xEF, 0xDB, 0xBB, 0x30, 0xEF, 0xFF, 0xFF, 0xFF, 0xFF,
    0x40, 0x00, 0x4A, 0xEF, 0xEC, 0x60, 0x00, 0x1A, 0xFF, 0xEC, 0xDF, 0xFA, 0x00, 0x6F, 0xD4, 0x00,
    0x04, 0xEF, 0x50, 0x07, 0x10, 0x00, 0x00, 0x7F, 0xA0, 0x00, 0x00, 0x00, 0x00, 0x4F, 0xC0, 0x00,
    0x00, 0x00, 0x00, 0x3F, 0xC0, 0x00, 0x00, 0x00, 0x00, 0x6F, 0xA0, 0x00, 0x00, 0x00, 0x00, 0xAF,
    0x70, 0x00, 0x00, 0x00, 0x02, 0xFF, 0x10, 0x00, 0x00, 0x00, 0x0B, 0xF8, 0x00, 0x00, 0x00, 0x00,
    0x8F, 0xC1, 0x00, 0x00, 0x00, 0x08, 0xFD, 0x20, 0x00, 0x00, 0x01, 0xAF, 0xD2, 0x00, 0x00, 0x00,
    0x4D, 0xFB, 0x10, 0x00, 0x00, 0x19, 0xFE, 0x60, 0x00, 0x00, 0x00, 0x2F, 0xFE, 0xBB, 0xBB, 0xBB,
    0xB6, 0x2F, 0xFF, 0xFF, 0xFF, 0xFF, 0xF8, 0x00, 0x39, 0xDF, 0xFD, 0x92, 0x00, 0x09, 0xFF, 0xEC,
    0xCF, 0xFE, 0x20, 0x3E, 0xE6, 0x00, 0x01, 0xCF, 0x90, 0x03, 0x20, 0x00, 0x00, 0x5F, 0xC0, 0x00,
    0x00, 0x00, 0x00, 0x4F, 0xB0, 0x00, 0x00, 0x00, 0x00, 0xBF, 0x50, 0x00, 0x00, 0x00, 0x2B, 0xF8,
    0x00, 0x00, 0x04, 0x7B, 0xFB, 0x40, 0x00, 0x00, 0x0B, 0xFF, 0xFC, 0x71, 0x00, 0x00, 0x01, 0x13,
    0x6C, 0xFD, 0x20, 0x00, 0x00, 0x00, 0x00, 0x9F, 0xB0, 0x00, 0x00, 0x00, 0x00, 0x1F, 0xF1, 0x00,
    0x00, 0x00, 0x00, 0x0E, 0xF2, 0x00, 0x00, 0x00, 0x00, 0x3F, 0xF1, 0x03, 0x00, 0x00, 0x04, 0xDF,
    0xA0, 0x0F, 0xFC, 0xBC, 0xEF, 0xFC, 0x10, 0x19, 0xCE, 0xFF, 0xEB, 0x60, 0x00, 0x00, 0x01, 0x10,
    0x00, 0x0B, 0xF4, 0x00, 0x00, 0x0D, 0xF2, 0x00, 0x0B, 0xF4, 0x00, 0x00, 0x1F, 0xE0, 0x00, 0x0B,
    0xF4, 0x00, 0x00, 0x4F, 0xC0, 0x00, 0x0B, 0xF4, 0x00, 0x00, 0x7F, 0x90, 0x00, 0x0B, 0xF4, 0x00,
    0x00, 0xAF, 0x60, 0x00, 0x0B, 0xF4, 0x00, 0x00, 0xCF, 0x30, 0x00, 0x0B, 0xF4, 0x00, 0x00, 0xFF,
    0x10, 0x00, 0x0B, 0xF4, 0x00, 0x03, 0xFD, 0x00, 0x00, 0x0B, 0xF4, 0x00, 0x06, 0xFA, 0x00, 0x00,
    0x0B, 0xF4, 0x00, 0x09, 0xF7, 0x00, 0x00, 0x0B, 0xF4, 0x00, 0x0B, 0xFD, 0xBB, 0xBB, 0xBE, 0xFC,
    0xB0, 0x0E, 0xFF, 0xFF, 0xFF, 0xFF, 0xFF, 0xF0, 0x00, 0x00, 0x00, 0x00, 0x0B, 0xF4, 0x00, 0x00,
    0x00, 0x00, 0x00, 0x0B, 0xF4, 0x00, 0x00, 0x00, 0x00, 0x00, 0x0B, 0xF4, 0x00, 0x00, 0x00, 0x00,
    0x00, 0x0B, 0xF4, 0x00, 0x02, 0xFF, 0xFF, 0xFF, 0xFF, 0xA0, 0x02, 0xFF, 0xBB, 0xBB, 0xBB, 0x80,
    0x03, 0xFD, 0x00, 0x00, 0x00, 0x00, 0x03, 0xFC, 0x00, 0x00, 0x00, 0x00, 0x03, 0xFC, 0x00, 0x00,
    0x00, 0x00, 0x04, 0xFB, 0x00, 0x00, 0x00, 0x00, 0x04, 0xFD, 0xAE, 0xFF, 0xC6, 0x00, 0x05, 0xFF,
    0xEC, 0xBD, 0xFF, 0x80, 0x04, 0xB6, 0x00, 0x00, 0x7F, 0xF3, 0x00, 0x00, 0x00, 0x00, 0x0A, 0xF8,
    0x00, 0x00, 0x00, 0x00, 0x05, 0xFA, 0x00, 0x00, 0x00, 0x00, 0x04, 0xFB, 0x5E, 0xA0, 0x00, 0x00,
    0x06, 0xFA, 0x3F, 0xE1, 0x00, 0x00, 0x0B, 0xF7, 0x0C, 0xFB, 0x10, 0x00, 0x8F, 0xE1, 0x03, 0xEF,
    0xFC, 0xCE, 0xFF, 0x40, 0x00, 0x18, 0xDF, 0xFD, 0x92, 0x00, 0x00, 0x00, 0x01, 0x6A, 0xCE, 0x40,
    0x00, 0x00, 0x8E, 0xFF, 0xEC, 0x40, 0x00, 0x1C, 0xFE, 0x83, 0x00, 0x00, 0x00, 0xAF, 0xC2, 0x00,
    0x00, 0x00, 0x05, 0xFD, 0x10, 0x00, 0x00, 0x00, 0x0B, 0xF5, 0x00, 0x00, 0x00, 0x00, 0x1F, 0xE0,
    0x39, 0xCC, 0x93, 0x00, 0x4F, 0xC5, 0xFF, 0xEF, 0xFF, 0x60, 0x5F, 0xCC, 0x50, 0x01, 0x9F, 0xF2,
    0x6F, 0xF3, 0x00, 0x00, 0x0B, 0xF8, 0x6F, 0xC0, 0x00, 0x00, 0x06, 0xFA, 0x6F, 0xA0, 0x00, 0x00,
    0x04, 0xFB, 0x5F, 0xB0, 0x00, 0x00, 0x06, 0xFA, 0x2F, 0xF1, 0x00, 0x00, 0x0B, 0xF7, 0x0B, 0xFC,
    0x20, 0x00, 0x8F, 0xE1, 0x02, 0xEF, 0xFC, 0xCE, 0xFF, 0x50, 0x00, 0x18, 0xDF, 0xFD, 0x92, 0x00,
    0xBF, 0xFF, 0xFF, 0xFF, 0xFF, 0xFF, 0x30, 0xBF, 0xDB, 0xBB, 0xBB, 0xBD, 0xFD, 0x00, 0xAF, 0x50,
    0x00, 0x00, 0x0A, 0xF8, 0x00, 0xAF, 0x50, 0x00, 0x00, 0x0E, 0xF3, 0x00, 0xAF, 0x50, 0x00, 0x00,
    0x5F, 0xD0, 0x00, 0x8B, 0x40, 0x00, 0x00, 0xAF, 0x80, 0x00, 0x00, 0x00, 0x00, 0x00, 0xEF, 0x30,
    0x00, 0x00, 0x00, 0x00, 0x04, 0xFD, 0x00, 0x00, 0x00, 0x00, 0x00, 0x09, 0xF8, 0x00, 0x00, 0x00,
    0x00, 0x00, 0x0E, 0xF3, 0x00, 0x00, 0x00, 0x00, 0x00, 0x4F, 0xD0, 0x00, 0x00, 0x00, 0x00, 0x00,
    0x9F, 0x80, 0x00, 0x00, 0x00, 0x00, 0x00, 0xEF, 0x40, 0x00, 0x00, 0x00, 0x00, 0x04, 0xFD, 0x00,
    0x00, 0x00, 0x00, 0x00, 0x09, 0xF9, 0x00, 0x00, 0x00, 0x00, 0x00, 0x0E, 0xF4, 0x00, 0x00, 0x00,
    0x00, 0x00, 0x4F, 0xE0, 0x00, 0x00, 0x00, 0x00, 0x29, 0xDF, 0xFD, 0x92, 0x00, 0x03, 0xEF, 0xFC,
    0xCE, 0xFE, 0x40, 0x0B, 0xFB, 0x10, 0x01, 0xAF, 0xC0, 0x0F, 0xF2, 0x00, 0x00, 0x1F, 0xF1, 0x1F,
    0xE0, 0x00, 0x00, 0x0D, 0xF2, 0x0D, 0xF2, 0x00, 0x00, 0x1F, 0xE0, 0x05, 0xFB, 0x10, 0x01, 0xAF,
    0x60, 0x00, 0x4C, 0xFD, 0xCF, 0xD5, 0x00, 0x00, 0x7E, 0xFF, 0xFF, 0xE8, 0x00, 0x0A, 0xFB, 0x30,
    0x03, 0xAF, 0xB0, 0x4F, 0xD0, 0x00, 0x00, 0x0C, 0xF5, 0x7F, 0x80, 0x00, 0x00, 0x07, 0xF8, 0x8F,
    0x70, 0x00, 0x00, 0x07, 0xF9, 0x6F, 0xB0, 0x00, 0x00, 0x0A, 0xF7, 0x1E, 0xF8, 0x00, 0x00, 0x7F,
    0xF2, 0x05, 0xFF, 0xEC, 0xCE, 0xFF, 0x60, 0x00, 0x39, 0xDF, 0xFD, 0xA3, 0x00, 0x00, 0x18, 0xDF,
    0xFD, 0x93, 0x00, 0x03, 0xEF, 0xEC, 0xCF, 0xFF, 0x40, 0x0D, 0xFA, 0x10, 0x01, 0xAF, 0xE0, 0x4F,
    0xD0, 0x00, 0x00, 0x0D, 0xF5, 0x7F, 0x90, 0x00, 0x00, 0x08, 0xF7, 0x8F, 0x70, 0x00, 0x00, 0x07,
    0xF9, 0x7F, 0x80, 0x00, 0x00, 0x09, 0xF9, 0x5F, 0xD0, 0x00, 0x00, 0x1E, 0xF9, 0x0E, 0xFB, 0x20,
    0x04, 0xCB, 0xF8, 0x04, 0xEF, 0xFE, 0xFF, 0x89, 0xF6, 0x00, 0x28, 0xCC, 0xA4, 0x0C, 0xF3, 0x00,
    0x00, 0x00, 0x00, 0x3F, 0xE0, 0x00, 0x00, 0x00, 0x00, 0xBF, 0x70, 0x00, 0x00, 0x00, 0x1A, 0xFD,
    0x10, 0x00, 0x00, 0x27, 0xDF, 0xD2, 0x00, 0x02, 0xCE, 0xFF, 0xF9, 0x10, 0x00, 0x01, 0xED, 0xA6,
    0x20, 0x00, 0x00, 0x2D, 0xD3, 0x7F, 0xF8, 0x2D, 0xD3, 0x00, 0x00, 0x00, 0x00, 0x00, 0x00, 0x00,
    0x00, 0x00, 0x00, 0x00, 0x00, 0x2D, 0xD3, 0x7F, 0xF8, 0x2D, 0xD3, 0x2D, 0xD3, 0x7F, 0xF8, 0x2D,
    0xD3, 0x00, 0x00, 0x00, 0x00, 0x00, 0x00, 0x00, 0x00, 0x00, 0x00, 0x00, 0x00, 0x1F, 0xF2, 0x2F,
    0xF0, 0x4F, 0xD0, 0x6F, 0xA0, 0x8F, 0x80, 0x9F, 0x50, 0xBF, 0x30, 0xDF, 0x10, 0x00, 0x00, 0x00,
    0x00, 0x00, 0x00, 0x00, 0x00, 0x00, 0x00, 0x05, 0xB4, 0x00, 0x00, 0x00, 0x17, 0xDF, 0xF4, 0x00,
    0x00, 0x29, 0xEF, 0xFA, 0x40, 0x00, 0x4B, 0xFF, 0xD7, 0x10, 0x00, 0x6D, 0xFF, 0xA4, 0x00, 0x00,
    0x00, 0xCF, 0xA2, 0x00, 0x00, 0x00, 0x00, 0xAF, 0xFB, 0x50, 0x00, 0x00, 0x00, 0x04, 0xAF, 0xFD,
    0x82, 0x00, 0x00, 0x00, 0x02, 0x8E, 0xFF, 0xA4, 0x00, 0x00, 0x00, 0x01, 0x6C, 0xFF, 0xD2, 0x00,
    0x00, 0x00, 0x00, 0x4A, 0xF4, 0x00, 0x00, 0x00, 0x00, 0x00, 0x22, 0xBF, 0xFF, 0xFF, 0xFF, 0xFF,
    0xFC, 0x8B, 0xBB, 0xBB, 0xBB, 0xBB, 0xB9, 0x00, 0x00, 0x00, 0x00, 0x00, 0x00, 0x00, 0x00, 0x00,
    0x00, 0x00, 0x00, 0x00, 0x00, 0x00, 0x00, 0x00, 0x00, 0x00, 0x00, 0x00, 0x00, 0x00, 0x00, 0xBF,
    0xFF, 0xFF, 0xFF, 0xFF, 0xFC, 0x8B, 0xBB, 0xBB, 0xBB, 0xBB, 0xB9, 0x00, 0x00, 0x00, 0x00, 0x00,
    0x00, 0x3C, 0x50, 0x00, 0x00, 0x00, 0x00, 0x3F, 0xFD, 0x71, 0x00, 0x00, 0x00, 0x03, 0xAF, 0xFF,
    0x93, 0x00, 0x00, 0x00, 0x01, 0x7D, 0xFF, 0xB5, 0x00, 0x00, 0x00, 0x00, 0x5B, 0xFF, 0xD6, 0x00,
    0x00, 0x00, 0x00, 0x3C, 0xFD, 0x00, 0x00, 0x00, 0x06, 0xCF, 0xFB, 0x00, 0x00, 0x28, 0xEF, 0xFA,
    0x40, 0x00, 0x4A, 0xFF, 0xE8, 0x20, 0x00, 0x2D, 0xFF, 0xD6, 0x10, 0x00, 0x00, 0x3F, 0xB4, 0x00,
    0x00, 0x00, 0x00, 0x12, 0x00, 0x00, 0x00, 0x00, 0x00, 0x00, 0x39, 0xDF, 0xFD, 0x81, 0x00, 0x08,
    0xFF, 0xEC, 0xCF, 0xFC, 0x10, 0x5F, 0xE6, 0x10, 0x02, 0xDF, 0x70, 0x07, 0x30, 0x00, 0x00, 0x7F,
    0xA0, 0x00, 0x00, 0x00, 0x00, 0x6F, 0xA0, 0x00, 0x00, 0x00, 0x00, 0xBF, 0x70, 0x00, 0x00, 0x00,
    0x07, 0xFE, 0x10, 0x00, 0x00, 0x01, 0xAF, 0xE4, 0x00, 0x00, 0x00, 0x0B, 0xFC, 0x20, 0x00, 0x00,
    0x00, 0x3F, 0xD1, 0x00, 0x00, 0x00, 0x00, 0x6F, 0x80, 0x00, 0x00, 0x00, 0x00, 0x6F, 0x70, 0x00,
    0x00, 0x00, 0x00, 0x00, 0x00, 0x00, 0x00, 0x00, 0x00, 0x00, 0x00, 0x00, 0x00, 0x00, 0x00, 0x7F,
    0xA0, 0x00, 0x00, 0x00, 0x00, 0xEF, 0xF2, 0x00, 0x00, 0x00, 0x00, 0x7F, 0xA0, 0x00, 0x00, 0x00,
    0x04, 0xBE, 0xFD, 0x92, 0x00, 0x00, 0x6F, 0xFD, 0xCE, 0xFE, 0x20, 0x03, 0xFE, 0x40, 0x00, 0x8F,
    0xB0, 0x0A, 0xF4, 0x00, 0x00, 0x0C, 0xF2, 0x1F, 0xC0, 0x07, 0xDD, 0x67, 0xF5, 0x4F, 0x70, 0x7F,
    0xFD, 0xF8, 0xF7, 0x6F, 0x40, 0xEF, 0x40, 0x2C, 0xF7, 0x8F, 0x23, 0xFA, 0x00, 0x08, 0xF7, 0x9F,
    0x15, 0xF7, 0x00, 0x05, 0xF8, 0xAF, 0x15, 0xF6, 0x00, 0x04, 0xF8, 0xAF, 0x15, 0xF7, 0x00, 0x04,
    0xF7, 0x9F, 0x23, 0xFA, 0x00, 0x06, 0xF7, 0x8F, 0x30, 0xEE, 0x20, 0x1B, 0xF7, 0x5F, 0x60, 0x8F,
    0xEB, 0xE8, 0xF7, 0x2F, 0xA0, 0x09, 0xFF, 0x83, 0xD6, 0x0D, 0xF2, 0x00, 0x01, 0x00, 0x00, 0x06,
    0xFC, 0x10, 0x00, 0x00, 0x00, 0x00, 0xBF, 0xE8, 0x54, 0x54, 0x00, 0x00, 0x18, 0xFF, 0xFF, 0xF9,
    0x00, 0x00, 0x00, 0x15, 0x77, 0x63, 0x00, 0x00, 0x00, 0x08, 0xFF, 0x90, 0x00, 0x00, 0x00, 0x00,
    0x0C, 0xFE, 0xD0, 0x00, 0x00, 0x00, 0x00, 0x2F, 0xBA, 0xF3, 0x00, 0x00, 0x00, 0x00, 0x6F, 0x76,
    0xF7, 0x00, 0x00, 0x00, 0x00, 0xBF, 0x21, 0xFB, 0x00, 0x00, 0x00, 0x01, 0xED, 0x00, 0xCF, 0x10,
    0x00, 0x00, 0x04, 0xF9, 0x00, 0x8F, 0x50, 0x00, 0x00, 0x09, 0xF5, 0x00, 0x4F, 0xA0, 0x00, 0x00,
    0x0D, 0xF1, 0x00, 0x0E, 0xE0, 0x00, 0x00, 0x3F, 0xB0, 0x00, 0x0A, 0xF3, 0x00, 0x00, 0x7F, 0x70,
    0x00, 0x06, 0xF8, 0x00, 0x00, 0xBF, 0xCB, 0xBB, 0xBC, 0xFC, 0x00, 0x01, 0xFF, 0xFF, 0xFF, 0xFF,
    0xFF, 0x20, 0x05, 0xFA, 0x00, 0x00, 0x00, 0x8F, 0x60, 0x0A, 0xF5, 0x00, 0x00, 0x00, 0x4F, 0xB0,
    0x0E, 0xF1, 0x00, 0x00, 0x00, 0x1F, 0xE1, 0x3F, 0xC0, 0x00, 0x00, 0x00, 0x0B, 0xF4, 0x0F, 0xFF,
    0xFF, 0xFD, 0x81, 0x00, 0x00, 0x0F, 0xFB, 0xBB, 0xCF, 0xFD, 0x20, 0x00, 0x0F, 0xF0, 0x00, 0x01,
    0xBF, 0xA0, 0x00, 0x0F, 0xF0, 0x00, 0x00, 0x2F, 0xE0, 0x00, 0x0F, 0xF0, 0x00, 0x00, 0x0F, 0xF0,
    0x00, 0x0F, 0xF0, 0x00, 0x00, 0x3F, 0xD0, 0x00, 0x0F, 0xF0, 0x00, 0x02, 0xCF, 0x50, 0x00, 0x0F,
    0xFB, 0xBB, 0xCE, 0xB4, 0x00, 0x00, 0x0F, 0xFF, 0xFF, 0xFD, 0xB7, 0x10, 0x00, 0x0F, 0xF0, 0x00,
    0x01, 0x6E, 0xE3, 0x00, 0x0F, 0xF0, 0x00, 0x00, 0x04, 0xFC, 0x00, 0x0F, 0xF0, 0x00, 0x00, 0x00,
    0xDF, 0x20, 0x0F, 0xF0, 0x00, 0x00, 0x00, 0xDF, 0x30, 0x0F, 0xF0, 0x00, 0x00, 0x01, 0xFF, 0x10,
    0x0F, 0xF0, 0x00, 0x00, 0x2C, 0xFC, 0x00, 0x0F, 0xFB, 0xBB, 0xBC, 0xFF, 0xE3, 0x00, 0x0F, 0xFF,
    0xFF, 0xFF, 0xD9, 0x20, 0x00, 0x00, 0x01, 0x8C, 0xEF, 0xEB, 0x60, 0x00, 0x00, 0x4E, 0xFF, 0xDB,
    0xDF, 0xFB, 0x00, 0x04, 0xFF, 0xA2, 0x00, 0x04, 0xEB, 0x10, 0x0D, 0xF9, 0x00, 0x00, 0x00, 0x31,
    0x00, 0x5F, 0xD0, 0x00, 0x00, 0x00, 0x00, 0x00, 0x9F, 0x80, 0x00, 0x00, 0x00, 0x00, 0x00, 0xCF,
    0x40, 0x00, 0x00, 0x00, 0x00, 0x00, 0xEF, 0x20, 0x00, 0x00, 0x00, 0x00, 0x00, 0xEF, 0x20, 0x00,
    0x00, 0x00, 0x00, 0x00, 0xEF, 0x20, 0x00, 0x00, 0x00, 0x00, 0x00, 0xCF, 0x40, 0x00, 0x00, 0x00,
    0x00, 0x00, 0xAF, 0x80, 0x00, 0x00, 0x00, 0x00, 0x00, 0x5F, 0xD1, 0x00, 0x00, 0x00, 0x00, 0x00,
    0x1E, 0xF9, 0x00, 0x00, 0x00, 0x00, 0x00, 0x05, 0xFF, 0xA3, 0x00, 0x00, 0x24, 0x00, 0x00, 0x5E,
    0xFF, 0xDC, 0xCD, 0xFD, 0x00, 0x00, 0x01, 0x8C, 0xEF, 0xED, 0xA6, 0x00, 0x4F, 0xFF, 0xFE, 0xD9,
    0x30, 0x00, 0x00, 0x4F, 0xEB, 0xBC, 0xFF, 0xF8, 0x00, 0x00, 0x4F, 0xA0, 0x00, 0x16, 0xFF, 0x80,
    0x00, 0x4F, 0xA0, 0x00, 0x00, 0x4F, 0xF2, 0x00, 0x4F, 0xA0, 0x00, 0x00, 0x0A, 0xF8, 0x00, 0x4F,
    0xA0, 0x00, 0x00, 0x04, 0xFC, 0x00, 0x4F, 0xA0, 0x00, 0x00, 0x01, 0xFF, 0x00, 0x4F, 0xA0, 0x00,
    0x00, 0x00, 0xEF, 0x20, 0x4F, 0xA0, 0x00, 0x00, 0x00, 0xDF, 0x20, 0x4F, 0xA0, 0x00, 0x00, 0x00,
    0xDF, 0x20, 0x4F, 0xA0, 0x00, 0x00, 0x00, 0xFF, 0x10, 0x4F, 0xA0, 0x00, 0x00, 0x03, 0xFD, 0x00,
    0x4F, 0xA0, 0x00, 0x00, 0x08, 0xF9, 0x00, 0x4F, 0xA0, 0x00, 0x00, 0x3F, 0xF3, 0x00, 0x4F, 0xA0,
    0x00, 0x06, 0xEF, 0x90, 0x00, 0x4F, 0xEB, 0xBC, 0xEF, 0xF9, 0x00, 0x00, 0x4F, 0xFF, 0xFE, 0xD9,
    0x30, 0x00, 0x00, 0x1F, 0xFF, 0xFF, 0xFF, 0xFF, 0xFC, 0x1F, 0xFB, 0xBB, 0xBB, 0xBB, 0xB9, 0x0F,
    0xF0, 0x00, 0x00, 0x00, 0x00, 0x0F, 0xF0, 0x00, 0x00, 0x00, 0x00, 0x0F, 0xF0, 0x00, 0x00, 0x00,
    0x00, 0x0F, 0xF0, 0x00, 0x00, 0x00, 0x00, 0x0F, 0xF0, 0x00, 0x00, 0x00, 0x00, 0x1F, 0xFB, 0xBB,
    0xBB, 0xB8, 0x00, 0x1F, 0xFF, 0xFF, 0xFF, 0xFA, 0x00, 0x0F, 0xF0, 0x00, 0x00, 0x00, 0x00, 0x0F,
    0xF0, 0x00, 0x00, 0x00, 0x00, 0x0F, 0xF0, 0x00, 0x00, 0x00, 0x00, 0x0F, 0xF0, 0x00, 0x00, 0x00,
    0x00, 0x0F, 0xF0, 0x00, 0x00, 0x00, 0x00, 0x0F, 0xF0, 0x00, 0x00, 0x00, 0x00, 0x1F, 0xFB, 0xBB,
    0xBB, 0xBB, 0xB9, 0x1F, 0xFF, 0xFF, 0xFF, 0xFF, 0xFC, 0xDF, 0xFF, 0xFF, 0xFF, 0xFF, 0xF0, 0xDF,
    0xCB, 0xBB, 0xBB, 0xBB, 0xB0, 0xCF, 0x30, 0x00, 0x00, 0x00, 0x00, 0xCF, 0x30, 0x00, 0x00, 0x00,
    0x00, 0xCF, 0x30, 0x00, 0x00, 0x00, 0x00, 0xCF, 0x30, 0x00, 0x00, 0x00, 0x00, 0xCF, 0x30, 0x00,
    0x00, 0x00, 0x00, 0xCF, 0x30, 0x00, 0x00, 0x00, 0x00, 0xDF, 0xCB, 0xBB, 0xBB, 0xB1, 0x00, 0xDF,
    0xFF, 0xFF, 0xFF, 0xF1, 0x00, 0xCF, 0x30, 0x00, 0x00, 0x00, 0x00, 0xCF, 0x30, 0x00, 0x00, 0x00,
    0x00, 0xCF, 0x30, 0x00, 0x00, 0x00, 0x00, 0xCF, 0x30, 0x00, 0x00, 0x00, 0x00, 0xCF, 0x30, 0x00,
    0x00, 0x00, 0x00, 0xCF, 0x30, 0x00, 0x00, 0x00, 0x00, 0xCF, 0x30, 0x00, 0x00, 0x00, 0x00, 0x00,
    0x00, 0x39, 0xDF, 0xFD, 0xA4, 0x00, 0x00, 0x08, 0xFF, 0xFC, 0xCE, 0xFF, 0x80, 0x00, 0x7F, 0xF7,
    0x10, 0x00, 0x7F, 0x90, 0x02, 0xFF, 0x40, 0x00, 0x00, 0x04, 0x00, 0x08, 0xFA, 0x00, 0x00, 0x00,
    0x00, 0x00, 0x0D, 0xF4, 0x00, 0x00, 0x00, 0x00, 0x00, 0x1F, 0xF1, 0x00, 0x00, 0x00, 0x00, 0x00,
    0x2F, 0xE0, 0x00, 0x00, 0x00, 0x00, 0x00, 0x2F, 0xD0, 0x00, 0x00, 0x00, 0x00, 0x00, 0x2F, 0xE0,
    0x00, 0x0A, 0xBB, 0xBB, 0x80, 0x1F, 0xF1, 0x00, 0x0D, 0xFF, 0xFF, 0xB0, 0x0D, 0xF4, 0x00, 0x00,
    0x00, 0x4F, 0xA0, 0x09, 0xFA, 0x00, 0x00, 0x00, 0x4F, 0xA0, 0x03, 0xFF, 0x50, 0x00, 0x00, 0x4F,
    0xA0, 0x00, 0x8F, 0xF7, 0x10, 0x00, 0x4F, 0xA0, 0x00, 0x09, 0xFF, 0xFC, 0xBC, 0xFF, 0xA0, 0x00,
    0x00, 0x39, 0xDF, 0xFE, 0xC9, 0x50, 0x4F, 0xB0, 0x00, 0x00, 0x0A, 0xF5, 0x4F, 0xB0, 0x00, 0x00,
    0x0A, 0xF5, 0x4F, 0xB0, 0x00, 0x00, 0x0A, 0xF5, 0x4F, 0xB0, 0x00, 0x00, 0x0A, 0xF5, 0x4F, 0xB0,
    0x00, 0x00, 0x0A, 0xF5, 0x4F, 0xB0, 0x00, 0x00, 0x0A, 0xF5, 0x4F, 0xB0, 0x00, 0x00, 0x0A, 0xF5,
    0x4F, 0xEB, 0xBB, 0xBB, 0xBE, 0xF5, 0x4F, 0xFF, 0xFF, 0xFF, 0xFF, 0xF5, 0x4F, 0xB0, 0x00, 0x00,
    0x0A, 0xF5, 0x4F, 0xB0, 0x00, 0x00, 0x0A, 0xF5, 0x4F, 0xB0, 0x00, 0x00, 0x0A, 0xF5, 0x4F, 0xB0,
    0x00, 0x00, 0x0A, 0xF5, 0x4F, 0xB0, 0x00, 0x00, 0x0A, 0xF5, 0x4F, 0xB0, 0x00, 0x00, 0x0A, 0xF5,
    0x4F, 0xB0, 0x00, 0x00, 0x0A, 0xF5, 0x4F, 0xB0, 0x00, 0x00, 0x0A, 0xF5, 0xEF, 0xFF, 0xFF, 0xFF,
    0xFF, 0xBB, 0xBB, 0xFF, 0xBB, 0xBB, 0x00, 0x00, 0xFF, 0x00, 0x00, 0x00, 0x00, 0xFF, 0x00, 0x00,
    0x00, 0x00, 0xFF, 0x00, 0x00, 0x00, 0x00, 0xFF, 0x00, 0x00, 0x00, 0x00, 0xFF, 0x00, 0x00, 0x00,
    0x00, 0xFF, 0x00, 0x00, 0x00, 0x00, 0xFF, 0x00, 0x00, 0x00, 0x00, 0xFF, 0x00, 0x00, 0x00, 0x00,
    0xFF, 0x00, 0x00, 0x00, 0x00, 0xFF, 0x00, 0x00, 0x00, 0x00, 0xFF, 0x00, 0x00, 0x00, 0x00, 0xFF,
    0x00, 0x00, 0x00, 0x00, 0xFF, 0x00, 0x00, 0xBB, 0xBB, 0xFF, 0xBB, 0xBB, 0xEF, 0xFF, 0xFF, 0xFF,
    0xFF, 0x00, 0x00, 0x4F, 0xFF, 0xFF, 0xF5, 0x00, 0x00, 0x3B, 0xBB, 0xBE, 0xF5, 0x00, 0x00, 0x00,
    0x00, 0x0A, 0xF5, 0x00, 0x00, 0x00, 0x00, 0x0A, 0xF5, 0x00, 0x00, 0x00, 0x00, 0x0A, 0xF5, 0x00,
    0x00, 0x00, 0x00, 0x0A, 0xF5, 0x00, 0x00, 0x00, 0x00, 0x0A, 0xF5, 0x00, 0x00, 0x00, 0x00, 0x0A,
    0xF5, 0x00, 0x00, 0x00, 0x00, 0x0A, 0xF5, 0x00, 0x00, 0x00, 0x00, 0x0A, 0xF5, 0x00, 0x00, 0x00,
    0x00, 0x0A, 0xF5, 0xDF, 0x20, 0x00, 0x00, 0x0A, 0xF5, 0xCF, 0x40, 0x00, 0x00, 0x0C, 0xF4, 0x8F,
    0xA0, 0x00, 0x00, 0x2F, 0xF1, 0x2F, 0xF7, 0x00, 0x02, 0xCF, 0x90, 0x06, 0xFF, 0xEC, 0xCF, 0xFC,
    0x10, 0x00, 0x3A, 0xEF, 0xEC, 0x70, 0x00, 0x2F, 0xD0, 0x00, 0x00, 0x04, 0xFB, 0x00, 0x2F, 0xD0,
    0x00, 0x00, 0x05, 0xFA, 0x00, 0x2F, 0xD0, 0x00, 0x00, 0x07, 0xF8, 0x00, 0x2F, 0xD0, 0x00, 0x00,
    0x0B, 0xF5, 0x00, 0x2F, 0xD0, 0x00, 0x00, 0x1F, 0xE1, 0x00, 0x2F, 0xD0, 0x00, 0x00, 0x8F, 0x90,
    0x00, 0x2F, 0xD0, 0x00, 0x04, 0xFF, 0x20, 0x00, 0x2F, 0xD0, 0x00, 0x4E, 0xF6, 0x00, 0x00, 0x2F,
    0xD1, 0x4A, 0xFF, 0xA0, 0x00, 0x00, 0x2F, 0xFF, 0xFF, 0xFF, 0xC0, 0x00, 0x00, 0x2F, 0xFE, 0xB6,
    0x1E, 0xF5, 0x00, 0x00, 0x2F, 0xD0, 0x00, 0x07, 0xFC, 0x00, 0x00, 0x2F, 0xD0, 0x00, 0x01, 0xEF,
    0x50, 0x00, 0x2F, 0xD0, 0x00, 0x00, 0x8F, 0xC0, 0x00, 0x2F, 0xD0, 0x00, 0x00, 0x1E, 0xF4, 0x00,
    0x2F, 0xD0, 0x00, 0x00, 0x08, 0xFC, 0x00, 0x2F, 0xD0, 0x00, 0x00, 0x01, 0xFF, 0x40, 0x0F, 0xF0,
    0x00, 0x00, 0x00, 0x00, 0x0F, 0xF0, 0x00, 0x00, 0x00, 0x00, 0x0F, 0xF0, 0x00, 0x00, 0x00, 0x00,
    0x0F, 0xF0, 0x00, 0x00, 0x00, 0x00, 0x0F, 0xF0, 0x00, 0x00, 0x00, 0x00, 0x0F, 0xF0, 0x00, 0x00,
    0x00, 0x00, 0x0F, 0xF0, 0x00, 0x00, 0x00, 0x00, 0x0F, 0xF0, 0x00, 0x00, 0x00, 0x00, 0x0F, 0xF0,
    0x00, 0x00, 0x00, 0x00, 0x0F, 0xF0, 0x00, 0x00, 0x00, 0x00, 0x0F, 0xF0, 0x00, 0x00, 0x00, 0x00,
    0x0F, 0xF0, 0x00, 0x00, 0x00, 0x00, 0x0F, 0xF0, 0x00, 0x00, 0x00, 0x00, 0x0F, 0xF0, 0x00, 0x00,
    0x00, 0x00, 0x0F, 0xF0, 0x00, 0x00, 0x00, 0x00, 0x1F, 0xFB, 0xBB, 0xBB, 0xBB, 0xB9, 0x1F, 0xFF,
    0xFF, 0xFF, 0xFF, 0xFC, 0x6F, 0xFC, 0x00, 0x00, 0xBF, 0xF7, 0x6F, 0xFF, 0x20, 0x01, 0xFF, 0xF7,
    0x6F, 0xBF, 0x60, 0x05, 0xFB, 0xF7, 0x6F, 0x8D, 0xB0, 0x09, 0xE7, 0xF7, 0x6F, 0x88, 0xF1, 0x0E,
    0x97, 0xF7, 0x6F, 0x84, 0xF4, 0x3F, 0x57, 0xF7, 0x6F, 0x80, 0xE9, 0x8F, 0x17, 0xF7, 0x6F, 0x80,
    0xAD, 0xDB, 0x07, 0xF7, 0x6F, 0x80, 0x6F, 0xF6, 0x07, 0xF7, 0x6F, 0x80, 0x1F, 0xF2, 0x07, 0xF7,
    0x6F, 0x80, 0x00, 0x00, 0x07, 0xF7, 0x6F, 0x80, 0x00, 0x00, 0x07, 0xF7, 0x6F, 0x80, 0x00, 0x00,
    0x07, 0xF7, 0x6F, 0x80, 0x00, 0x00, 0x07, 0xF7, 0x6F, 0x80, 0x00, 0x00, 0x07, 0xF7, 0x6F, 0x80,
    0x00, 0x00, 0x07, 0xF7, 0x6F, 0x80, 0x00, 0x00, 0x07, 0xF7, 0x3F, 0xFB, 0x00, 0x00, 0x0B, 0xF4,
    0x3F, 0xFF, 0x20, 0x00, 0x0B, 0xF4, 0x3F, 0xFF, 0x80, 0x00, 0x0B, 0xF4, 0x3F, 0xDC, 0xE0, 0x00,
    0x0B, 0xF4, 0x3F, 0xC6, 0xF5, 0x00, 0x0B, 0xF4, 0x3F, 0xC1, 0xEB, 0x00, 0x0B, 0xF4, 0x3F, 0xC0,
    0x9F, 0x20, 0x0B, 0xF4, 0x3F, 0xC0, 0x3F, 0x80, 0x0B, 0xF4, 0x3F, 0xC0, 0x0D, 0xD0, 0x0B, 0xF4,
    0x3F, 0xC0, 0x07, 0xF5, 0x0B, 0xF4, 0x3F, 0xC0, 0x01, 0xFB, 0x0B, 0xF4, 0x3F, 0xC0, 0x00, 0xAF,
    0x2B, 0xF4, 0x3F, 0xC0, 0x00, 0x4F, 0x7B, 0xF4, 0x3F, 0xC0, 0x00, 0x0D, 0xDC, 0xF4, 0x3F, 0xC0,
    0x00, 0x07, 0xFF, 0xF4, 0x3F, 0xC0, 0x00, 0x01, 0xFF, 0xF4, 0x3F, 0xC0, 0x00, 0x00, 0xAF, 0xF4,
    0x00, 0x01, 0x7C, 0xFF, 0xD8, 0x10, 0x00, 0x00, 0x1D, 0xFF, 0xCC, 0xFF, 0xD2, 0x00, 0x00, 0xBF,
    0xC2, 0x00, 0x1B, 0xFC, 0x00, 0x03, 0xFE, 0x10, 0x00, 0x01, 0xEF, 0x40, 0x08, 0xF9, 0x00, 0x00,
    0x00, 0x8F, 0x90, 0x0B, 0xF5, 0x00, 0x00, 0x00, 0x4F, 0xC0, 0x0E, 0xF2, 0x00, 0x00, 0x00, 0x1F,
    0xF0, 0x0F, 0xF1, 0x00, 0x00, 0x00, 0x0F, 0xF1, 0x0F, 0xF1, 0x00, 0x00, 0x00, 0x0F, 0xF1, 0x0F,
    0xF1, 0x00, 0x00, 0x00, 0x0F, 0xF1, 0x0E, 0xF2, 0x00, 0x00, 0x00, 0x1F, 0xF0, 0x0C, 0xF4, 0x00,
    0x00, 0x00, 0x3F, 0xD0, 0x09, 0xF8, 0x00, 0x00, 0x00, 0x7F, 0xA0, 0x04, 0xFE, 0x10, 0x00, 0x01,
    0xDF, 0x50, 0x00, 0xBF, 0xB2, 0x00, 0x1B, 0xFC, 0x00, 0x00, 0x2D, 0xFF, 0xCC, 0xFF, 0xD2, 0x00,
    0x00, 0x01, 0x8D, 0xFF, 0xD8, 0x10, 0x00, 0x0F, 0xFF, 0xFF, 0xFD, 0x93, 0x00, 0x00, 0x0F, 0xFB,
    0xBB, 0xCE, 0xFF, 0x70, 0x00, 0x0F, 0xF0, 0x00, 0x00, 0x7F, 0xF4, 0x00, 0x0F, 0xF0, 0x00, 0x00,
    0x08, 0xFA, 0x00, 0x0F, 0xF0, 0x00, 0x00, 0x02, 0xFE, 0x00, 0x0F, 0xF0, 0x00, 0x00, 0x00, 0xFF,
    0x00, 0x0F, 0xF0, 0x00, 0x00, 0x00, 0xFF, 0x00, 0x0F, 0xF0, 0x00, 0x00, 0x03, 0xFD, 0x00, 0x0F,
    0xF0, 0x00, 0x00, 0x09, 0xF9, 0x00, 0x0F, 0xF0, 0x00, 0x01, 0x8F, 0xF3, 0x00, 0x0F, 0xFB, 0xBB,
    0xCE, 0xFF, 0x50, 0x00, 0x0F, 0xFF, 0xFF, 0xFD, 0x92, 0x00, 0x00, 0x0F, 0xF0, 0x00, 0x00, 0x00,
    0x00, 0x00, 0x0F, 0xF0, 0x00, 0x00, 0x00, 0x00, 0x00, 0x0F, 0xF0, 0x00, 0x00, 0x00, 0x00, 0x00,
    0x0F, 0xF0, 0x00, 0x00, 0x00, 0x00, 0x00, 0x0F, 0xF0, 0x00, 0x00, 0x00, 0x00, 0x00, 0x00, 0x01,
    0x7C, 0xFF, 0xD8, 0x10, 0x00, 0x00, 0x1D, 0xFF, 0xCC, 0xFF, 0xD2, 0x00, 0x00, 0xBF, 0xC2, 0x00,
    0x1B, 0xFC, 0x00, 0x03, 0xFE, 0x10, 0x00, 0x01, 0xEF, 0x40, 0x08, 0xF9, 0x00, 0x00, 0x00, 0x8F,
    0x90, 0x0B, 0xF5, 0x00, 0x00, 0x00, 0x4F, 0xC0, 0x0E, 0xF2, 0x00, 0x00, 0x00, 0x1F, 0xF0, 0x0F,
    0xF1, 0x00, 0x00, 0x00, 0x0F, 0xF1, 0x0F, 0xF1, 0x00, 0x00, 0x00, 0x0F, 0xF1, 0x0F, 0xF1, 0x00,
    0x00, 0x00, 0x0F, 0xF1, 0x0E, 0xF2, 0x00, 0x00, 0x00, 0x1F, 0xF0, 0x0C, 0xF4, 0x00, 0x00, 0x00,
    0x3F, 0xD0, 0x09, 0xF8, 0x00, 0x00, 0x00, 0x7F, 0xA0, 0x04, 0xFE, 0x10, 0x00, 0x01, 0xDF, 0x50,
    0x00, 0xBF, 0xB2, 0x00, 0x1B, 0xFC, 0x00, 0x00, 0x2D, 0xFF, 0xCC, 0xFF, 0xD2, 0x00, 0x00, 0x01,
    0x8D, 0xFF, 0xD8, 0x10, 0x00, 0x00, 0x00, 0x00, 0xEE, 0x00, 0x00, 0x00, 0x00, 0x00, 0x00, 0xDF,
    0x20, 0x00, 0x00, 0x00, 0x00, 0x00, 0x8F, 0xA0, 0x00, 0x00, 0x00, 0x00, 0x00, 0x2E, 0xFD, 0x88,
    0x00, 0x00, 0x00, 0x00, 0x02, 0xBF, 0xFE, 0x00, 0x00, 0x00, 0x00, 0x00, 0x01, 0x33, 0x00, 0x4F,
    0xFF, 0xFF, 0xFE, 0xB5, 0x00, 0x00, 0x4F, 0xEB, 0xBB, 0xBD, 0xFF, 0x80, 0x00, 0x4F, 0xB0, 0x00,
    0x00, 0x6F, 0xF3, 0x00, 0x4F, 0xB0, 0x00, 0x00, 0x0A, 0xF8, 0x00, 0x4F, 0xB0, 0x00, 0x00, 0x06,
    0xFA, 0x00, 0x4F, 0xB0, 0x00, 0x00, 0x05, 0xFA, 0x00, 0x4F, 0xB0, 0x00, 0x00, 0x09, 0xF8, 0x00,
    0x4F, 0xB0, 0x00, 0x00, 0x5F, 0xF2, 0x00, 0x4F, 0xEB, 0xBB, 0xBD, 0xFF, 0x70, 0x00, 0x4F, 0xFF,
    0xFF, 0xFF, 0xE4, 0x00, 0x00, 0x4F, 0xB0, 0x00, 0x2F, 0xF2, 0x00, 0x00, 0x4F, 0xB0, 0x00, 0x09,
    0xF9, 0x00, 0x00, 0x4F, 0xB0, 0x00, 0x02, 0xFF, 0x20, 0x00, 0x4F, 0xB0, 0x00, 0x00, 0xAF, 0x90,
    0x00, 0x4F, 0xB0, 0x00, 0x00, 0x3F, 0xF2, 0x00, 0x4F, 0xB0, 0x00, 0x00, 0x0B, 0xF8, 0x00, 0x4F,
    0xB0, 0x00, 0x00, 0x04, 0xFF, 0x10, 0x00, 0x19, 0xDF, 0xFD, 0xA4, 0x00, 0x02, 0xDF, 0xFC, 0xCE,
    0xFF, 0xA1, 0x09, 0xFB, 0x10, 0x00, 0x6E, 0xC1, 0x0D, 0xF3, 0x00, 0x00, 0x02, 0x10, 0x0E, 0xF2,
    0x00, 0x00, 0x00, 0x00, 0x0C, 0xF7, 0x00, 0x00, 0x00, 0x00, 0x06, 0xFF, 0x81, 0x00, 0x00, 0x00,
    0x00, 0x8F, 0xFE, 0x81, 0x00, 0x00, 0x00, 0x04, 0xBF, 0xFE, 0x80, 0x00, 0x00, 0x00, 0x04, 0xBF,
    0xFC, 0x10, 0x00, 0x00, 0x00, 0x03, 0xCF, 0xB0, 0x00, 0x00, 0x00, 0x00, 0x1E, 0xF2, 0x00, 0x00,
    0x00, 0x00, 0x0C, 0xF4, 0x00, 0x00, 0x00, 0x00, 0x0D, 0xF3, 0x28, 0x40, 0x00, 0x01, 0x8F, 0xE0,
    0x5F, 0xFF, 0xCB, 0xCE, 0xFF, 0x50, 0x17, 0xBD, 0xEF, 0xED, 0x92, 0x00, 0xFF, 0xFF, 0xFF, 0xFF,
    0xFF, 0xFF, 0x00, 0xBB, 0xBB, 0xBF, 0xFB, 0xBB, 0xBB, 0x00, 0x00, 0x00, 0x0F, 0xF0, 0x00, 0x00,
    0x00, 0x00, 0x00, 0x0F, 0xF0, 0x00, 0x00, 0x00, 0x00, 0x00, 0x0F, 0xF0, 0x00, 0x00, 0x00, 0x00,
    0x00, 0x0F, 0xF0, 0x00, 0x00, 0x00, 0x00, 0x00, 0x0F, 0xF0, 0x00, 0x00, 0x00, 0x00, 0x00, 0x0F,
    0xF0, 0x00, 0x00, 0x00, 0x00, 0x00, 0x0F, 0xF0, 0x00, 0x00, 0x00, 0x00, 0x00, 0x0F, 0xF0, 0x00,
    0x00, 0x00, 0x00, 0x00, 0x0F, 0xF0, 0x00, 0x00, 0x00, 0x00, 0x00, 0x0F, 0xF0, 0x00, 0x00, 0x00,
    0x00, 0x00, 0x0F, 0xF0, 0x00, 0x00, 0x00, 0x00, 0x00, 0x0F, 0xF0, 0x00, 0x00, 0x00, 0x00, 0x00,
    0x0F, 0xF0, 0x00, 0x00, 0x00, 0x00, 0x00, 0x0F, 0xF0, 0x00, 0x00, 0x00, 0x00, 0x00, 0x0F, 0xF0,
    0x00, 0x00, 0x00, 0x4F, 0xB0, 0x00, 0x00, 0x0A, 0xF5, 0x4F, 0xB0, 0x00, 0x00, 0x0A, 0xF5, 0x4F,
    0xB0, 0x00, 0x00, 0x0A, 0xF5, 0x4F, 0xB0, 0x00, 0x00, 0x0A, 0xF5, 0x4F, 0xB0, 0x00, 0x00, 0x0A,
    0xF5, 0x4F, 0xB0, 0x00, 0x00, 0x0A, 0xF5, 0x4F, 0xB0, 0x00, 0x00, 0x0A, 0xF5, 0x4F, 0xB0, 0x00,
    0x00, 0x0A, 0xF5, 0x4F, 0xB0, 0x00, 0x00, 0x0A, 0xF5, 0x4F, 0xB0, 0x00, 0x00, 0x0A, 0xF5, 0x4F,
    0xB0, 0x00, 0x00, 0x0A, 0xF5, 0x4F, 0xB0, 0x00, 0x00, 0x0A, 0xF5, 0x3F, 0xC0, 0x00, 0x00, 0x0B,
    0xF4, 0x1F, 0xF2, 0x00, 0x00, 0x1E, 0xF1, 0x0A, 0xFB, 0x10, 0x01, 0xBF, 0xB0, 0x02, 0xDF, 0xFC,
    0xCE, 0xFD, 0x20, 0x00, 0x19, 0xDF, 0xFD, 0x81, 0x00, 0x4F, 0xC0, 0x00, 0x00, 0x00, 0x0C, 0xF4,
    0x0E, 0xF2, 0x00, 0x00, 0x00, 0x1F, 0xF1, 0x0A, 0xF6, 0x00, 0x00, 0x00, 0x5F, 0xB0, 0x06, 0xFA,
    0x00, 0x00, 0x00, 0x9F, 0x60, 0x01, 0xFE, 0x00, 0x00, 0x00, 0xDF, 0x20, 0x00, 0xCF, 0x30, 0x00,
    0x02, 0xFD, 0x00, 0x00, 0x8F, 0x70, 0x00, 0x06, 0xF9, 0x00, 0x00, 0x3F, 0xC0, 0x00, 0x0B, 0xF4,
    0x00, 0x00, 0x0E, 0xF1, 0x00, 0x0E, 0xE0, 0x00, 0x00, 0x0A, 0xF5, 0x00, 0x4F, 0xB0, 0x00, 0x00,
    0x05, 0xF9, 0x00, 0x8F, 0x60, 0x00, 0x00, 0x01, 0xFD, 0x00, 0xCF, 0x20, 0x00, 0x00, 0x00, 0xCF,
    0x21, 0xFD, 0x00, 0x00, 0x00, 0x00, 0x7F, 0x66, 0xF8, 0x00, 0x00, 0x00, 0x00, 0x3F, 0xBA, 0xF4,
    0x00, 0x00, 0x00, 0x00, 0x0E, 0xFE, 0xE0, 0x00, 0x00, 0x00, 0x00, 0x09, 0xFF, 0xA0, 0x00, 0x00,
    0x9F, 0x60, 0x00, 0x00, 0x00, 0x05, 0xFA, 0x7F, 0x80, 0x00, 0x00, 0x00, 0x07, 0xF8, 0x6F, 0x90,
    0x00, 0x00, 0x00, 0x08, 0xF6, 0x4F, 0xB0, 0x00, 0x00, 0x00, 0x0A, 0xF5, 0x2F, 0xC0, 0x01, 0xAA,
    0x20, 0x0C, 0xF3, 0x0F, 0xE0, 0x03, 0xFF, 0x50, 0x0D, 0xF1, 0x0D, 0xF1, 0x06, 0xED, 0x70, 0x0F,
    0xE0, 0x0B, 0xF2, 0x08, 0xCB, 0x90, 0x1F, 0xC0, 0x0A, 0xF4, 0x0A, 0xA9, 0xC0, 0x3F, 0xA0, 0x08,
    0xF6, 0x0D, 0x87, 0xE0, 0x5F, 0x90, 0x06, 0xF7, 0x0F, 0x65, 0xF1, 0x6F, 0x70, 0x04, 0xF9, 0x2F,
    0x43, 0xF3, 0x8F, 0x50, 0x02, 0xFA, 0x4F, 0x21, 0xF5, 0x9F, 0x30, 0x00, 0xFC, 0x7F, 0x00, 0xE8,
    0xBF, 0x10, 0x00, 0xEE, 0x9D, 0x00, 0xCA, 0xDF, 0x00, 0x00, 0xCF, 0xDB, 0x00, 0xAD, 0xED, 0x00,
    0x00, 0xAF, 0xF9, 0x00, 0x8F, 0xFB, 0x00, 0x0C, 0xF6, 0x00, 0x00, 0x00, 0x5F, 0xD1, 0x04, 0xFD,
    0x10, 0x00, 0x00, 0xDF, 0x40, 0x00, 0xAF, 0x80, 0x00, 0x07, 0xFA, 0x00, 0x00, 0x1E, 0xE2, 0x00,
    0x1E, 0xE2, 0x00, 0x00, 0x06, 0xFA, 0x00, 0x9F, 0x70, 0x00, 0x00, 0x00, 0xCF, 0x33, 0xFD, 0x00,
    0x00, 0x00, 0x00, 0x3F, 0xCB, 0xF4, 0x00, 0x00, 0x00, 0x00, 0x09, 0xFF, 0xA0, 0x00, 0x00, 0x00,
    0x00, 0x02, 0xFF, 0x30, 0x00, 0x00, 0x00, 0x00, 0x08, 0xFF, 0x90, 0x00, 0x00, 0x00, 0x00, 0x2F,
    0xDC, 0xF3, 0x00, 0x00, 0x00, 0x00, 0xBF, 0x54, 0xFC, 0x00, 0x00, 0x00, 0x05, 0xFB, 0x00, 0xAF,
    0x60, 0x00, 0x00, 0x1E, 0xF2, 0x00, 0x2E, 0xE1, 0x00, 0x00, 0x9F, 0x80, 0x00, 0x07, 0xFA, 0x00,
    0x03, 0xFE, 0x10, 0x00, 0x00, 0xDF, 0x40, 0x0C, 0xF6, 0x00, 0x00, 0x00, 0x5F, 0xD0, 0x5F, 0xC0,
    0x00, 0x00, 0x00, 0x0B, 0xF6, 0x0C, 0xF4, 0x00, 0x00, 0x00, 0x3F, 0xD0, 0x05, 0xFC, 0x00, 0x00,
    0x00, 0xBF, 0x60, 0x00, 0xCF, 0x40, 0x00, 0x03, 0xFD, 0x00, 0x00, 0x4F, 0xC0, 0x00, 0x0A, 0xF5,
    0x00, 0x00, 0x0C, 0xF4, 0x00, 0x3F, 0xC0, 0x00, 0x00, 0x04, 0xFB, 0x00, 0xAF, 0x50, 0x00, 0x00,
    0x00, 0xBF, 0x43, 0xFC, 0x00, 0x00, 0x00, 0x00, 0x3F, 0xBA, 0xF4, 0x00, 0x00, 0x00, 0x00, 0x0A,
    0xFF, 0xB0, 0x00, 0x00, 0x00, 0x00, 0x03, 0xFF, 0x40, 0x00, 0x00, 0x00, 0x00, 0x00, 0xFF, 0x00,
    0x00, 0x00, 0x00, 0x00, 0x00, 0xFF, 0x00, 0x00, 0x00, 0x00, 0x00, 0x00, 0xFF, 0x00, 0x00, 0x00,
    0x00, 0x00, 0x00, 0xFF, 0x00, 0x00, 0x00, 0x00, 0x00, 0x00, 0xFF, 0x00, 0x00, 0x00, 0x00, 0x00,
    0x00, 0xFF, 0x00, 0x00, 0x00, 0x2F, 0xFF, 0xFF, 0xFF, 0xFF, 0xF3, 0x2B, 0xBB, 0xBB, 0xBB, 0xBF,
    0xF3, 0x00, 0x00, 0x00, 0x00, 0x6F, 0xB0, 0x00, 0x00, 0x00, 0x01, 0xEF, 0x30, 0x00, 0x00, 0x00,
    0x0A, 0xF8, 0x00, 0x00, 0x00, 0x00, 0x4F, 0xD1, 0x00, 0x00, 0x00, 0x00, 0xCF, 0x50, 0x00, 0x00,
    0x00, 0x07, 0xFB, 0x00, 0x00, 0x00, 0x00, 0x2E, 0xF2, 0x00, 0x00, 0x00, 0x00, 0xAF, 0x80, 0x00,
    0x00, 0x00, 0x04, 0xFD, 0x00, 0x00, 0x00, 0x00, 0x0D, 0xF4, 0x00, 0x00, 0x00, 0x00, 0x7F, 0xA0,
    0x00, 0x00, 0x00, 0x02, 0xEE, 0x20, 0x00, 0x00, 0x00, 0x0A, 0xF7, 0x00, 0x00, 0x00, 0x00, 0x2F,
    0xFC, 0xBB, 0xBB, 0xBB, 0xB5, 0x2F, 0xFF, 0xFF, 0xFF, 0xFF, 0xF7, 0x12, 0x32, 0x22, 0x21, 0x8F,
    0xFF, 0xFF, 0xF9, 0x8F, 0xC9, 0x99, 0x95, 0x8F, 0x70, 0x00, 0x00, 0x8F, 0x70, 0x00, 0x00, 0x8F,
    0x70, 0x00, 0x00, 0x8F, 0x70, 0x00, 0x00, 0x8F, 0x70, 0x00, 0x00, 0x8F, 0x70, 0x00, 0x00, 0x8F,
    0x70, 0x00, 0x00, 0x8F, 0x70, 0x00, 0x00, 0x8F, 0x70, 0x00, 0x00, 0x8F, 0x70, 0x00, 0x00, 0x8F,
    0x70, 0x00, 0x00, 0x8F, 0x70, 0x00, 0x00, 0x8F, 0x70, 0x00, 0x00, 0x8F, 0x70, 0x00, 0x00, 0x8F,
    0x70, 0x00, 0x00, 0x8F, 0x70, 0x00, 0x00, 0x8F, 0x70, 0x00, 0x00, 0x8F, 0x82, 0x22, 0x21, 0x8F,
    0xFF, 0xFF, 0xF9, 0x59, 0x99, 0x99, 0x95, 0x1D, 0xD1, 0x00, 0x00, 0x00, 0x00, 0x00, 0x09, 0xF7,
    0x00, 0x00, 0x00, 0x00, 0x00, 0x02, 0xFE, 0x00, 0x00, 0x00, 0x00, 0x00, 0x00, 0xAF, 0x60, 0x00,
    0x00, 0x00, 0x00, 0x00, 0x3F, 0xD0, 0x00, 0x00, 0x00, 0x00, 0x00, 0x0B, 0xF5, 0x00, 0x00, 0x00,
    0x00, 0x00, 0x04, 0xFC, 0x00, 0x00, 0x00, 0x00, 0x00, 0x00, 0xCF, 0x40, 0x00, 0x00, 0x00, 0x00,
    0x00, 0x5F, 0xB0, 0x00, 0x00, 0x00, 0x00, 0x00, 0x0D, 0xF3, 0x00, 0x00, 0x00, 0x00, 0x00, 0x06,
    0xF9, 0x00, 0x00, 0x00, 0x00, 0x00, 0x01, 0xEF, 0x20, 0x00, 0x00, 0x00, 0x00, 0x00, 0x7F, 0x80,
    0x00, 0x00, 0x00, 0x00, 0x00, 0x1E, 0xE1, 0x00, 0x00, 0x00, 0x00, 0x00, 0x09, 0xF7, 0x00, 0x00,
    0x00, 0x00, 0x00, 0x02, 0xFE, 0x00, 0x00, 0x00, 0x00, 0x00, 0x00, 0xAF, 0x60, 0x00, 0x00, 0x00,
    0x00, 0x00, 0x3F, 0xD0, 0x00, 0x00, 0x00, 0x00, 0x00, 0x0B, 0xF5, 0x00, 0x00, 0x00, 0x00, 0x00,
    0x04, 0xFC, 0x00, 0x00, 0x00, 0x00, 0x00, 0x00, 0xCF, 0x30, 0x00, 0x00, 0x00, 0x00, 0x00, 0x12,
    0x10, 0x12, 0x22, 0x23, 0x21, 0x8F, 0xFF, 0xFF, 0xF9, 0x59, 0x99, 0x9B, 0xF9, 0x00, 0x00, 0x06,
    0xF9, 0x00, 0x00, 0x06, 0xF9, 0x00, 0x00, 0x06, 0xF9, 0x00, 0x00, 0x06, 0xF9, 0x00, 0x00, 0x06,
    0xF9, 0x00, 0x00, 0x06, 0xF9, 0x00, 0x00, 0x06, 0xF9, 0x00, 0x00, 0x06, 0xF9, 0x00, 0x00, 0x06,
    0xF9, 0x00, 0x00, 0x06, 0xF9, 0x00, 0x00, 0x06, 0xF9, 0x00, 0x00, 0x06, 0xF9, 0x00, 0x00, 0x06,
    0xF9, 0x00, 0x00, 0x06, 0xF9, 0x00, 0x00, 0x06, 0xF9, 0x00, 0x00, 0x06, 0xF9, 0x00, 0x00, 0x06,
    0xF9, 0x12, 0x22, 0x27, 0xF9, 0x8F, 0xFF, 0xFF, 0xF9, 0x59, 0x99, 0x99, 0x95, 0x00, 0x07, 0xFF,
    0x80, 0x00, 0x00, 0x1E, 0xEE, 0xE1, 0x00, 0x00, 0x6F, 0x87, 0xF7, 0x00, 0x00, 0xDF, 0x21, 0xFE,
    0x10, 0x05, 0xFA, 0x00, 0x9F, 0x60, 0x0C, 0xF4, 0x00, 0x3F, 0xD0, 0x4F, 0xC0, 0x00, 0x0B, 0xF5,
    0xCF, 0xFF, 0xFF, 0xFF, 0xFF, 0xFD, 0x9B, 0xBB, 0xBB, 0xBB, 0xBB, 0xBA, 0xBF, 0x80, 0x00, 0x3F,
    0xF1, 0x00, 0x0A, 0xF8, 0x00, 0x02, 0xFE, 0x10, 0x00, 0x9F, 0x80, 0x00, 0x1E, 0xE1, 0x00, 0x05,
    0x83, 0x01, 0xFF, 0xEE, 0xB7, 0x10, 0x00, 0x00, 0x02, 0xCC, 0xCD, 0xFF, 0xE3, 0x00, 0x00, 0x00,
    0x00, 0x00, 0x19, 0xFC, 0x00, 0x00, 0x00, 0x00, 0x00, 0x00, 0xCF, 0x30, 0x00, 0x00, 0x00, 0x00,
    0x00, 0x9F, 0x50, 0x00, 0x01, 0x8C, 0xFF, 0xFE, 0xEF, 0x50, 0x00, 0x1D, 0xFF, 0xCB, 0xBC, 0xEF,
    0x50, 0x00, 0x9F, 0xA1, 0x00, 0x00, 0xAF, 0x50, 0x00, 0xCF, 0x30, 0x00, 0x00, 0xDF, 0x50, 0x00,
    0xBF, 0x70, 0x00, 0x2A, 0xCF, 0x50, 0x00, 0x4F, 0xFD, 0xBD, 0xFE, 0x5F, 0xCA, 0x40, 0x04, 0xBE,
    0xFD, 0x92, 0x3F, 0xFF, 0x70, 0x00, 0x00, 0x00, 0x00, 0x02, 0x10, 0x00, 0xFF, 0x00, 0x00, 0x00,
    0x00, 0x00, 0xFF, 0x00, 0x00, 0x00, 0x00, 0x00, 0xFF, 0x00, 0x00, 0x00, 0x00, 0x00, 0xFF, 0x00,
    0x00, 0x00, 0x00, 0x00, 0xFF, 0x00, 0x00, 0x00, 0x00, 0x00, 0xFF, 0x00, 0x00, 0x00, 0x00, 0x00,
    0xFF, 0x18, 0xDF, 0xEB, 0x50, 0x00, 0xFF, 0x8F, 0xDC, 0xDF, 0xF8, 0x00, 0xFF, 0xD3, 0x00, 0x05,
    0xFF, 0x30, 0xFF, 0x60, 0x00, 0x00, 0x9F, 0x90, 0xFF, 0x20, 0x00, 0x00, 0x5F, 0xB0, 0xFF, 0x10,
    0x00, 0x00, 0x4F, 0xC0, 0xFF, 0x00, 0x00, 0x00, 0x5F, 0xA0, 0xFF, 0x00, 0x00, 0x00, 0xAF, 0x70,
    0xFF, 0x00, 0x00, 0x04, 0xFF, 0x20, 0xFF, 0x00, 0x01, 0x6E, 0xF6, 0x00, 0xFF, 0xCB, 0xCF, 0xFE,
    0x60, 0x00, 0xCE, 0xFF, 0xEB, 0x71, 0x00, 0x00, 0x00, 0x04, 0xAD, 0xFF, 0xD8, 0x10, 0x00, 0x9F,
    0xFE, 0xCC, 0xFF, 0xE3, 0x06, 0xFE, 0x50, 0x00, 0x2B, 0xF7, 0x0E, 0xF5, 0x00, 0x00, 0x00, 0x40,
    0x3F, 0xD0, 0x00, 0x00, 0x00, 0x00, 0x4F, 0xB0, 0x00, 0x00, 0x00, 0x00, 0x4F, 0xC0, 0x00, 0x00,
    0x00, 0x00, 0x3F, 0xE0, 0x00, 0x00, 0x00, 0x00, 0x0D, 0xF7, 0x00, 0x00, 0x00, 0x00, 0x06, 0xFF,
    0x71, 0x00, 0x00, 0x00, 0x00, 0x8F, 0xFF, 0xCB, 0xCD, 0xF1, 0x00, 0x03, 0x9D, 0xFF, 0xFE, 0xC2,
    0x00, 0x00, 0x00, 0x00, 0x0F, 0xF0, 0x00, 0x00, 0x00, 0x00, 0x0F, 0xF0, 0x00, 0x00, 0x00, 0x00,
    0x0F, 0xF0, 0x00, 0x00, 0x00, 0x00, 0x0F, 0xF0, 0x00, 0x00, 0x00, 0x00, 0x0F, 0xF0, 0x00, 0x00,
    0x00, 0x00, 0x0F, 0xF0, 0x00, 0x5B, 0xEF, 0xD6, 0x1F, 0xF0, 0x07, 0xFF, 0xEC, 0xDF, 0x7F, 0xF0,
    0x2F, 0xF7, 0x00, 0x04, 0xCF, 0xF0, 0x7F, 0xB0, 0x00, 0x00, 0x7F, 0xF0, 0xAF, 0x60, 0x00, 0x00,
    0x3F, 0xF0, 0xBF, 0x40, 0x00, 0x00, 0x1F, 0xF0, 0xCF, 0x40, 0x00, 0x00, 0x1F, 0xF0, 0xAF, 0x60,
    0x00, 0x00, 0x3F, 0xF0, 0x7F, 0xA0, 0x00, 0x00, 0x7F, 0xF0, 0x2F, 0xF7, 0x00, 0x04, 0xCF, 0xF0,
    0x08, 0xFF, 0xEC, 0xDF, 0x7E, 0xF0, 0x00, 0x5C, 0xEF, 0xD6, 0x0C, 0xF0, 0x00, 0x00, 0x00, 0x00,
    0x01, 0x00, 0x00, 0x17, 0xCF, 0xFD, 0x81, 0x00, 0x01, 0xCF, 0xFC, 0xCE, 0xFD, 0x10, 0x0A, 0xFB,
    0x10, 0x01, 0x9F, 0xA0, 0x1F, 0xE1, 0x00, 0x00, 0x0D, 0xF1, 0x5F, 0xA0, 0x00, 0x00, 0x0A, 0xF3,
    0x6F, 0xFF, 0xFF, 0xFF, 0xFF, 0xF4, 0x6F, 0xDB, 0xBB, 0xBB, 0xBB, 0xB3, 0x4F, 0xB0, 0x00, 0x00,
    0x00, 0x00, 0x1E, 0xF4, 0x00, 0x00, 0x00, 0x00, 0x07, 0xFE, 0x60, 0x00, 0x00, 0x00, 0x00, 0x9F,
    0xFE, 0xCB, 0xCE, 0x70, 0x00, 0x04, 0xAD, 0xFF, 0xED, 0x70, 0x00, 0x00, 0x00, 0x04, 0xBE, 0xFE,
    0xD0, 0x00, 0x00, 0x00, 0x7F, 0xFD, 0xBC, 0xC0, 0x00, 0x00, 0x03, 0xFF, 0x50, 0x00, 0x00, 0x00,
    0x00, 0x09, 0xF8, 0x00, 0x00, 0x00, 0x00, 0x00, 0x0D, 0xF2, 0x00, 0x00, 0x00, 0x00, 0x00, 0x0F,
    0xF0, 0x00, 0x00, 0x00, 0x00, 0x00, 0x1F, 0xF0, 0x00, 0x00, 0x00, 0x00, 0x00, 0x1F, 0xF0, 0x00,
    0x00, 0x00, 0x1B, 0xBB, 0xBF, 0xFB, 0xBB, 0xBB, 0x20, 0x2F, 0xFF, 0xFF, 0xFF, 0xFF, 0xFF, 0x30,
    0x00, 0x00, 0x1F, 0xF0, 0x00, 0x00, 0x00, 0x00, 0x00, 0x1F, 0xF0, 0x00, 0x00, 0x00, 0x00, 0x00,
    0x1F, 0xF0, 0x00, 0x00, 0x00, 0x00, 0x00, 0x1F, 0xF0, 0x00, 0x00, 0x00, 0x00, 0x00, 0x1F, 0xF0,
    0x00, 0x00, 0x00, 0x00, 0x00, 0x1F, 0xF0, 0x00, 0x00, 0x00, 0x00, 0x00, 0x1F, 0xF0, 0x00, 0x00,
    0x00, 0x00, 0x00, 0x1F, 0xF0, 0x00, 0x00, 0x00, 0x00, 0x5B, 0xEF, 0xD7, 0x0D, 0xF0, 0x07, 0xFF,
    0xEC, 0xDF, 0x7E, 0xF0, 0x2F, 0xF7, 0x00, 0x04, 0xDF, 0xF0, 0x7F, 0xB0, 0x00, 0x00, 0x7F, 0xF0,
    0xAF, 0x60, 0x00, 0x00, 0x3F, 0xF0, 0xBF, 0x40, 0x00, 0x00, 0x1F, 0xF0, 0xCF, 0x40, 0x00, 0x00,
    0x1F, 0xF0, 0xAF, 0x60, 0x00, 0x00, 0x3F, 0xF0, 0x7F, 0xA0, 0x00, 0x00, 0x7F, 0xF0, 0x2F, 0xF7,
    0x00, 0x04, 0xCF, 0xF0, 0x08, 0xFF, 0xEC, 0xDF, 0x7F, 0xF0, 0x00, 0x5C, 0xEF, 0xD6, 0x1F, 0xF0,
    0x00, 0x00, 0x00, 0x00, 0x3F, 0xD0, 0x00, 0x00, 0x00, 0x00, 0x9F, 0x90, 0x00, 0x00, 0x00, 0x18,
    0xFF, 0x20, 0x0A, 0xCC, 0xDD, 0xFF, 0xE5, 0x00, 0x0C, 0xEE, 0xED, 0xB7, 0x10, 0x00, 0xEF, 0x10,
    0x00, 0x00, 0x00, 0xEF, 0x10, 0x00, 0x00, 0x00, 0xEF, 0x10, 0x00, 0x00, 0x00, 0xEF, 0x10, 0x00,
    0x00, 0x00, 0xEF, 0x10, 0x00, 0x00, 0x00, 0xEF, 0x10, 0x00, 0x00, 0x00, 0xEF, 0x27, 0xDF, 0xEB,
    0x30, 0xEF, 0x8F, 0xDC, 0xEF, 0xF3, 0xEF, 0xD3, 0x00, 0x1A, 0xFB, 0xEF, 0x60, 0x00, 0x02, 0xFE,
    0xEF, 0x40, 0x00, 0x01, 0xFF, 0xEF, 0x20, 0x00, 0x00, 0xFF, 0xEF, 0x10, 0x00, 0x00, 0xFF, 0xEF,
    0x10, 0x00, 0x00, 0xFF, 0xEF, 0x10, 0x00, 0x00, 0xFF, 0xEF, 0x10, 0x00, 0x00, 0xFF, 0xEF, 0x10,
    0x00, 0x00, 0xFF, 0xEF, 0x10, 0x00, 0x00, 0xFF, 0x00, 0x00, 0x00, 0x31, 0x00, 0x00, 0x00, 0x00,
    0x08, 0xFE, 0x20, 0x00, 0x00, 0x00, 0x0B, 0xFF, 0x40, 0x00, 0x00, 0x00, 0x03, 0xB8, 0x00, 0x00,
    0x00, 0x00, 0x00, 0x00, 0x00, 0x00, 0x00, 0x00, 0x00, 0x00, 0x00, 0x00, 0x05, 0xFF, 0xFF, 0xFE,
    0x00, 0x00, 0x04, 0xBB, 0xBC, 0xFE, 0x00, 0x00, 0x00, 0x00, 0x02, 0xFD, 0x00, 0x00, 0x00, 0x00,
    0x02, 0xFD, 0x00, 0x00, 0x00, 0x00, 0x02, 0xFD, 0x00, 0x00, 0x00, 0x00, 0x02, 0xFD, 0x00, 0x00,
    0x00, 0x00, 0x02, 0xFD, 0x00, 0x00, 0x00, 0x00, 0x02, 0xFD, 0x00, 0x00, 0x00, 0x00, 0x02, 0xFD,
    0x00, 0x00, 0x00, 0x00, 0x02, 0xFD, 0x00, 0x00, 0x0B, 0xBB, 0xBC, 0xFF, 0xBB, 0xB9, 0x0F, 0xFF,
    0xFF, 0xFF, 0xFF, 0xFC, 0x00, 0x00, 0x00, 0x22, 0x00, 0x00, 0x00, 0x04, 0xFF, 0x50, 0x00, 0x00,
    0x06, 0xFF, 0x80, 0x00, 0x00, 0x01, 0x9A, 0x10, 0x00, 0x00, 0x00, 0x00, 0x00, 0x00, 0x00, 0x00,
    0x00, 0x00, 0x0C, 0xFF, 0xFF, 0xFF, 0x50, 0x09, 0xBB, 0xBB, 0xEF, 0x50, 0x00, 0x00, 0x00, 0xBF,
    0x50, 0x00, 0x00, 0x00, 0xBF, 0x50, 0x00, 0x00, 0x00, 0xBF, 0x50, 0x00, 0x00, 0x00, 0xBF, 0x50,
    0x00, 0x00, 0x00, 0xBF, 0x50, 0x00, 0x00, 0x00, 0xBF, 0x50, 0x00, 0x00, 0x00, 0xBF, 0x50, 0x00,
    0x00, 0x00, 0xBF, 0x50, 0x00, 0x00, 0x00, 0xBF, 0x50, 0x00, 0x00, 0x00, 0xBF, 0x40, 0x00, 0x00,
    0x00, 0xDF, 0x20, 0x00, 0x00, 0x05, 0xFD, 0x00, 0x00, 0x02, 0x7F, 0xF6, 0x00, 0xBD, 0xEF, 0xFF,
    0x70, 0x00, 0xCE, 0xDA, 0x72, 0x00, 0x00, 0x0F, 0xF0, 0x00, 0x00, 0x00, 0x00, 0x00, 0x0F, 0xF0,
    0x00, 0x00, 0x00, 0x00, 0x00, 0x0F, 0xF0, 0x00, 0x00, 0x00, 0x00, 0x00, 0x0F, 0xF0, 0x00, 0x00,
    0x00, 0x00, 0x00, 0x0F, 0xF0, 0x00, 0x00, 0x00, 0x00, 0x00, 0x0F, 0xF0, 0x00, 0x00, 0x00, 0x00,
    0x00, 0x0F, 0xF0, 0x00, 0x00, 0x0B, 0xF6, 0x00, 0x0F, 0xF0, 0x00, 0x00, 0x0E, 0xF3, 0x00, 0x0F,
    0xF0, 0x00, 0x00, 0x5F, 0xD0, 0x00, 0x0F, 0xF0, 0x00, 0x01, 0xDF, 0x70, 0x00, 0x0F, 0xF0, 0x00,
    0x3C, 0xFC, 0x00, 0x00, 0x0F, 0xFB, 0xCE, 0xFF, 0xD2, 0x00, 0x00, 0x0F, 0xFF, 0xFE, 0xCF, 0xE1,
    0x00, 0x00, 0x0F, 0xF0, 0x00, 0x0C, 0xF9, 0x00, 0x00, 0x0F, 0xF0, 0x00, 0x03, 0xFF, 0x30, 0x00,
    0x0F, 0xF0, 0x00, 0x00, 0xAF, 0xC0, 0x00, 0x0F, 0xF0, 0x00, 0x00, 0x2F, 0xF6, 0x00, 0x0F, 0xF0,
    0x00, 0x00, 0x08, 0xFE, 0x10, 0xBF, 0xFF, 0xFF, 0x10, 0x00, 0x00, 0x8B, 0xBB, 0xFF, 0x10, 0x00,
    0x00, 0x00, 0x00, 0xEF, 0x10, 0x00, 0x00, 0x00, 0x00, 0xEF, 0x10, 0x00, 0x00, 0x00, 0x00, 0xEF,
    0x10, 0x00, 0x00, 0x00, 0x00, 0xEF, 0x10, 0x00, 0x00, 0x00, 0x00, 0xEF, 0x10, 0x00, 0x00, 0x00,
    0x00, 0xEF, 0x10, 0x00, 0x00, 0x00, 0x00, 0xEF, 0x10, 0x00, 0x00, 0x00, 0x00, 0xEF, 0x10, 0x00,
    0x00, 0x00, 0x00, 0xEF, 0x10, 0x00, 0x00, 0x00, 0x00, 0xEF, 0x10, 0x00, 0x00, 0x00, 0x00, 0xEF,
    0x10, 0x00, 0x00, 0x00, 0x00, 0xEF, 0x10, 0x00, 0x00, 0x00, 0x00, 0xDF, 0x30, 0x00, 0x00, 0x00,
    0x00, 0xAF, 0xA0, 0x00, 0x01, 0x00, 0x00, 0x3F, 0xFE, 0xCC, 0xE5, 0x00, 0x00, 0x04, 0xCE, 0xFE,
    0xC4, 0x9F, 0x5B, 0xFD, 0x35, 0xEF, 0xB1, 0x9F, 0xC9, 0xAF, 0xCB, 0x8E, 0xF7, 0x9F, 0x90, 0x0E,
    0xF1, 0x07, 0xFA, 0x9F, 0x70, 0x0D, 0xE0, 0x06, 0xFA, 0x9F, 0x70, 0x0D, 0xE0, 0x06, 0xFA, 0x9F,
    0x70, 0x0D, 0xE0, 0x06, 0xFA, 0x9F, 0x70, 0x0D, 0xE0, 0x06, 0xFA, 0x9F, 0x70, 0x0D, 0xE0, 0x06,
    0xFA, 0x9F, 0x70, 0x0D, 0xE0, 0x06, 0xFA, 0x9F, 0x70, 0x0D, 0xE0, 0x06, 0xFA, 0x9F, 0x70, 0x0D,
    0xE0, 0x06, 0xFA, 0x9F, 0x70, 0x0D, 0xE0, 0x06, 0xFA, 0xEE, 0x08, 0xDF, 0xEB, 0x30, 0xEF, 0x8F,
    0xDC, 0xEF, 0xF3, 0xEF, 0xD3, 0x00, 0x0A, 0xFB, 0xEF, 0x60, 0x00, 0x02, 0xFE, 0xEF, 0x30, 0x00,
    0x01, 0xFF, 0xEF, 0x20, 0x00, 0x00, 0xFF, 0xEF, 0x10, 0x00, 0x00, 0xFF, 0xEF, 0x10, 0x00, 0x00,
    0xFF, 0xEF, 0x10, 0x00, 0x00, 0xFF, 0xEF, 0x10, 0x00, 0x00, 0xFF, 0xEF, 0x10, 0x00, 0x00, 0xFF,
    0xEF, 0x10, 0x00, 0x00, 0xFF, 0x00, 0x07, 0xCF, 0xFD, 0x81, 0x00, 0x01, 0xCF, 0xFC, 0xCF, 0xFC,
    0x10, 0x08, 0xFD, 0x20, 0x02, 0xCF, 0x90, 0x0E, 0xF4, 0x00, 0x00, 0x3F, 0xF1, 0x3F, 0xE0, 0x00,
    0x00, 0x0D, 0xF4, 0x4F, 0xC0, 0x00, 0x00, 0x0B, 0xF5, 0x4F, 0xC0, 0x00, 0x00, 0x0B, 0xF5, 0x3F,
    0xE0, 0x00, 0x00, 0x0D, 0xF4, 0x0E, 0xF4, 0x00, 0x00, 0x3F, 0xF1, 0x08, 0xFD, 0x20, 0x02, 0xCF,
    0x90, 0x01, 0xCF, 0xFC, 0xCF, 0xFC, 0x10, 0x00, 0x07, 0xCF, 0xFD, 0x81, 0x00, 0xEE, 0x06, 0xDF,
    0xEC, 0x50, 0x00, 0xEF, 0x6F, 0xDC, 0xDF, 0xF8, 0x00, 0xEF, 0xD5, 0x00, 0x06, 0xFF, 0x20, 0xEF,
    0x80, 0x00, 0x00, 0xAF, 0x80, 0xEF, 0x40, 0x00, 0x00, 0x5F, 0xB0, 0xEF, 0x20, 0x00, 0x00, 0x3F,
    0xC0, 0xEF, 0x20, 0x00, 0x00, 0x3F, 0xD0, 0xEF, 0x40, 0x00, 0x00, 0x5F, 0xB0, 0xEF, 0x80, 0x00,
    0x00, 0xAF, 0x80, 0xEF, 0xD5, 0x00, 0x06, 0xFF, 0x30, 0xEF, 0x7F, 0xDB, 0xDF, 0xF9, 0x00, 0xEF,
    0x16, 0xCF, 0xEC, 0x60, 0x00, 0xEF, 0x10, 0x00, 0x00, 0x00, 0x00, 0xEF, 0x10, 0x00, 0x00, 0x00,
    0x00, 0xEF, 0x10, 0x00, 0x00, 0x00, 0x00, 0xEF, 0x10, 0x00, 0x00, 0x00, 0x00, 0xEF, 0x10, 0x00,
    0x00, 0x00, 0x00, 0x00, 0x4B, 0xEF, 0xD7, 0x0D, 0xF0, 0x05, 0xFF, 0xEC, 0xCF, 0x7E, 0xF0, 0x1E,
    0xF8, 0x00, 0x02, 0xCF, 0xF0, 0x6F, 0xC0, 0x00, 0x00, 0x5F, 0xF0, 0xAF, 0x60, 0x00, 0x00, 0x2F,
    0xF0, 0xBF, 0x40, 0x00, 0x00, 0x0F, 0xF0, 0xCF, 0x40, 0x00, 0x00, 0x1F, 0xF0, 0xAF, 0x60, 0x00,
    0x00, 0x1F, 0xF0, 0x7F, 0xB0, 0x00, 0x00, 0x2F, 0xF0, 0x2F, 0xF7, 0x00, 0x01, 0xAF, 0xF0, 0x06,
    0xFF, 0xEC, 0xCF, 0x9F, 0xF0, 0x00, 0x4B, 0xEF, 0xD8, 0x1F, 0xF0, 0x00, 0x00, 0x00, 0x00, 0x0F,
    0xF0, 0x00, 0x00, 0x00, 0x00, 0x0F, 0xF0, 0x00, 0x00, 0x00, 0x00, 0x0F, 0xF0, 0x00, 0x00, 0x00,
    0x00, 0x0F, 0xF0, 0x00, 0x00, 0x00, 0x00, 0x0F, 0xF0, 0x8F, 0xFF, 0x90, 0x6D, 0xFE, 0xB2, 0x00,
    0x6B, 0xCF, 0xB6, 0xFD, 0xCE, 0xFD, 0x00, 0x00, 0x1F, 0xDB, 0x50, 0x01, 0xEF, 0x40, 0x00, 0x1F,
    0xF8, 0x00, 0x00, 0xAF, 0x60, 0x00, 0x1F, 0xF3, 0x00, 0x00, 0x00, 0x00, 0x00, 0x1F, 0xF1, 0x00,
    0x00, 0x00, 0x00, 0x00, 0x1F, 0xF0, 0x00, 0x00, 0x00, 0x00, 0x00, 0x1F, 0xE0, 0x00, 0x00, 0x00,
    0x00, 0x00, 0x1F, 0xE0, 0x00, 0x00, 0x00, 0x00, 0x00, 0x1F, 0xE0, 0x00, 0x00, 0x00, 0x00, 0xBB,
    0xCF, 0xFB, 0xBB, 0x30, 0x00, 0x00, 0xFF, 0xFF, 0xFF, 0xFF, 0x40, 0x00, 0x00, 0x00, 0x28, 0xBE,
    0xFF, 0xFE, 0xA0, 0x04, 0xEF, 0xFD, 0xCB, 0xCC, 0x90, 0x0B, 0xFA, 0x10, 0x00, 0x00, 0x00, 0x0D,
    0xF4, 0x00, 0x00, 0x00, 0x00, 0x0A, 0xFD, 0x62, 0x00, 0x00, 0x00, 0x01, 0xBF, 0xFF, 0xDA, 0x61,
    0x00, 0x00, 0x02, 0x6A, 0xEF, 0xFE, 0x40, 0x00, 0x00, 0x00, 0x02, 0x9F, 0xE0, 0x00, 0x00, 0x00,
    0x00, 0x0F, 0xF2, 0x01, 0x00, 0x00, 0x00, 0x6F, 0xF1, 0x0E, 0xEC, 0xCB, 0xCE, 0xFF, 0x70, 0x0C,
    0xEF, 0xFF, 0xED, 0xA4, 0x00, 0x00, 0x00, 0x8B, 0x30, 0x00, 0x00, 0x00, 0x00, 0x00, 0xBF, 0x40,
    0x00, 0x00, 0x00, 0x00, 0x00, 0xBF, 0x40, 0x00, 0x00, 0x00, 0x00, 0x00, 0xBF, 0x40, 0x00, 0x00,
    0x00, 0x1F, 0xFF, 0xFF, 0xFF, 0xFF, 0xFF, 0x00, 0x1B, 0xBB, 0xEF, 0xCB, 0xBB, 0xBB, 0x00, 0x00,
    0x00, 0xBF, 0x40, 0x00, 0x00, 0x00, 0x00, 0x00, 0xBF, 0x40, 0x00, 0x00, 0x00, 0x00, 0x00, 0xBF,
    0x40, 0x00, 0x00, 0x00, 0x00, 0x00, 0xBF, 0x50, 0x00, 0x00, 0x00, 0x00, 0x00, 0xBF, 0x40, 0x00,
    0x00, 0x00, 0x00, 0x00, 0xBF, 0x50, 0x00, 0x00, 0x00, 0x00, 0x00, 0x9F, 0x80, 0x00, 0x00, 0x00,
    0x00, 0x00, 0x5F, 0xE3, 0x00, 0x00, 0x00, 0x00, 0x00, 0x0C, 0xFF, 0xDC, 0xCD, 0x40, 0x00, 0x00,
    0x01, 0x7C, 0xFF, 0xED, 0x50, 0x3F, 0xC0, 0x00, 0x00, 0x6F, 0xA0, 0x00, 0x3F, 0xC0, 0x00, 0x00,
    0x6F, 0xA0, 0x00, 0x3F, 0xC0, 0x00, 0x00, 0x6F, 0xA0, 0x00, 0x3F, 0xC0, 0x00, 0x00, 0x6F, 0xA0,
    0x00, 0x3F, 0xC0, 0x00, 0x00, 0x6F, 0xA0, 0x00, 0x3F, 0xC0, 0x00, 0x00, 0x6F, 0xA0, 0x00, 0x3F,
    0xC0, 0x00, 0x00, 0x6F, 0xA0, 0x00, 0x3F, 0xC0, 0x00, 0x00, 0x7F, 0xB0, 0x00, 0x2F, 0xE0, 0x00,
    0x00, 0xAF, 0xB0, 0x00, 0x0E, 0xF7, 0x00, 0x05, 0xFF, 0xA0, 0x00, 0x06, 0xFF, 0xDC, 0xDF, 0x8F,
    0xEA, 0x30, 0x00, 0x5C, 0xFF, 0xC4, 0x3F, 0xFF, 0x50, 0x00, 0x00, 0x00, 0x00, 0x02, 0x10, 0x00,
    0xCF, 0x60, 0x00, 0x00, 0x05, 0xFD, 0x6F, 0xB0, 0x00, 0x00, 0x0A, 0xF7, 0x1E, 0xF2, 0x00, 0x00,
    0x1F, 0xF1, 0x09, 0xF7, 0x00, 0x00, 0x6F, 0xA0, 0x03, 0xFD, 0x00, 0x00, 0xCF, 0x40, 0x00, 0xDF,
    0x30, 0x02, 0xFD, 0x00, 0x00, 0x7F, 0x90, 0x08, 0xF8, 0x00, 0x00, 0x1F, 0xE0, 0x0D, 0xF2, 0x00,
    0x00, 0x0A, 0xF5, 0x4F, 0xB0, 0x00, 0x00, 0x04, 0xFA, 0x9F, 0x50, 0x00, 0x00, 0x00, 0xDF, 0xEE,
    0x00, 0x00, 0x00, 0x00, 0x8F, 0xF9, 0x00, 0x00, 0x0F, 0xD0, 0x03, 0xFF, 0x10, 0x0D, 0xF1, 0x0D,
    0xF0, 0x05, 0xFF, 0x30, 0x0F, 0xE0, 0x0B, 0xF1, 0x08, 0xBE, 0x50, 0x2F, 0xB0, 0x09, 0xF3, 0x0A,
    0x9C, 0x80, 0x4F, 0x90, 0x07, 0xF5, 0x0C, 0x79, 0xA0, 0x6F, 0x60, 0x05, 0xF7, 0x0F, 0x47, 0xC0,
    0x8F, 0x40, 0x03, 0xF9, 0x2F, 0x24, 0xE0, 0xAF, 0x10, 0x01, 0xFB, 0x4F, 0x02, 0xF2, 0xCE, 0x00,
    0x00, 0xEC, 0x7C, 0x00, 0xF4, 0xEB, 0x00, 0x00, 0xCE, 0x9A, 0x00, 0xC8, 0xF9, 0x00, 0x00, 0xAF,
    0xD8, 0x00, 0xAD, 0xF6, 0x00, 0x00, 0x8F, 0xF5, 0x00, 0x8F, 0xF4, 0x00, 0x4F, 0xE2, 0x00, 0x00,
    0x1E, 0xF5, 0x08, 0xFC, 0x00, 0x00, 0xBF, 0x90, 0x00, 0xBF, 0x80, 0x07, 0xFC, 0x00, 0x00, 0x2E,
    0xF4, 0x3F, 0xE2, 0x00, 0x00, 0x04, 0xFE, 0xDF, 0x40, 0x00, 0x00, 0x00, 0x8F, 0xF8, 0x00, 0x00,
    0x00, 0x00, 0x7F, 0xF8, 0x00, 0x00, 0x00, 0x03, 0xFE, 0xEF, 0x40, 0x00, 0x00, 0x1D, 0xF4, 0x4F,
    0xE2, 0x00, 0x00, 0xBF, 0x80, 0x07, 0xFC, 0x00, 0x08, 0xFC, 0x00, 0x00, 0xBF, 0x90, 0x4F, 0xE2,
    0x00, 0x00, 0x1E, 0xF5, 0x1F, 0xF1, 0x00, 0x00, 0x00, 0x5F, 0xC0, 0x09, 0xF7, 0x00, 0x00, 0x00,
    0xAF, 0x60, 0x03, 0xFD, 0x00, 0x00, 0x01, 0xFF, 0x10, 0x00, 0xCF, 0x50, 0x00, 0x05, 0xFA, 0x00,
    0x00, 0x5F, 0xB0, 0x00, 0x0B, 0xF5, 0x00, 0x00, 0x0E, 0xF2, 0x00, 0x1F, 0xE0, 0x00, 0x00, 0x08,
    0xF8, 0x00, 0x6F, 0x90, 0x00, 0x00, 0x01, 0xFE, 0x10, 0xBF, 0x30, 0x00, 0x00, 0x00, 0xAF, 0x61,
    0xFD, 0x00, 0x00, 0x00, 0x00, 0x3F, 0xC6, 0xF7, 0x00, 0x00, 0x00, 0x00, 0x0C, 0xFD, 0xF2, 0x00,
    0x00, 0x00, 0x00, 0x06, 0xFF, 0xB0, 0x00, 0x00, 0x00, 0x00, 0x00, 0xBF, 0x40, 0x00, 0x00, 0x00,
    0x00, 0x07, 0xFB, 0x00, 0x00, 0x00, 0x00, 0x03, 0x9F, 0xE2, 0x00, 0x00, 0x00, 0x1C, 0xEF, 0xFD,
    0x30, 0x00, 0x00, 0x00, 0x1E, 0xCA, 0x60, 0x00, 0x00, 0x00, 0x00, 0xFF, 0xFF, 0xFF, 0xFF, 0xFC,
    0x00, 0xBB, 0xBB, 0xBB, 0xBE, 0xFC, 0x00, 0x00, 0x00, 0x00, 0x3F, 0xE3, 0x00, 0x00, 0x00, 0x02,
    0xEF, 0x40, 0x00, 0x00, 0x00, 0x1D, 0xF6, 0x00, 0x00, 0x00, 0x01, 0xCF, 0x80, 0x00, 0x00, 0x00,
    0x0A, 0xFA, 0x00, 0x00, 0x00, 0x00, 0x9F, 0xB0, 0x00, 0x00, 0x00, 0x07, 0xFD, 0x10, 0x00, 0x00,
    0x00, 0x5F, 0xE2, 0x00, 0x00, 0x00, 0x00, 0xEF, 0xDB, 0xBB, 0xBB, 0xBB, 0x10, 0xFF, 0xFF, 0xFF,
    0xFF, 0xFF, 0x10, 0x00, 0x00, 0x7D, 0xFE, 0x60, 0x00, 0x0A, 0xFF, 0xCC, 0x50, 0x00, 0x2F, 0xF4,
    0x00, 0x00, 0x00, 0x4F, 0xC0, 0x00, 0x00, 0x00, 0x2F, 0xE0, 0x00, 0x00, 0x00, 0x0D, 0xF3, 0x00,
    0x00, 0x00, 0x09, 0xF8, 0x00, 0x00, 0x00, 0x05, 0xFC, 0x00, 0x00, 0x00, 0x05, 0xFC, 0x00, 0x00,
    0x00, 0x4D, 0xF7, 0x00, 0x00, 0xBE, 0xEC, 0x60, 0x00, 0x00, 0xEF, 0xB9, 0x40, 0x00, 0x00, 0x01,
    0x5D, 0xF7, 0x00, 0x00, 0x00, 0x04, 0xFC, 0x00, 0x00, 0x00, 0x06, 0xFB, 0x00, 0x00, 0x00, 0x0A,
    0xF6, 0x00, 0x00, 0x00, 0x1E, 0xF1, 0x00, 0x00, 0x00, 0x3F, 0xD0, 0x00, 0x00, 0x00, 0x4F, 0xE0,
    0x00, 0x00, 0x00, 0x1E, 0xFA, 0x44, 0x20, 0x00, 0x04, 0xEF, 0xFF, 0x60, 0x00, 0x00, 0x16, 0x87,
    0x30, 0x44, 0x00, 0xFF, 0x00, 0xFF, 0x00, 0xFF, 0x00, 0xFF, 0x00, 0xFF, 0x00, 0xFF, 0x00, 0xFF,
    0x00, 0xFF, 0x00, 0xFF, 0x00, 0xFF, 0x00, 0xFF, 0x00, 0xFF, 0x00, 0xFF, 0x00, 0xFF, 0x00, 0xFF,
    0x00, 0xFF, 0x00, 0xFF, 0x00, 0xFF, 0x00, 0xFF, 0x00, 0xFF, 0x00, 0xFF, 0x00, 0xFF, 0x00, 0xFF,
    0x00, 0xAB, 0x00, 0x5E, 0xFD, 0x80, 0x00, 0x00, 0x4C, 0xCF, 0xFB, 0x00, 0x00, 0x00, 0x03, 0xFF,
    0x30, 0x00, 0x00, 0x00, 0xBF, 0x50, 0x00, 0x00, 0x00, 0xDF, 0x30, 0x00, 0x00, 0x02, 0xFE, 0x00,
    0x00, 0x00, 0x07, 0xFA, 0x00, 0x00, 0x00, 0x0B, 0xF6, 0x00, 0x00, 0x00, 0x0B, 0xF5, 0x00, 0x00,
    0x00, 0x06, 0xFD, 0x40, 0x00, 0x00, 0x00, 0x6C, 0xEE, 0xC0, 0x00, 0x00, 0x38, 0xBF, 0xF0, 0x00,
    0x06, 0xFD, 0x52, 0x00, 0x00, 0x0B, 0xF5, 0x00, 0x00, 0x00, 0x0A, 0xF7, 0x00, 0x00, 0x00, 0x05,
    0xFB, 0x00, 0x00, 0x00, 0x01, 0xEF, 0x10, 0x00, 0x00, 0x00, 0xCF, 0x40, 0x00, 0x00, 0x00, 0xDF,
    0x50, 0x00, 0x14, 0x4A, 0xFE, 0x10, 0x00, 0x6F, 0xFF, 0xE5, 0x00, 0x00, 0x27, 0x86, 0x10, 0x00,
    0x00, 0x03, 0x8A, 0x71, 0x00, 0x02, 0xFC, 0x2E, 0xFF, 0xFE, 0x40, 0x03, 0xFC, 0x8F, 0xC6, 0x8F,
    0xF8, 0x28, 0xFA, 0xAF, 0x40, 0x03, 0xDF, 0xFF, 0xF6, 0xBF, 0x30, 0x00, 0x18, 0xDD, 0x80, 0x34,
    0x10, 0x00, 0x00, 0x00, 0x00,
};
static const hp_glyph plua_glyphs_cascadia_32[95] = {
    {0, 0, 0, 0, 19, 0},
    {5, 22, 7, 8, 19, 0},
    {10, 10, 4, 8, 19, 66},
    {17, 22, 1, 8, 19, 116},
    {15, 32, 2, 3, 19, 314},
    {19, 22, 0, 8, 19, 570},
    {18, 22, 0, 8, 19, 790},
    {4, 10, 7, 8, 19, 988},
    {12, 30, 3, 4, 19, 1008},
    {12, 30, 3, 4, 19, 1188},
    {16, 15, 1, 11, 19, 1368},
    {17, 17, 1, 11, 19, 1488},
    {5, 11, 7, 26, 19, 1641},
    {17, 3, 1, 18, 19, 1674},
    {5, 5, 7, 25, 19, 1701},
    {16, 30, 1, 4, 19, 1716},
    {16, 22, 1, 8, 19, 1956},
    {15, 22, 2, 8, 19, 2132},
    {16, 22, 1, 8, 19, 2308},
    {15, 22, 2, 8, 19, 2484},
    {17, 22, 1, 8, 19, 2660},
    {15, 22, 2, 8, 19, 2858},
    {15, 22, 2, 8, 19, 3034},
    {17, 22, 1, 8, 19, 3210},
    {16, 22, 1, 8, 19, 3408},
    {16, 22, 1, 8, 19, 3584},
    {5, 17, 7, 13, 19, 3760},
    {6, 24, 6, 13, 19, 3811},
    {16, 16, 1, 11, 19, 3883},
    {17, 11, 1, 14, 19, 4011},
    {16, 16, 1, 11, 19, 4110},
    {15, 22, 2, 8, 19, 4238},
    {16, 26, 1, 8, 19, 4414},
    {18, 22, 0, 8, 19, 4622},
    {16, 22, 1, 8, 19, 4820},
    {17, 22, 1, 8, 19, 4996},
    {16, 22, 1, 8, 19, 5194},
    {16, 22, 1, 8, 19, 5370},
    {16, 22, 1, 8, 19, 5546},
    {17, 22, 1, 8, 19, 5722},
    {15, 22, 2, 8, 19, 5920},
    {14, 22, 2, 8, 19, 6096},
    {16, 22, 1, 8, 19, 6250},
    {16, 22, 1, 8, 19, 6426},
    {16, 22, 1, 8, 19, 6602},
    {15, 22, 2, 8, 19, 6778},
    {15, 22, 2, 8, 19, 6954},
    {17, 22, 1, 8, 19, 7130},
    {16, 22, 1, 8, 19, 7328},
    {17, 29, 1, 8, 19, 7504},
    {16, 22, 1, 8, 19, 7765},
    {15, 22, 2, 8, 19, 7941},
    {17, 22, 1, 8, 19, 8117},
    {15, 22, 2, 8, 19, 8315},
    {18, 22, 0, 8, 19, 8491},
    {19, 22, 0, 8, 19, 8689},
    {17, 22, 1, 8, 19, 8909},
    {19, 22, 0, 8, 19, 9107},
    {15, 22, 2, 8, 19, 9327},
    {11, 30, 4, 4, 19, 9503},
    {16, 30, 1, 4, 19, 9683},
    {10, 30, 4, 4, 19, 9923},
    {13, 10, 3, 8, 19, 10073},
    {17, 3, 1, 30, 19, 10143},
    {8, 9, 5, 8, 19, 10170},
    {17, 18, 1, 13, 19, 10206},
    {16, 23, 1, 7, 19, 10368},
    {15, 17, 2, 13, 19, 10552},
    {15, 24, 2, 7, 19, 10688},
    {15, 17, 2, 13, 19, 10880},
    {17, 23, 1, 7, 19, 11016},
    {15, 24, 2, 13, 19, 11223},
    {14, 23, 2, 7, 19, 11415},
    {16, 25, 1, 5, 19, 11576},
    {13, 32, 3, 5, 19, 11776},
    {16, 23, 1, 7, 19, 12000},
    {16, 23, 1, 7, 19, 12184},
    {16, 17, 1, 13, 19, 12368},
    {14, 17, 2, 13, 19, 12504},
    {15, 17, 2, 13, 19, 12623},
    {16, 24, 1, 13, 19, 12759},
    {15, 24, 2, 13, 19, 12951},
    {17, 17, 1, 13, 19, 13143},
    {15, 17, 2, 13, 19, 13296},
    {16, 22, 1, 8, 19, 13432},
    {16, 18, 1, 13, 19, 13608},
    {17, 17, 1, 13, 19, 13752},
    {17, 17, 1, 13, 19, 13905},
    {16, 17, 1, 13, 19, 14058},
    {17, 24, 1, 13, 19, 14194},
    {15, 17, 2, 13, 19, 14410},
    {12, 30, 3, 4, 19, 14546},
    {3, 33, 8, 2, 19, 14726},
    {12, 30, 3, 4, 19, 14792},
    {17, 7, 1, 15, 19, 14972}
};
static const unsigned char plua_bits_cascadia_32[15035] = {
    0x0F, 0xFB, 0x00, 0x0E, 0xFA, 0x00, 0x0E, 0xFA, 0x00, 0x0E, 0xFA, 0x00, 0x0E, 0xFA, 0x00, 0x0E,
    0xFA, 0x00, 0x0D, 0xF9, 0x00, 0x0D, 0xF9, 0x00, 0x0D, 0xF9, 0x00, 0x0D, 0xF9, 0x00, 0x0D, 0xF8,
    0x00, 0x0D, 0xF8, 0x00, 0x0C, 0xF8, 0x00, 0x0C, 0xF8, 0x00, 0x0C, 0xF7, 0x00, 0x00, 0x00, 0x00,
    0x00, 0x00, 0x00, 0x01, 0x30, 0x00, 0x3E, 0xFD, 0x10, 0xAF, 0xFF, 0x60, 0x9F, 0xFF, 0x50, 0x1C,
    0xF9, 0x00, 0x2F, 0xFD, 0x00, 0x2F, 0xFD, 0x1F, 0xFC, 0x00, 0x1F, 0xFC, 0x1F, 0xFC, 0x00, 0x1F,
    0xFC, 0x0F, 0xFC, 0x00, 0x0F, 0xFC, 0x0F, 0xFB, 0x00, 0x0F, 0xFB, 0x0F, 0xFB, 0x00, 0x0F, 0xFB,
    0x0E, 0xFB, 0x00, 0x0E, 0xFB, 0x0E, 0xFA, 0x00, 0x0E, 0xFA, 0x0E, 0xFA, 0x00, 0x0E, 0xFA, 0x0D,
    0xFA, 0x00, 0x0D, 0xFA, 0x00, 0x00, 0x5F, 0xF0, 0x00, 0x07, 0xFD, 0x00, 0x00, 0x00, 0x00, 0x6F,
    0xE0, 0x00, 0x08, 0xFB, 0x00, 0x00, 0x00, 0x00, 0x7F, 0xC0, 0x00, 0x09, 0xFA, 0x00, 0x00, 0x00,
    0x00, 0x8F, 0xB0, 0x00, 0x0B, 0xF9, 0x00, 0x00, 0x00, 0x00, 0xAF, 0xA0, 0x00, 0x0C, 0xF8, 0x00,
    0x00, 0x14, 0x44, 0xCF, 0xA4, 0x44, 0x4E, 0xF9, 0x44, 0x00, 0x5F, 0xFF, 0xFF, 0xFF, 0xFF, 0xFF,
    0xFF, 0xFF, 0x10, 0x5F, 0xFF, 0xFF, 0xFF, 0xFF, 0xFF, 0xFF, 0xFF, 0x10, 0x00, 0x00, 0xFF, 0x50,
    0x00, 0x2F, 0xF3, 0x00, 0x00, 0x00, 0x01, 0xFF, 0x30, 0x00, 0x3F, 0xF1, 0x00, 0x00, 0x00, 0x02,
    0xFF, 0x20, 0x00, 0x5F, 0xF0, 0x00, 0x00, 0x00, 0x04, 0xFF, 0x10, 0x00, 0x6F, 0xE0, 0x00, 0x00,
    0x00, 0x05, 0xFF, 0x00, 0x00, 0x7F, 0xC0, 0x00, 0x00, 0x00, 0x06, 0xFD, 0x00, 0x00, 0x8F, 0xB0,
    0x00, 0x00, 0x5F, 0xFF, 0xFF, 0xFF, 0xFF, 0xFF, 0xFF, 0xFF, 0x10, 0x5F, 0xFF, 0xFF, 0xFF, 0xFF,
    0xFF, 0xFF, 0xFF, 0x10, 0x14, 0x4B, 0xFB, 0x44, 0x44, 0xDF, 0x94, 0x44, 0x00, 0x00, 0x0B, 0xF8,
    0x00, 0x00, 0xEF, 0x60, 0x00, 0x00, 0x00, 0x0D, 0xF7, 0x00, 0x00, 0xFF, 0x50, 0x00, 0x00, 0x00,
    0x0E, 0xF6, 0x00, 0x01, 0xFF, 0x30, 0x00, 0x00, 0x00, 0x0F, 0xF4, 0x00, 0x02, 0xFF, 0x20, 0x00,
    0x00, 0x00, 0x1F, 0xF3, 0x00, 0x04, 0xFF, 0x10, 0x00, 0x00, 0x00, 0x00, 0x00, 0x6F, 0x80, 0x00,
    0x00, 0x00, 0x00, 0x00, 0x00, 0x6F, 0x80, 0x00, 0x00, 0x00, 0x00, 0x00, 0x00, 0x6F, 0x80, 0x00,
    0x00, 0x00, 0x00, 0x00, 0x00, 0x6F, 0x80, 0x00, 0x00, 0x00, 0x00, 0x00, 0x00, 0x6F, 0x80, 0x00,
    0x00, 0x00, 0x00, 0x03, 0x9D, 0xFF, 0xFC, 0x94, 0x00, 0x00, 0x00, 0x9F, 0xFF, 0xFF, 0xFF, 0xFF,
    0xC3, 0x00, 0x07, 0xFF, 0xFC, 0xBF, 0xDC, 0xFF, 0xFF, 0x30, 0x0E, 0xFF, 0x40, 0x6F, 0x80, 0x3A,
    0xF9, 0x00, 0x2F, 0xFA, 0x00, 0x6F, 0x80, 0x00, 0x30, 0x00, 0x4F, 0xF7, 0x00, 0x6F, 0x80, 0x00,
    0x00, 0x00, 0x3F, 0xF9, 0x00, 0x6F, 0x80, 0x00, 0x00, 0x00, 0x0E, 0xFF, 0x30, 0x6F, 0x80, 0x00,
    0x00, 0x00, 0x07, 0xFF, 0xF8, 0x7F, 0x80, 0x00, 0x00, 0x00, 0x00, 0x9F, 0xFF, 0xFF, 0x80, 0x00,
    0x00, 0x00, 0x00, 0x05, 0xEF, 0xFF, 0xF9, 0x20, 0x00, 0x00, 0x00, 0x00, 0x17, 0xDF, 0xFF, 0xF8,
    0x00, 0x00, 0x00, 0x00, 0x00, 0x6F, 0xFF, 0xFF, 0xB1, 0x00, 0x00, 0x00, 0x00, 0x6F, 0x85, 0xDF,
    0xF9, 0x00, 0x00, 0x00, 0x00, 0x6F, 0x80, 0x1D, 0xFF, 0x10, 0x00, 0x00, 0x00, 0x6F, 0x80, 0x07,
    0xFF, 0x50, 0x00, 0x00, 0x00, 0x6F, 0x80, 0x05, 0xFF, 0x60, 0x00, 0x00, 0x00, 0x6F, 0x80, 0x08,
    0xFF, 0x40, 0x78, 0x30, 0x00, 0x6F, 0x80, 0x5F, 0xFF, 0x10, 0xAF, 0xFE, 0xB9, 0xBF, 0xDD, 0xFF,
    0xF8, 0x00, 0xBF, 0xFF, 0xFF, 0xFF, 0xFF, 0xFF, 0x80, 0x00, 0x04, 0x8B, 0xDE, 0xFF, 0xEB, 0x82,
    0x00, 0x00, 0x00, 0x00, 0x00, 0x6F, 0x80, 0x00, 0x00, 0x00, 0x00, 0x00, 0x00, 0x6F, 0x80, 0x00,
    0x00, 0x00, 0x00, 0x00, 0x00, 0x6F, 0x80, 0x00, 0x00, 0x00, 0x00, 0x00, 0x00, 0x6F, 0x80, 0x00,
    0x00, 0x00, 0x00, 0x00, 0x00, 0x6F, 0x80, 0x00, 0x00, 0x00, 0x00, 0x07, 0xDF, 0xEC, 0x50, 0x00,
    0x00, 0x00, 0x00, 0x00, 0x00, 0xBF, 0xFF, 0xFF, 0xF8, 0x00, 0x00, 0x00, 0x00, 0x00, 0x07, 0xFF,
    0xA4, 0x5C, 0xFF, 0x30, 0x00, 0x00, 0x00, 0x00, 0x0D, 0xFB, 0x00, 0x01, 0xEF, 0x90, 0x00, 0x00,
    0x00, 0x00, 0x0F, 0xF6, 0x00, 0x00, 0xAF, 0xB0, 0x00, 0x00, 0x00, 0x00, 0x0F, 0xF6, 0x00, 0x00,
    0xAF, 0xB0, 0x00, 0x19, 0x50, 0x00, 0x0D, 0xFB, 0x00, 0x01, 0xEF, 0x90, 0x03, 0xDF, 0xE1, 0x00,
    0x07, 0xFF, 0xA4, 0x5C, 0xFF, 0x30, 0x7F, 0xFD, 0x30, 0x00, 0x00, 0xBF, 0xFF, 0xFF, 0xF8, 0x1B,
    0xFF, 0xA1, 0x00, 0x00, 0x00, 0x07, 0xDF, 0xEC, 0x54, 0xEF, 0xE6, 0x00, 0x00, 0x00, 0x00, 0x00,
    0x00, 0x00, 0x8F, 0xFC, 0x20, 0x00, 0x00, 0x00, 0x00, 0x00, 0x00, 0x2C, 0xFF, 0x90, 0x00, 0x00,
    0x00, 0x00, 0x00, 0x00, 0x06, 0xEF, 0xE5, 0x4B, 0xEF, 0xD8, 0x10, 0x00, 0x00, 0x01, 0xAF, 0xFB,
    0x27, 0xFF, 0xFF, 0xFF, 0xC1, 0x00, 0x00, 0x3D, 0xFF, 0x70, 0x2F, 0xFD, 0x54, 0x9F, 0xF8, 0x00,
    0x02, 0xFF, 0xD3, 0x00, 0x8F, 0xE1, 0x00, 0x0A, 0xFE, 0x00, 0x00, 0x8A, 0x10, 0x00, 0xAF, 0xB0,
    0x00, 0x05, 0xFF, 0x10, 0x00, 0x00, 0x00, 0x00, 0xAF, 0xB0, 0x00, 0x05, 0xFF, 0x10, 0x00, 0x00,
    0x00, 0x00, 0x8F, 0xE1, 0x00, 0x0A, 0xFE, 0x00, 0x00, 0x00, 0x00, 0x00, 0x2F, 0xFD, 0x54, 0x9F,
    0xF8, 0x00, 0x00, 0x00, 0x00, 0x00, 0x07, 0xFF, 0xFF, 0xFF, 0xC1, 0x00, 0x00, 0x00, 0x00, 0x00,
    0x00, 0x4B, 0xEF, 0xD8, 0x10, 0x00, 0x00, 0x00, 0x17, 0xCE, 0xFE, 0xC7, 0x10, 0x00, 0x00, 0x00,
    0x02, 0xDF, 0xFF, 0xFF, 0xFF, 0xD2, 0x00, 0x00, 0x00, 0x0C, 0xFF, 0xEA, 0x89, 0xEF, 0xFB, 0x00,
    0x00, 0x00, 0x5F, 0xFD, 0x20, 0x00, 0x1D, 0xFF, 0x20, 0x00, 0x00, 0x9F, 0xF5, 0x00, 0x00, 0x07,
    0xFF, 0x50, 0x00, 0x00, 0xBF, 0xF1, 0x00, 0x00, 0x00, 0x00, 0x00, 0x00, 0x00, 0xBF, 0xF1, 0x00,
    0x00, 0x00, 0x00, 0x00, 0x00, 0x00, 0x9F, 0xF3, 0x00, 0x00, 0x00, 0x00, 0x00, 0x00, 0x00, 0x4F,
    0xFA, 0x00, 0x00, 0x00, 0x00, 0x00, 0x00, 0x00, 0x0C, 0xFF, 0x40, 0x00, 0x00, 0x00, 0x00, 0x00,
    0x00, 0x04, 0xFF, 0xE3, 0x00, 0x00, 0x09, 0xFE, 0x00, 0x00, 0x6E, 0xFF, 0xFE, 0x20, 0x00, 0x09,
    0xFD, 0x00, 0x08, 0xFF, 0xEB, 0xFF, 0xD2, 0x00, 0x0B, 0xFC, 0x00, 0x4F, 0xFC, 0x10, 0x9F, 0xFD,
    0x10, 0x0E, 0xFA, 0x00, 0xBF, 0xE1, 0x00, 0x0A, 0xFF, 0xC1, 0x2F, 0xF7, 0x00, 0xEF, 0xA0, 0x00,
    0x00, 0xAF, 0xFC, 0x9F, 0xF2, 0x00, 0xFF, 0xA0, 0x00, 0x00, 0x0B, 0xFF, 0xFF, 0xC0, 0x00, 0xEF,
    0xD0, 0x00, 0x00, 0x00, 0xBF, 0xFF, 0x50, 0x00, 0xAF, 0xF9, 0x00, 0x00, 0x02, 0xBF, 0xFF, 0xA0,
    0x00, 0x3F, 0xFF, 0xD9, 0x89, 0xBF, 0xFF, 0xFF, 0xF9, 0x00, 0x05, 0xEF, 0xFF, 0xFF, 0xFF, 0xF8,
    0x1C, 0xFF, 0x90, 0x00, 0x28, 0xDF, 0xFE, 0xC8, 0x20, 0x01, 0xCF, 0xF8, 0x2F, 0xFD, 0x1F, 0xFC,
    0x1F, 0xFC, 0x0F, 0xFC, 0x0F, 0xFB, 0x0F, 0xFB, 0x0E, 0xFB, 0x0E, 0xFA, 0x0E, 0xFA, 0x0D, 0xFA,
    0x00, 0x00, 0x00, 0x00, 0x13, 0x42, 0x00, 0x00, 0x00, 0x6C, 0xFF, 0xF7, 0x00, 0x00, 0x3D, 0xFF,
    0xFF, 0xF7, 0x00, 0x03, 0xEF, 0xFC, 0x51, 0x00, 0x00, 0x1E, 0xFF, 0x70, 0x00, 0x00, 0x00, 0xAF,
    0xF8, 0x00, 0x00, 0x00, 0x03, 0xFF, 0xC0, 0x00, 0x00, 0x00, 0x09, 0xFF, 0x40, 0x00, 0x00, 0x00,
    0x0E, 0xFD, 0x00, 0x00, 0x00, 0x00, 0x3F, 0xF9, 0x00, 0x00, 0x00, 0x00, 0x6F, 0xF5, 0x00, 0x00,
    0x00, 0x00, 0x8F, 0xF3, 0x00, 0x00, 0x00, 0x00, 0x9F, 0xF1, 0x00, 0x00, 0x00, 0x00, 0xAF, 0xF0,
    0x00, 0x00, 0x00, 0x00, 0xBF, 0xF0, 0x00, 0x00, 0x00, 0x00, 0xBF, 0xF0, 0x00, 0x00, 0x00, 0x00,
    0xAF, 0xF0, 0x00, 0x00, 0x00, 0x00, 0x9F, 0xF1, 0x00, 0x00, 0x00, 0x00, 0x7F, 0xF3, 0x00, 0x00,
    0x00, 0x00, 0x5F, 0xF6, 0x00, 0x00, 0x00, 0x00, 0x2F, 0xFA, 0x00, 0x00, 0x00, 0x00, 0x0D, 0xFE,
    0x00, 0x00, 0x00, 0x00, 0x08, 0xFF, 0x60, 0x00, 0x00, 0x00, 0x02, 0xFF, 0xD1, 0x00, 0x00, 0x00,
    0x00, 0x8F, 0xFA, 0x00, 0x00, 0x00, 0x00, 0x1D, 0xFF, 0x91, 0x00, 0x00, 0x00, 0x02, 0xDF, 0xFE,
    0x73, 0x10, 0x00, 0x00, 0x2B, 0xFF, 0xFF, 0xF7, 0x00, 0x00, 0x00, 0x4A, 0xEF, 0xF7, 0x00, 0x00,
    0x00, 0x00, 0x02, 0x31, 0x34, 0x31, 0x00, 0x00, 0x00, 0x00, 0xBF, 0xFF, 0xB5, 0x00, 0x00, 0x00,
    0xAF, 0xFF, 0xFF, 0xB1, 0x00, 0x00, 0x00, 0x27, 0xDF, 0xFD, 0x10, 0x00, 0x00, 0x00, 0x1A, 0xFF,
    0xB0, 0x00, 0x00, 0x00, 0x00, 0xBF, 0xF6, 0x00, 0x00, 0x00, 0x00, 0x2E, 0xFE, 0x00, 0x00, 0x00,
    0x00, 0x08, 0xFF, 0x50, 0x00, 0x00, 0x00, 0x02, 0xFF, 0xA0, 0x00, 0x00, 0x00, 0x00, 0xDF, 0xE0,
    0x00, 0x00, 0x00, 0x00, 0x9F, 0xF2, 0x00, 0x00, 0x00, 0x00, 0x7F, 0xF4, 0x00, 0x00, 0x00, 0x00,
    0x5F, 0xF5, 0x00, 0x00, 0x00, 0x00, 0x4F, 0xF6, 0x00, 0x00, 0x00, 0x00, 0x3F, 0xF7, 0x00, 0x00,
    0x00, 0x00, 0x4F, 0xF7, 0x00, 0x00, 0x00, 0x00, 0x4F, 0xF6, 0x00, 0x00, 0x00, 0x00, 0x5F, 0xF5,
    0x00, 0x00, 0x00, 0x00, 0x7F, 0xF3, 0x00, 0x00, 0x00, 0x00, 0xAF, 0xF1, 0x00, 0x00, 0x00, 0x00,
    0xDF, 0xD0, 0x00, 0x00, 0x00, 0x03, 0xFF, 0x90, 0x00, 0x00, 0x00, 0x09, 0xFF, 0x40, 0x00, 0x00,
    0x00, 0x3F, 0xFD, 0x00, 0x00, 0x00, 0x01, 0xCF, 0xF5, 0x00, 0x00, 0x00, 0x2C, 0xFF, 0xA0, 0x00,
    0x12, 0x49, 0xEF, 0xFB, 0x10, 0x00, 0xBF, 0xFF, 0xFF, 0x90, 0x00, 0x00, 0xBF, 0xFD, 0x93, 0x00,
    0x00, 0x00, 0x22, 0x10, 0x00, 0x00, 0x00, 0x00, 0x00, 0x00, 0x00, 0x06, 0x64, 0x00, 0x00, 0x00,
    0x00, 0x00, 0x00, 0x0E, 0xFB, 0x00, 0x00, 0x00, 0x00, 0x00, 0x00, 0x0E, 0xFA, 0x00, 0x00, 0x00,
    0x00, 0x00, 0x00, 0x0D, 0xF9, 0x00, 0x00, 0x00, 0x03, 0x61, 0x00, 0x0C, 0xF8, 0x00, 0x02, 0x81,
    0x0A, 0xFE, 0x92, 0x0B, 0xF7, 0x04, 0xAF, 0xF6, 0x0E, 0xFF, 0xFF, 0xBD, 0xFB, 0xCF, 0xFF, 0xFB,
    0x01, 0x59, 0xEF, 0xFF, 0xFF, 0xFF, 0xD8, 0x30, 0x00, 0x00, 0x04, 0xBF, 0xFF, 0x93, 0x00, 0x00,
    0x00, 0x00, 0x03, 0xEF, 0xFF, 0xC1, 0x00, 0x00, 0x00, 0x00, 0x2E, 0xFC, 0x3E, 0xFB, 0x00, 0x00,
    0x00, 0x01, 0xDF, 0xF3, 0x06, 0xFF, 0xA0, 0x00, 0x00, 0x1C, 0xFF, 0x60, 0x00, 0xAF, 0xF9, 0x00,
    0x00, 0x2C, 0xFA, 0x00, 0x00, 0x1D, 0xFA, 0x00, 0x00, 0x01, 0x91, 0x00, 0x00, 0x04, 0x80, 0x00,
    0x00, 0x00, 0x00, 0x0F, 0xFB, 0x00, 0x00, 0x00, 0x00, 0x00, 0x00, 0x00, 0x0F, 0xFB, 0x00, 0x00,
    0x00, 0x00, 0x00, 0x00, 0x00, 0x0F, 0xFB, 0x00, 0x00, 0x00, 0x00, 0x00, 0x00, 0x00, 0x0F, 0xFB,
    0x00, 0x00, 0x00, 0x00, 0x00, 0x00, 0x00, 0x0F, 0xFB, 0x00, 0x00, 0x00, 0x00, 0x00, 0x00, 0x00,
    0x0F, 0xFB, 0x00, 0x00, 0x00, 0x00, 0x00, 0x00, 0x00, 0x0F, 0xFB, 0x00, 0x00, 0x00, 0x00, 0x5F,
    0xFF, 0xFF, 0xFF, 0xFF, 0xFF, 0xFF, 0xFF, 0x10, 0x5F, 0xFF, 0xFF, 0xFF, 0xFF, 0xFF, 0xFF, 0xFF,
    0x10, 0x28, 0x88, 0x88, 0x8F, 0xFD, 0x88, 0x88, 0x88, 0x00, 0x00, 0x00, 0x00, 0x0F, 0xFB, 0x00,
    0x00, 0x00, 0x00, 0x00, 0x00, 0x00, 0x0F, 0xFB, 0x00, 0x00, 0x00, 0x00, 0x00, 0x00, 0x00, 0x0F,
    0xFB, 0x00, 0x00, 0x00, 0x00, 0x00, 0x00, 0x00, 0x0F, 0xFB, 0x00, 0x00, 0x00, 0x00, 0x00, 0x00,
    0x00, 0x0F, 0xFB, 0x00, 0x00, 0x00, 0x00, 0x00, 0x00, 0x00, 0x0F, 0xFB, 0x00, 0x00, 0x00, 0x00,
    0x00, 0x00, 0x00, 0x07, 0x85, 0x00, 0x00, 0x00, 0x00, 0x00, 0xFF, 0xD0, 0x02, 0xFF, 0xB0, 0x04,
    0xFF, 0x90, 0x05, 0xFF, 0x60, 0x07, 0xFF, 0x40, 0x09, 0xFF, 0x20, 0x0B, 0xFE, 0x00, 0x0C, 0xFC,
    0x00, 0x0E, 0xFA, 0x00, 0x1F, 0xF7, 0x00, 0x2B, 0xB4, 0x00, 0x5F, 0xFF, 0xFF, 0xFF, 0xFF, 0xFF,
    0xFF, 0xFF, 0x10, 0x5F, 0xFF, 0xFF, 0xFF, 0xFF, 0xFF, 0xFF, 0xFF, 0x10, 0x28, 0x88, 0x88, 0x88,
    0x88, 0x88, 0x88, 0x88, 0x00, 0x01, 0x30, 0x00, 0x3E, 0xFD, 0x10, 0xAF, 0xFF, 0x60, 0x9F, 0xFF,
    0x50, 0x1C, 0xF9, 0x00, 0x00, 0x00, 0x00, 0x00, 0x00, 0x00, 0x02, 0x22, 0x00, 0x00, 0x00, 0x00,
    0x00, 0x00, 0x5F, 0xF6, 0x00, 0x00, 0x00, 0x00, 0x00, 0x00, 0xCF, 0xE0, 0x00, 0x00, 0x00, 0x00,
    0x00, 0x04, 0xFF, 0x70, 0x00, 0x00, 0x00, 0x00, 0x00, 0x0B, 0xFE, 0x10, 0x00, 0x00, 0x00, 0x00,
    0x00, 0x3F, 0xF8, 0x00, 0x00, 0x00, 0x00, 0x00, 0x00, 0x9F, 0xF2, 0x00, 0x00, 0x00, 0x00, 0x00,
    0x01, 0xFF, 0xA0, 0x00, 0x00, 0x00, 0x00, 0x00, 0x08, 0xFF, 0x30, 0x00, 0x00, 0x00, 0x00, 0x00,
    0x1E, 0xFB, 0x00, 0x00, 0x00, 0x00, 0x00, 0x00, 0x7F, 0xF4, 0x00, 0x00, 0x00, 0x00, 0x00, 0x00,
    0xDF, 0xC0, 0x00, 0x00, 0x00, 0x00, 0x00, 0x05, 0xFF, 0x50, 0x00, 0x00, 0x00, 0x00, 0x00, 0x0C,
    0xFD, 0x00, 0x00, 0x00, 0x00, 0x00, 0x00, 0x4F, 0xF7, 0x00, 0x00, 0x00, 0x00, 0x00, 0x00, 0xBF,
    0xE1, 0x00, 0x00, 0x00, 0x00, 0x00, 0x03, 0xFF, 0x80, 0x00, 0x00, 0x00, 0x00, 0x00, 0x0A, 0xFF,
    0x20, 0x00, 0x00, 0x00, 0x00, 0x00, 0x2F, 0xF9, 0x00, 0x00, 0x00, 0x00, 0x00, 0x00, 0x8F, 0xF3,
    0x00, 0x00, 0x00, 0x00, 0x00, 0x01, 0xEF, 0xB0, 0x00, 0x00, 0x00, 0x00, 0x00, 0x07, 0xFF, 0x40,
    0x00, 0x00, 0x00, 0x00, 0x00, 0x0E, 0xFC, 0x00, 0x00, 0x00, 0x00, 0x00, 0x00, 0x6F, 0xF5, 0x00,
    0x00, 0x00, 0x00, 0x00, 0x00, 0xDF, 0xD0, 0x00, 0x00, 0x00, 0x00, 0x00, 0x05, 0xFF, 0x60, 0x00,
    0x00, 0x00, 0x00, 0x00, 0x0B, 0xFE, 0x10, 0x00, 0x00, 0x00, 0x00, 0x00, 0x3F, 0xF8, 0x00, 0x00,
    0x00, 0x00, 0x00, 0x00, 0xAF, 0xF1, 0x00, 0x00, 0x00, 0x00, 0x00, 0x00, 0x11, 0x10, 0x00, 0x00,
    0x00, 0x00, 0x00, 0x00, 0x00, 0x00, 0x17, 0xCE, 0xFE, 0xB5, 0x00, 0x00, 0x00, 0x02, 0xDF, 0xFF,
    0xFF, 0xFF, 0xB1, 0x00, 0x00, 0x1D, 0xFF, 0xE9, 0x8A, 0xFF, 0xFB, 0x00, 0x00, 0x9F, 0xFB, 0x10,
    0x00, 0x2D, 0xFF, 0x50, 0x01, 0xFF, 0xE1, 0x00, 0x00, 0x03, 0xFF, 0xC0, 0x06, 0xFF, 0x70, 0x00,
    0x00, 0x00, 0xBF, 0xF2, 0x0A, 0xFF, 0x20, 0x00, 0x00, 0x00, 0x6F, 0xF6, 0x0C, 0xFE, 0x00, 0x00,
    0x00, 0x00, 0x3F, 0xF8, 0x0E, 0xFC, 0x00, 0x00, 0x10, 0x00, 0x1F, 0xFA, 0x0F, 0xFB, 0x00, 0x3D,
    0xFB, 0x10, 0x0F, 0xFB, 0x1F, 0xFA, 0x00, 0x9F, 0xFF, 0x60, 0x0E, 0xFC, 0x1F, 0xFA, 0x00, 0xAF,
    0xFF, 0x60, 0x0E, 0xFC, 0x0F, 0xFB, 0x00, 0x3E, 0xFC, 0x10, 0x0E, 0xFC, 0x0E, 0xFC, 0x00, 0x01,
    0x20, 0x00, 0x1F, 0xFB, 0x0D, 0xFE, 0x00, 0x00, 0x00, 0x00, 0x3F, 0xF9, 0x0A, 0xFF, 0x20, 0x00,
    0x00, 0x00, 0x6F, 0xF6, 0x07, 0xFF, 0x70, 0x00, 0x00, 0x00, 0xAF, 0xF3, 0x02, 0xFF, 0xD1, 0x00,
    0x00, 0x03, 0xFF, 0xD0, 0x00, 0xAF, 0xFA, 0x10, 0x00, 0x2D, 0xFF, 0x60, 0x00, 0x2E, 0xFF, 0xE9,
    0x8A, 0xFF, 0xFC, 0x00, 0x00, 0x03, 0xDF, 0xFF, 0xFF, 0xFF, 0xC1, 0x00, 0x00, 0x00, 0x17, 0xCE,
    0xFE, 0xB5, 0x00, 0x00, 0x00, 0x00, 0x5A, 0xEF, 0xF3, 0x00, 0x00, 0x00, 0x04, 0x9E, 0xFF, 0xFF,
    0xF3, 0x00, 0x00, 0x00, 0x0E, 0xFF, 0xFF, 0xEF, 0xF3, 0x00, 0x00, 0x00, 0x0E, 0xEA, 0x51, 0x7F,
    0xF3, 0x00, 0x00, 0x00, 0x03, 0x00, 0x00, 0x7F, 0xF3, 0x00, 0x00, 0x00, 0x00, 0x00, 0x00, 0x7F,
    0xF3, 0x00, 0x00, 0x00, 0x00, 0x00, 0x00, 0x7F, 0xF3, 0x00, 0x00, 0x00, 0x00, 0x00, 0x00, 0x7F,
    0xF3, 0x00, 0x00, 0x00, 0x00, 0x00, 0x00, 0x7F, 0xF3, 0x00, 0x00, 0x00, 0x00, 0x00, 0x00, 0x7F,
    0xF3, 0x00, 0x00, 0x00, 0x00, 0x00, 0x00, 0x7F, 0xF3, 0x00, 0x00, 0x00, 0x00, 0x00, 0x00, 0x7F,
    0xF3, 0x00, 0x00, 0x00, 0x00, 0x00, 0x00, 0x7F, 0xF3, 0x00, 0x00, 0x00, 0x00, 0x00, 0x00, 0x7F,
    0xF3, 0x00, 0x00, 0x00, 0x00, 0x00, 0x00, 0x7F, 0xF3, 0x00, 0x00, 0x00, 0x00, 0x00, 0x00, 0x7F,
    0xF3, 0x00, 0x00, 0x00, 0x00, 0x00, 0x00, 0x7F, 0xF3, 0x00, 0x00, 0x00, 0x00, 0x00, 0x00, 0x7F,
    0xF3, 0x00, 0x00, 0x00, 0x00, 0x00, 0x00, 0x7F, 0xF3, 0x00, 0x00, 0x00, 0x28, 0x88, 0x88, 0xBF,
    0xF9, 0x88, 0x88, 0x20, 0x3F, 0xFF, 0xFF, 0xFF, 0xFF, 0xFF, 0xFF, 0x50, 0x3F, 0xFF, 0xFF, 0xFF,
    0xFF, 0xFF, 0xFF, 0x50, 0x00, 0x01, 0x6B, 0xEF, 0xFD, 0xA5, 0x00, 0x00, 0x00, 0x6E, 0xFF, 0xFF,
    0xFF, 0xFF, 0xB1, 0x00, 0x09, 0xFF, 0xFE, 0xA8, 0x8B, 0xFF, 0xFA, 0x00, 0x1C, 0xFE, 0x60, 0x00,
    0x00, 0x3E, 0xFF, 0x30, 0x01, 0x91, 0x00, 0x00, 0x00, 0x06, 0xFF, 0x80, 0x00, 0x00, 0x00, 0x00,
    0x00, 0x01, 0xFF, 0xA0, 0x00, 0x00, 0x00, 0x00, 0x00, 0x00, 0xEF, 0xB0, 0x00, 0x00, 0x00, 0x00,
    0x00, 0x00, 0xFF, 0xA0, 0x00, 0x00, 0x00, 0x00, 0x00, 0x02, 0xFF, 0x80, 0x00, 0x00, 0x00, 0x00,
    0x00, 0x06, 0xFF, 0x50, 0x00, 0x00, 0x00, 0x00, 0x00, 0x0D, 0xFE, 0x00, 0x00, 0x00, 0x00, 0x00,
    0x00, 0x6F, 0xF7, 0x00, 0x00, 0x00, 0x00, 0x00, 0x02, 0xEF, 0xD1, 0x00, 0x00, 0x00, 0x00, 0x00,
    0x1D, 0xFF, 0x30, 0x00, 0x00, 0x00, 0x00, 0x02, 0xDF, 0xF5, 0x00, 0x00, 0x00, 0x00, 0x00, 0x3D,
    0xFF, 0x50, 0x00, 0x00, 0x00, 0x00, 0x07, 0xFF, 0xE4, 0x00, 0x00, 0x00, 0x00, 0x02, 0xBF, 0xFC,
    0x20, 0x00, 0x00, 0x00, 0x01, 0x8F, 0xFF, 0x70, 0x00, 0x00, 0x00, 0x00, 0x08, 0xFF, 0xFA, 0x88,
    0x88, 0x88, 0x88, 0x85, 0x08, 0xFF, 0xFF, 0xFF, 0xFF, 0xFF, 0xFF, 0xFA, 0x08, 0xFF, 0xFF, 0xFF,
    0xFF, 0xFF, 0xFF, 0xFA, 0x00, 0x05, 0xAD, 0xEF, 0xEC, 0x92, 0x00, 0x00, 0x04, 0xDF, 0xFF, 0xFF,
    0xFF, 0xFF, 0x50, 0x00, 0x7F, 0xFF, 0xFB, 0x88, 0xAE, 0xFF, 0xF2, 0x00, 0x6F, 0xF8, 0x10, 0x00,
    0x01, 0xBF, 0xF8, 0x00, 0x05, 0x30, 0x00, 0x00, 0x00, 0x2F, 0xFA, 0x00, 0x00, 0x00, 0x00, 0x00,
    0x00, 0x0F, 0xFA, 0x00, 0x00, 0x00, 0x00, 0x00, 0x00, 0x2F, 0xF7, 0x00, 0x00, 0x00, 0x00, 0x00,
    0x00, 0xBF, 0xE1, 0x00, 0x00, 0x00, 0x00, 0x00, 0x2B, 0xFE, 0x40, 0x00, 0x00, 0x00, 0x01, 0x5A,
    0xFF, 0xB2, 0x00, 0x00, 0x00, 0x05, 0xDF, 0xFF, 0xD5, 0x00, 0x00, 0x00, 0x00, 0x04, 0xFF, 0xFF,
    0xFF, 0xD6, 0x00, 0x00, 0x00, 0x00, 0x12, 0x35, 0x9E, 0xFF, 0xA0, 0x00, 0x00, 0x00, 0x00, 0x00,
    0x01, 0xBF, 0xF7, 0x00, 0x00, 0x00, 0x00, 0x00, 0x00, 0x0D, 0xFE, 0x00, 0x00, 0x00, 0x00, 0x00,
    0x00, 0x08, 0xFF, 0x20, 0x00, 0x00, 0x00, 0x00, 0x00, 0x09, 0xFF, 0x30, 0x00, 0x00, 0x00, 0x00,
    0x00, 0x1D, 0xFF, 0x10, 0x12, 0x00, 0x00, 0x00, 0x02, 0xCF, 0xFB, 0x00, 0x5F, 0xDA, 0x88, 0x89,
    0xCF, 0xFF, 0xE2, 0x00, 0x7F, 0xFF, 0xFF, 0xFF, 0xFF, 0xFC, 0x30, 0x00, 0x28, 0xBD, 0xEF, 0xFE,
    0xC9, 0x40, 0x00, 0x00, 0x00, 0x00, 0x00, 0x00, 0x00, 0x0A, 0xFF, 0x00, 0x00, 0x00, 0x09, 0xBB,
    0x00, 0x00, 0x0A, 0xFF, 0x00, 0x00, 0x00, 0x0E, 0xFC, 0x00, 0x00, 0x0A, 0xFF, 0x00, 0x00, 0x00,
    0x2F, 0xF9, 0x00, 0x00, 0x0A, 0xFF, 0x00, 0x00, 0x00, 0x5F, 0xF6, 0x00, 0x00, 0x0A, 0xFF, 0x00,
    0x00, 0x00, 0x8F, 0xF3, 0x00, 0x00, 0x0A, 0xFF, 0x00, 0x00, 0x00, 0xBF, 0xF0, 0x00, 0x00, 0x0A,
    0xFF, 0x00, 0x00, 0x00, 0xEF, 0xC0, 0x00, 0x00, 0x0A, 0xFF, 0x00, 0x00, 0x02, 0xFF, 0x90, 0x00,
    0x00, 0x0A, 0xFF, 0x00, 0x00, 0x04, 0xFF, 0x60, 0x00, 0x00, 0x0A, 0xFF, 0x00, 0x00, 0x07, 0xFF,
    0x40, 0x00, 0x00, 0x0A, 0xFF, 0x00, 0x00, 0x0A, 0xFF, 0x10, 0x00, 0x00, 0x0A, 0xFF, 0x00, 0x00,
    0x0D, 0xFD, 0x00, 0x00, 0x00, 0x0A, 0xFF, 0x00, 0x00, 0x1F, 0xFA, 0x00, 0x00, 0x00, 0x0A, 0xFF,
    0x00, 0x00, 0x4F, 0xFB, 0x88, 0x88, 0x88, 0x8C, 0xFF, 0x88, 0x30, 0x7F, 0xFF, 0xFF, 0xFF, 0xFF,
    0xFF, 0xFF, 0xFF, 0x60, 0xAF, 0xFF, 0xFF, 0xFF, 0xFF, 0xFF, 0xFF, 0xFF, 0x60, 0x00, 0x00, 0x00,
    0x00, 0x00, 0x0A, 0xFF, 0x00, 0x00, 0x00, 0x00, 0x00, 0x00, 0x00, 0x0A, 0xFF, 0x00, 0x00, 0x00,
    0x00, 0x00, 0x00, 0x00, 0x0A, 0xFF, 0x00, 0x00, 0x00, 0x00, 0x00, 0x00, 0x00, 0x0A, 0xFF, 0x00,
    0x00, 0x00, 0x00, 0x00, 0x00, 0x00, 0x0A, 0xFF, 0x00, 0x00, 0x03, 0xFF, 0xFF, 0xFF, 0xFF, 0xFF,
    0xF8, 0x00, 0x03, 0xFF, 0xFF, 0xFF, 0xFF, 0xFF, 0xF8, 0x00, 0x03, 0xFF, 0xB8, 0x88, 0x88, 0x88,
    0x84, 0x00, 0x04, 0xFF, 0x70, 0x00, 0x00, 0x00, 0x00, 0x00, 0x04, 0xFF, 0x60, 0x00, 0x00, 0x00,
    0x00, 0x00, 0x05, 0xFF, 0x60, 0x00, 0x00, 0x00, 0x00, 0x00, 0x05, 0xFF, 0x50, 0x00, 0x00, 0x00,
    0x00, 0x00, 0x05, 0xFF, 0x50, 0x24, 0x43, 0x10, 0x00, 0x00, 0x06, 0xFF, 0xAD, 0xFF, 0xFF, 0xFA,
    0x20, 0x00, 0x06, 0xFF, 0xFF, 0xFF, 0xFF, 0xFF, 0xE4, 0x00, 0x06, 0xFF, 0xA4, 0x10, 0x04, 0xBF,
    0xFE, 0x10, 0x03, 0x74, 0x00, 0x00, 0x00, 0x0A, 0xFF, 0x70, 0x00, 0x00, 0x00, 0x00, 0x00, 0x02,
    0xFF, 0xB0, 0x00, 0x00, 0x00, 0x00, 0x00, 0x00, 0xCF, 0xE0, 0x00, 0x00, 0x00, 0x00, 0x00, 0x00,
    0xBF, 0xE0, 0x56, 0x50, 0x00, 0x00, 0x00, 0x00, 0xCF, 0xE0, 0xBF, 0xF0, 0x00, 0x00, 0x00, 0x00,
    0xEF, 0xC0, 0x9F, 0xF6, 0x00, 0x00, 0x00, 0x06, 0xFF, 0x80, 0x3F, 0xFE, 0x40, 0x00, 0x00, 0x5F,
    0xFF, 0x20, 0x09, 0xFF, 0xFC, 0x98, 0x9C, 0xFF, 0xF8, 0x00, 0x00, 0x9F, 0xFF, 0xFF, 0xFF, 0xFF,
    0x80, 0x00, 0x00, 0x03, 0x9C, 0xEF, 0xEC, 0x93, 0x00, 0x00, 0x00, 0x00, 0x00, 0x01, 0x59, 0xBD,
    0xE0, 0x00, 0x00, 0x00, 0x03, 0xAF, 0xFF, 0xFF, 0xF1, 0x00, 0x00, 0x00, 0x8F, 0xFF, 0xFF, 0xCA,
    0x81, 0x00, 0x00, 0x0B, 0xFF, 0xFB, 0x51, 0x00, 0x00, 0x00, 0x00, 0x9F, 0xFD, 0x40, 0x00, 0x00,
    0x00, 0x00, 0x04, 0xFF, 0xD2, 0x00, 0x00, 0x00, 0x00, 0x00, 0x0B, 0xFF, 0x30, 0x00, 0x00, 0x00,
    0x00, 0x00, 0x2F, 0xFA, 0x00, 0x00, 0x00, 0x00, 0x00, 0x00, 0x6F, 0xF5, 0x04, 0xAE, 0xFE, 0xC7,
    0x10, 0x00, 0x9F, 0xF2, 0x9F, 0xFF, 0xFF, 0xFF, 0xD2, 0x00, 0xBF, 0xF6, 0xFD, 0x98, 0x8B, 0xFF,
    0xFD, 0x00, 0xDF, 0xFD, 0x60, 0x00, 0x00, 0x2D, 0xFF, 0x60, 0xDF, 0xF7, 0x00, 0x00, 0x00, 0x03,
    0xFF, 0xB0, 0xDF, 0xF1, 0x00, 0x00, 0x00, 0x00, 0xDF, 0xD0, 0xDF, 0xD0, 0x00, 0x00, 0x00, 0x00,
    0xBF, 0xE0, 0xCF, 0xD0, 0x00, 0x00, 0x00, 0x00, 0xCF, 0xE0, 0xBF, 0xF1, 0x00, 0x00, 0x00, 0x00,
    0xEF, 0xC0, 0x7F, 0xF7, 0x00, 0x00, 0x00, 0x06, 0xFF, 0x90, 0x2F, 0xFF, 0x60, 0x00, 0x00, 0x4E,
    0xFF, 0x30, 0x08, 0xFF, 0xFD, 0x98, 0x8C, 0xFF, 0xF8, 0x00, 0x00, 0x9F, 0xFF, 0xFF, 0xFF, 0xFF,
    0x80, 0x00, 0x00, 0x03, 0x9D, 0xEF, 0xEC, 0x93, 0x00, 0x00, 0x4F, 0xFF, 0xFF, 0xFF, 0xFF, 0xFF,
    0xFF, 0xFF, 0xA0, 0x4F, 0xFF, 0xFF, 0xFF, 0xFF, 0xFF, 0xFF, 0xFF, 0x40, 0x4F, 0xFB, 0x88, 0x88,
    0x88, 0x88, 0x8F, 0xFE, 0x00, 0x4F, 0xF7, 0x00, 0x00, 0x00, 0x00, 0x4F, 0xF9, 0x00, 0x4F, 0xF7,
    0x00, 0x00, 0x00, 0x00, 0x9F, 0xF4, 0x00, 0x4F, 0xF7, 0x00, 0x00, 0x00, 0x00, 0xEF, 0xE0, 0x00,
    0x4F, 0xF7, 0x00, 0x00, 0x00, 0x05, 0xFF, 0x90, 0x00, 0x28, 0x84, 0x00, 0x00, 0x00, 0x0A, 0xFF,
    0x40, 0x00, 0x00, 0x00, 0x00, 0x00, 0x00, 0x1E, 0xFE, 0x00, 0x00, 0x00, 0x00, 0x00, 0x00, 0x00,
    0x5F, 0xF9, 0x00, 0x00, 0x00, 0x00, 0x00, 0x00, 0x00, 0xAF, 0xF4, 0x00, 0x00, 0x00, 0x00, 0x00,
    0x00, 0x01, 0xEF, 0xD0, 0x00, 0x00, 0x00, 0x00, 0x00, 0x00, 0x05, 0xFF, 0x80, 0x00, 0x00, 0x00,
    0x00, 0x00, 0x00, 0x0A, 0xFF, 0x30, 0x00, 0x00, 0x00, 0x00, 0x00, 0x00, 0x1F, 0xFD, 0x00, 0x00,
    0x00, 0x00, 0x00, 0x00, 0x00, 0x6F, 0xF8, 0x00, 0x00, 0x00, 0x00, 0x00, 0x00, 0x00, 0xBF, 0xF3,
    0x00, 0x00, 0x00, 0x00, 0x00, 0x00, 0x01, 0xFF, 0xD0, 0x00, 0x00, 0x00, 0x00, 0x00, 0x00, 0x06,
    0xFF, 0x80, 0x00, 0x00, 0x00, 0x00, 0x00, 0x00, 0x0B, 0xFF, 0x30, 0x00, 0x00, 0x00, 0x00, 0x00,
    0x00, 0x1F, 0xFD, 0x00, 0x00, 0x00, 0x00, 0x00, 0x00, 0x00, 0x6F, 0xF8, 0x00, 0x00, 0x00, 0x00,
    0x00, 0x00, 0x4A, 0xDF, 0xFE, 0xC9, 0x30, 0x00, 0x00, 0x1B, 0xFF, 0xFF, 0xFF, 0xFF, 0xF8, 0x00,
    0x00, 0xAF, 0xFF, 0xC9, 0x89, 0xDF, 0xFF, 0x60, 0x02, 0xFF, 0xF5, 0x00, 0x00, 0x08, 0xFF, 0xE0,
    0x06, 0xFF, 0x80, 0x00, 0x00, 0x00, 0xCF, 0xF2, 0x06, 0xFF, 0x40, 0x00, 0x00, 0x00, 0x8F, 0xF3,
    0x04, 0xFF, 0x50, 0x00, 0x00, 0x00, 0x8F, 0xF1, 0x00, 0xDF, 0xA0, 0x00, 0x00, 0x01, 0xDF, 0xA0,
    0x00, 0x4E, 0xFA, 0x30, 0x00, 0x4C, 0xFD, 0x10, 0x00, 0x02, 0xAF, 0xFF, 0xEF, 0xFE, 0x81, 0x00,
    0x00, 0x00, 0x4A, 0xFF, 0xFF, 0xF8, 0x30, 0x00, 0x00, 0x2C, 0xFF, 0xDA, 0x9A, 0xEF, 0xFA, 0x10,
    0x01, 0xDF, 0xD4, 0x00, 0x00, 0x06, 0xFF, 0xB0, 0x09, 0xFF, 0x30, 0x00, 0x00, 0x00, 0x7F, 0xF5,
    0x0E, 0xFC, 0x00, 0x00, 0x00, 0x00, 0x1F, 0xFA, 0x1F, 0xFA, 0x00, 0x00, 0x00, 0x00, 0x0D, 0xFC,
    0x0F, 0xFB, 0x00, 0x00, 0x00, 0x00, 0x0E, 0xFC, 0x0D, 0xFE, 0x10, 0x00, 0x00, 0x00, 0x5F, 0xFA,
    0x08, 0xFF, 0xC2, 0x00, 0x00, 0x04, 0xEF, 0xF4, 0x01, 0xDF, 0xFF, 0xB8, 0x89, 0xCF, 0xFF, 0xB0,
    0x00, 0x2C, 0xFF, 0xFF, 0xFF, 0xFF, 0xFA, 0x10, 0x00, 0x00, 0x5A, 0xDF, 0xFE, 0xC9, 0x30, 0x00,
    0x00, 0x00, 0x39, 0xDE, 0xFE, 0xC9, 0x30, 0x00, 0x00, 0x09, 0xFF, 0xFF, 0xFF, 0xFF, 0xF8, 0x00,
    0x00, 0xAF, 0xFF, 0xB8, 0x89, 0xDF, 0xFF, 0x70, 0x04, 0xFF, 0xE3, 0x00, 0x00, 0x07, 0xFF, 0xE1,
    0x0A, 0xFF, 0x40, 0x00, 0x00, 0x00, 0x9F, 0xF6, 0x0E, 0xFD, 0x00, 0x00, 0x00, 0x00, 0x2F, 0xF9,
    0x0F, 0xFA, 0x00, 0x00, 0x00, 0x00, 0x0F, 0xFB, 0x1F, 0xFA, 0x00, 0x00, 0x00, 0x00, 0x0F, 0xFC,
    0x0F, 0xFC, 0x00, 0x00, 0x00, 0x00, 0x2F, 0xFC, 0x0C, 0xFF, 0x20, 0x00, 0x00, 0x00, 0x9F, 0xFC,
    0x07, 0xFF, 0xC2, 0x00, 0x00, 0x07, 0xCF, 0xFB, 0x01, 0xEF, 0xFF, 0xA8, 0x89, 0xEF, 0x6F, 0xFA,
    0x00, 0x3E, 0xFF, 0xFF, 0xFF, 0xF8, 0x3F, 0xF8, 0x00, 0x01, 0x8C, 0xEF, 0xDA, 0x40, 0x6F, 0xF5,
    0x00, 0x00, 0x00, 0x00, 0x00, 0x00, 0xCF, 0xF1, 0x00, 0x00, 0x00, 0x00, 0x00, 0x05, 0xFF, 0xA0,
    0x00, 0x00, 0x00, 0x00, 0x00, 0x2E, 0xFF, 0x20, 0x00, 0x00, 0x00, 0x00, 0x05, 0xEF, 0xF7, 0x00,
    0x00, 0x00, 0x00, 0x15, 0xBF, 0xFF, 0x90, 0x00, 0x00, 0x28, 0xAC, 0xFF, 0xFF, 0xF7, 0x00, 0x00,
    0x00, 0x3F, 0xFF, 0xFF, 0xE9, 0x20, 0x00, 0x00, 0x00, 0x1E, 0xDB, 0x85, 0x10, 0x00, 0x00, 0x00,
    0x1C, 0xF9, 0x00, 0x9F, 0xFF, 0x50, 0xAF, 0xFF, 0x60, 0x3E, 0xFD, 0x10, 0x01, 0x30, 0x00, 0x00,
    0x00, 0x00, 0x00, 0x00, 0x00, 0x00, 0x00, 0x00, 0x00, 0x00, 0x00, 0x00, 0x00, 0x00, 0x00, 0x00,
    0x00, 0x00, 0x00, 0x00, 0x01, 0x30, 0x00, 0x3E, 0xFD, 0x10, 0xAF, 0xFF, 0x60, 0x9F, 0xFF, 0x50,
    0x1C, 0xF9, 0x00, 0x01, 0xCF, 0x90, 0x09, 0xFF, 0xF5, 0x0A, 0xFF, 0xF6, 0x03, 0xEF, 0xD1, 0x00,
    0x13, 0x00, 0x00, 0x00, 0x00, 0x00, 0x00, 0x00, 0x00, 0x00, 0x00, 0x00, 0x00, 0x00, 0x00, 0x00,
    0x00, 0x00, 0x00, 0x00, 0x00, 0x00, 0x00, 0x00, 0x00, 0x00, 0x00, 0xFF, 0xD0, 0x02, 0xFF, 0xB0,
    0x04, 0xFF, 0x90, 0x05, 0xFF, 0x60, 0x07, 0xFF, 0x40, 0x09, 0xFF, 0x20, 0x0B, 0xFE, 0x00, 0x0C,
    0xFC, 0x00, 0x0E, 0xFA, 0x00, 0x1F, 0xF7, 0x00, 0x2B, 0xB4, 0x00, 0x00, 0x00, 0x00, 0x00, 0x00,
    0x00, 0x00, 0x53, 0x00, 0x00, 0x00, 0x00, 0x00, 0x01, 0x7D, 0xF5, 0x00, 0x00, 0x00, 0x00, 0x03,
    0x9F, 0xFF, 0xF5, 0x00, 0x00, 0x00, 0x05, 0xCF, 0xFF, 0xFC, 0x61, 0x00, 0x00, 0x17, 0xDF, 0xFF,
    0xE9, 0x30, 0x00, 0x00, 0x3A, 0xFF, 0xFF, 0xC6, 0x10, 0x00, 0x00, 0x3C, 0xFF, 0xFE, 0x93, 0x00,
    0x00, 0x00, 0x00, 0x6F, 0xFC, 0x61, 0x00, 0x00, 0x00, 0x00, 0x00, 0x6F, 0xFD, 0x71, 0x00, 0x00,
    0x00, 0x00, 0x00, 0x2B, 0xFF, 0xFF, 0xA4, 0x00, 0x00, 0x00, 0x00, 0x00, 0x28, 0xEF, 0xFF, 0xD7,
    0x20, 0x00, 0x00, 0x00, 0x00, 0x16, 0xCF, 0xFF, 0xFA, 0x40, 0x00, 0x00, 0x00, 0x00, 0x04, 0xAF,
    0xFF, 0xFD, 0x81, 0x00, 0x00, 0x00, 0x00, 0x02, 0x8E, 0xFF, 0xF5, 0x00, 0x00, 0x00, 0x00, 0x00,
    0x00, 0x6C, 0xF5, 0x00, 0x00, 0x00, 0x00, 0x00, 0x00, 0x00, 0x33, 0x5F, 0xFF, 0xFF, 0xFF, 0xFF,
    0xFF, 0xFF, 0xFF, 0x10, 0x5F, 0xFF, 0xFF, 0xFF, 0xFF, 0xFF, 0xFF, 0xFF, 0x10, 0x28, 0x88, 0x88,
    0x88, 0x88, 0x88, 0x88, 0x88, 0x00, 0x00, 0x00, 0x00, 0x00, 0x00, 0x00, 0x00, 0x00, 0x00, 0x00,
    0x00, 0x00, 0x00, 0x00, 0x00, 0x00, 0x00, 0x00, 0x00, 0x00, 0x00, 0x00, 0x00, 0x00, 0x00, 0x00,
    0x00, 0x00, 0x00, 0x00, 0x00, 0x00, 0x00, 0x00, 0x00, 0x00, 0x00, 0x00, 0x00, 0x00, 0x00, 0x00,
    0x00, 0x00, 0x00, 0x5F, 0xFF, 0xFF, 0xFF, 0xFF, 0xFF, 0xFF, 0xFF, 0x10, 0x5F, 0xFF, 0xFF, 0xFF,
    0xFF, 0xFF, 0xFF, 0xFF, 0x10, 0x28, 0x88, 0x88, 0x88, 0x88, 0x88, 0x88, 0x88, 0x00, 0x53, 0x00,
    0x00, 0x00, 0x00, 0x00, 0x00, 0x00, 0x9F, 0xC5, 0x00, 0x00, 0x00, 0x00, 0x00, 0x00, 0x9F, 0xFF,
    0xE8, 0x20, 0x00, 0x00, 0x00, 0x00, 0x28, 0xEF, 0xFF, 0xFA, 0x40, 0x00, 0x00, 0x00, 0x00, 0x05,
    0xBF, 0xFF, 0xFC, 0x61, 0x00, 0x00, 0x00, 0x00, 0x03, 0x9E, 0xFF, 0xFE, 0x82, 0x00, 0x00, 0x00,
    0x00, 0x01, 0x6C, 0xFF, 0xFF, 0xA1, 0x00, 0x00, 0x00, 0x00, 0x00, 0x39, 0xFF, 0xF2, 0x00, 0x00,
    0x00, 0x00, 0x00, 0x5B, 0xFF, 0xF2, 0x00, 0x00, 0x00, 0x01, 0x7D, 0xFF, 0xFE, 0x91, 0x00, 0x00,
    0x04, 0xAF, 0xFF, 0xFD, 0x71, 0x00, 0x00, 0x17, 0xDF, 0xFF, 0xFB, 0x40, 0x00, 0x00, 0x39, 0xEF,
    0xFF, 0xE9, 0x20, 0x00, 0x00, 0x00, 0x9F, 0xFF, 0xD6, 0x10, 0x00, 0x00, 0x00, 0x00, 0x9F, 0xA4,
    0x00, 0x00, 0x00, 0x00, 0x00, 0x00, 0x42, 0x00, 0x00, 0x00, 0x00, 0x00, 0x00, 0x00, 0x00, 0x00,
    0x5A, 0xDE, 0xFE, 0xC7, 0x10, 0x00, 0x00, 0x5D, 0xFF, 0xFF, 0xFF, 0xFF, 0xE3, 0x00, 0x08, 0xFF,
    0xFF, 0xB8, 0x89, 0xEF, 0xFE, 0x10, 0x09, 0xFE, 0x71, 0x00, 0x00, 0x1C, 0xFF, 0x60, 0x00, 0x72,
    0x00, 0x00, 0x00, 0x04, 0xFF, 0x80, 0x00, 0x00, 0x00, 0x00, 0x00, 0x03, 0xFF, 0x80, 0x00, 0x00,
    0x00, 0x00, 0x00, 0x07, 0xFF, 0x60, 0x00, 0x00, 0x00, 0x00, 0x00, 0x2E, 0xFE, 0x10, 0x00, 0x00,
    0x00, 0x00, 0x03, 0xDF, 0xF6, 0x00, 0x00, 0x00, 0x00, 0x00, 0x8F, 0xFF, 0x70, 0x00, 0x00, 0x00,
    0x00, 0x08, 0xFF, 0xD4, 0x00, 0x00, 0x00, 0x00, 0x00, 0x2F, 0xFC, 0x10, 0x00, 0x00, 0x00, 0x00,
    0x00, 0x7F, 0xF4, 0x00, 0x00, 0x00, 0x00, 0x00, 0x00, 0x8F, 0xF0, 0x00, 0x00, 0x00, 0x00, 0x00,
    0x00, 0x8F, 0xF0, 0x00, 0x00, 0x00, 0x00, 0x00, 0x00, 0x00, 0x00, 0x00, 0x00, 0x00, 0x00, 0x00,
    0x00, 0x00, 0x00, 0x00, 0x00, 0x00, 0x00, 0x00, 0x00, 0x03, 0x20, 0x00, 0x00, 0x00, 0x00, 0x00,
    0x00, 0xBF, 0xF5, 0x00, 0x00, 0x00, 0x00, 0x00, 0x03, 0xFF, 0xFC, 0x00, 0x00, 0x00, 0x00, 0x00,
    0x03, 0xFF, 0xFB, 0x00, 0x00, 0x00, 0x00, 0x00, 0x00, 0x7E, 0xD3, 0x00, 0x00, 0x00, 0x00, 0x00,
    0x04, 0xAE, 0xFE, 0xC8, 0x20, 0x00, 0x00, 0x00, 0xAF, 0xFF, 0xFF, 0xFF, 0xE5, 0x00, 0x00, 0x0A,
    0xFF, 0xC6, 0x45, 0x8E, 0xFF, 0x30, 0x00, 0x5F, 0xF9, 0x00, 0x00, 0x03, 0xEF, 0xB0, 0x00, 0xCF,
    0xB0, 0x00, 0x00, 0x00, 0x6F, 0xF2, 0x03, 0xFF, 0x40, 0x00, 0x58, 0x71, 0x1F, 0xF5, 0x07, 0xFD,
    0x00, 0x2D, 0xFF, 0xFE, 0x2C, 0xF8, 0x0B, 0xF9, 0x00, 0xBF, 0xFF, 0xFF, 0xBA, 0xF9, 0x0D, 0xF6,
    0x03, 0xFF, 0xC2, 0x03, 0xDC, 0xF9, 0x0F, 0xF4, 0x07, 0xFF, 0x20, 0x00, 0x4F, 0xF9, 0x2F, 0xF2,
    0x0A, 0xFC, 0x00, 0x00, 0x0E, 0xFA, 0x2F, 0xF2, 0x0C, 0xF9, 0x00, 0x00, 0x0C, 0xFB, 0x3F, 0xF1,
    0x0C, 0xF9, 0x00, 0x00, 0x0B, 0xFB, 0x3F, 0xF1, 0x0C, 0xF9, 0x00, 0x00, 0x0B, 0xFB, 0x2F, 0xF1,
    0x0B, 0xFA, 0x00, 0x00, 0x0C, 0xFA, 0x2F, 0xF2, 0x09, 0xFE, 0x00, 0x00, 0x1E, 0xF9, 0x0F, 0xF4,
    0x05, 0xFF, 0x60, 0x00, 0x7E, 0xF9, 0x0E, 0xF6, 0x01, 0xEF, 0xF9, 0x6A, 0xEA, 0xF9, 0x0B, 0xF9,
    0x00, 0x6F, 0xFF, 0xFF, 0x7A, 0xF9, 0x08, 0xFE, 0x00, 0x06, 0xEF, 0xF8, 0x08, 0xC8, 0x03, 0xFF,
    0x50, 0x00, 0x01, 0x00, 0x00, 0x00, 0x00, 0xCF, 0xD1, 0x00, 0x00, 0x00, 0x00, 0x00, 0x00, 0x4F,
    0xFC, 0x20, 0x00, 0x00, 0x00, 0x00, 0x00, 0x08, 0xFF, 0xFA, 0x64, 0x45, 0x72, 0x00, 0x00, 0x00,
    0x7E, 0xFF, 0xFF, 0xFF, 0xF3, 0x00, 0x00, 0x00, 0x01, 0x7B, 0xEF, 0xFE, 0xC2, 0x00, 0x00, 0x00,
    0x00, 0x0A, 0xFF, 0xF6, 0x00, 0x00, 0x00, 0x00, 0x00, 0x00, 0x0E, 0xFF, 0xFB, 0x00, 0x00, 0x00,
    0x00, 0x00, 0x00, 0x4F, 0xFA, 0xFF, 0x10, 0x00, 0x00, 0x00, 0x00, 0x00, 0x8F, 0xD2, 0xFF, 0x50,
    0x00, 0x00, 0x00, 0x00, 0x00, 0xDF, 0x90, 0xDF, 0x90, 0x00, 0x00, 0x00, 0x00, 0x03, 0xFF, 0x50,
    0x8F, 0xE0, 0x00, 0x00, 0x00, 0x00, 0x07, 0xFF, 0x10, 0x4F, 0xF3, 0x00, 0x00, 0x00, 0x00, 0x0C,
    0xFB, 0x00, 0x0E, 0xF8, 0x00, 0x00, 0x00, 0x00, 0x1F, 0xF7, 0x00, 0x0A, 0xFC, 0x00, 0x00, 0x00,
    0x00, 0x6F, 0xF2, 0x00, 0x06, 0xFF, 0x20, 0x00, 0x00, 0x00, 0xAF, 0xD0, 0x00, 0x02, 0xFF, 0x70,
    0x00, 0x00, 0x01, 0xEF, 0x90, 0x00, 0x00, 0xCF, 0xB0, 0x00, 0x00, 0x04, 0xFF, 0x40, 0x00, 0x00,
    0x8F, 0xF1, 0x00, 0x00, 0x09, 0xFF, 0x88, 0x88, 0x88, 0xAF, 0xF5, 0x00, 0x00, 0x0D, 0xFF, 0xFF,
    0xFF, 0xFF, 0xFF, 0xFA, 0x00, 0x00, 0x3F, 0xFF, 0xFF, 0xFF, 0xFF, 0xFF, 0xFE, 0x00, 0x00, 0x8F,
    0xF2, 0x00, 0x00, 0x00, 0x06, 0xFF, 0x40, 0x00, 0xCF, 0xD0, 0x00, 0x00, 0x00, 0x01, 0xFF, 0x80,
    0x02, 0xFF, 0x80, 0x00, 0x00, 0x00, 0x00, 0xCF, 0xD0, 0x06, 0xFF, 0x40, 0x00, 0x00, 0x00, 0x00,
    0x8F, 0xF2, 0x0B, 0xFE, 0x00, 0x00, 0x00, 0x00, 0x00, 0x3F, 0xF7, 0x1F, 0xFA, 0x00, 0x00, 0x00,
    0x00, 0x00, 0x0E, 0xFC, 0x6F, 0xFF, 0xFF, 0xFF, 0xEB, 0x71, 0x00, 0x00, 0x6F, 0xFF, 0xFF, 0xFF,
    0xFF, 0xFE, 0x40, 0x00, 0x6F, 0xFA, 0x88, 0x88, 0xAE, 0xFF, 0xE2, 0x00, 0x6F, 0xF4, 0x00, 0x00,
    0x01, 0xAF, 0xFA, 0x00, 0x6F, 0xF4, 0x00, 0x00, 0x00, 0x1E, 0xFE, 0x00, 0x6F, 0xF4, 0x00, 0x00,
    0x00, 0x0A, 0xFF, 0x00, 0x6F, 0xF4, 0x00, 0x00, 0x00, 0x0B, 0xFF, 0x00, 0x6F, 0xF4, 0x00, 0x00,
    0x00, 0x1E, 0xFB, 0x00, 0x6F, 0xF4, 0x00, 0x00, 0x01, 0xAF, 0xF4, 0x00, 0x6F, 0xFA, 0x88, 0x88,
    0xAE, 0xFE, 0x40, 0x00, 0x6F, 0xFF, 0xFF, 0xFF, 0xFB, 0x60, 0x00, 0x00, 0x6F, 0xFF, 0xFF, 0xFF,
    0xFF, 0xFD, 0x81, 0x00, 0x6F, 0xF4, 0x00, 0x00, 0x02, 0x6D, 0xFE, 0x30, 0x6F, 0xF4, 0x00, 0x00,
    0x00, 0x01, 0xCF, 0xD1, 0x6F, 0xF4, 0x00, 0x00, 0x00, 0x00, 0x5F, 0xF5, 0x6F, 0xF4, 0x00, 0x00,
    0x00, 0x00, 0x2F, 0xF8, 0x6F, 0xF4, 0x00, 0x00, 0x00, 0x00, 0x2F, 0xF9, 0x6F, 0xF4, 0x00, 0x00,
    0x00, 0x00, 0x7F, 0xF7, 0x6F, 0xF4, 0x00, 0x00, 0x00, 0x05, 0xFF, 0xF3, 0x6F, 0xFA, 0x88, 0x88,
    0x89, 0xDF, 0xFF, 0xA0, 0x6F, 0xFF, 0xFF, 0xFF, 0xFF, 0xFF, 0xFB, 0x10, 0x6F, 0xFF, 0xFF, 0xFF,
    0xFF, 0xDA, 0x50, 0x00, 0x00, 0x00, 0x01, 0x6A, 0xDF, 0xFE, 0xC8, 0x20, 0x00, 0x00, 0x00, 0x6E,
    0xFF, 0xFF, 0xFF, 0xFF, 0xF8, 0x00, 0x00, 0x09, 0xFF, 0xFE, 0xB8, 0x89, 0xDF, 0xFF, 0x60, 0x00,
    0x8F, 0xFF, 0x81, 0x00, 0x00, 0x06, 0xFB, 0x10, 0x02, 0xFF, 0xF4, 0x00, 0x00, 0x00, 0x00, 0x30,
    0x00, 0x09, 0xFF, 0x70, 0x00, 0x00, 0x00, 0x00, 0x00, 0x00, 0x0E, 0xFE, 0x00, 0x00, 0x00, 0x00,
    0x00, 0x00, 0x00, 0x4F, 0xF9, 0x00, 0x00, 0x00, 0x00, 0x00, 0x00, 0x00, 0x6F, 0xF5, 0x00, 0x00,
    0x00, 0x00, 0x00, 0x00, 0x00, 0x8F, 0xF3, 0x00, 0x00, 0x00, 0x00, 0x00, 0x00, 0x00, 0x8F, 0xF2,
    0x00, 0x00, 0x00, 0x00, 0x00, 0x00, 0x00, 0x8F, 0xF2, 0x00, 0x00, 0x00, 0x00, 0x00, 0x00, 0x00,
    0x8F, 0xF3, 0x00, 0x00, 0x00, 0x00, 0x00, 0x00, 0x00, 0x6F, 0xF6, 0x00, 0x00, 0x00, 0x00, 0x00,
    0x00, 0x00, 0x4F, 0xF9, 0x00, 0x00, 0x00, 0x00, 0x00, 0x00, 0x00, 0x1F, 0xFE, 0x10, 0x00, 0x00,
    0x00, 0x00, 0x00, 0x00, 0x0A, 0xFF, 0x80, 0x00, 0x00, 0x00, 0x00, 0x00, 0x00, 0x03, 0xFF, 0xF5,
    0x00, 0x00, 0x00, 0x00, 0x00, 0x00, 0x00, 0x9F, 0xFF, 0x92, 0x00, 0x00, 0x00, 0x15, 0x00, 0x00,
    0x0B, 0xFF, 0xFF, 0xC9, 0x88, 0x9C, 0xFF, 0x10, 0x00, 0x00, 0x7E, 0xFF, 0xFF, 0xFF, 0xFF, 0xFF,
    0x40, 0x00, 0x00, 0x01, 0x6A, 0xDE, 0xFF, 0xDB, 0x73, 0x00, 0xBF, 0xFF, 0xFF, 0xED, 0xA6, 0x10,
    0x00, 0x00, 0xBF, 0xFF, 0xFF, 0xFF, 0xFF, 0xE7, 0x00, 0x00, 0xBF, 0xE8, 0x88, 0x8B, 0xEF, 0xFF,
    0xA0, 0x00, 0xBF, 0xE0, 0x00, 0x00, 0x17, 0xEF, 0xF8, 0x00, 0xBF, 0xE0, 0x00, 0x00, 0x00, 0x3E,
    0xFF, 0x30, 0xBF, 0xE0, 0x00, 0x00, 0x00, 0x06, 0xFF, 0x90, 0xBF, 0xE0, 0x00, 0x00, 0x00, 0x00,
    0xEF, 0xE0, 0xBF, 0xE0, 0x00, 0x00, 0x00, 0x00, 0x9F, 0xF3, 0xBF, 0xE0, 0x00, 0x00, 0x00, 0x00,
    0x6F, 0xF5, 0xBF, 0xE0, 0x00, 0x00, 0x00, 0x00, 0x4F, 0xF7, 0xBF, 0xE0, 0x00, 0x00, 0x00, 0x00,
    0x3F, 0xF8, 0xBF, 0xE0, 0x00, 0x00, 0x00, 0x00, 0x2F, 0xF8, 0xBF, 0xE0, 0x00, 0x00, 0x00, 0x00,
    0x3F, 0xF8, 0xBF, 0xE0, 0x00, 0x00, 0x00, 0x00, 0x5F, 0xF6, 0xBF, 0xE0, 0x00, 0x00, 0x00, 0x00,
    0x8F, 0xF4, 0xBF, 0xE0, 0x00, 0x00, 0x00, 0x00, 0xCF, 0xF1, 0xBF, 0xE0, 0x00, 0x00, 0x00, 0x05,
    0xFF, 0xB0, 0xBF, 0xE0, 0x00, 0x00, 0x00, 0x2E, 0xFF, 0x40, 0xBF, 0xE0, 0x00, 0x00, 0x06, 0xEF,
    0xFA, 0x00, 0xBF, 0xE8, 0x88, 0x8A, 0xEF, 0xFF, 0xC1, 0x00, 0xBF, 0xFF, 0xFF, 0xFF, 0xFF, 0xF8,
    0x10, 0x00, 0xBF, 0xFF, 0xFF, 0xFD, 0xB7, 0x20, 0x00, 0x00, 0x8F, 0xFF, 0xFF, 0xFF, 0xFF, 0xFF,
    0xFF, 0xF1, 0x8F, 0xFF, 0xFF, 0xFF, 0xFF, 0xFF, 0xFF, 0xF1, 0x7F, 0xFA, 0x88, 0x88, 0x88, 0x88,
    0x88, 0x80, 0x6F, 0xF4, 0x00, 0x00, 0x00, 0x00, 0x00, 0x00, 0x6F, 0xF4, 0x00, 0x00, 0x00, 0x00,
    0x00, 0x00, 0x6F, 0xF4, 0x00, 0x00, 0x00, 0x00, 0x00, 0x00, 0x6F, 0xF4, 0x00, 0x00, 0x00, 0x00,
    0x00, 0x00, 0x6F, 0xF4, 0x00, 0x00, 0x00, 0x00, 0x00, 0x00, 0x6F, 0xF4, 0x00, 0x00, 0x00, 0x00,
    0x00, 0x00, 0x7F, 0xFA, 0x88, 0x88, 0x88, 0x88, 0x20, 0x00, 0x8F, 0xFF, 0xFF, 0xFF, 0xFF, 0xFF,
    0x40, 0x00, 0x8F, 0xFF, 0xFF, 0xFF, 0xFF, 0xFF, 0x40, 0x00, 0x6F, 0xF4, 0x00, 0x00, 0x00, 0x00,
    0x00, 0x00, 0x6F, 0xF4, 0x00, 0x00, 0x00, 0x00, 0x00, 0x00, 0x6F, 0xF4, 0x00, 0x00, 0x00, 0x00,
    0x00, 0x00, 0x6F, 0xF4, 0x00, 0x00, 0x00, 0x00, 0x00, 0x00, 0x6F, 0xF4, 0x00, 0x00, 0x00, 0x00,
    0x00, 0x00, 0x6F, 0xF4, 0x00, 0x00, 0x00, 0x00, 0x00, 0x00, 0x6F, 0xF4, 0x00, 0x00, 0x00, 0x00,
    0x00, 0x00, 0x7F, 0xFA, 0x88, 0x88, 0x88, 0x88, 0x88, 0x80, 0x8F, 0xFF, 0xFF, 0xFF, 0xFF, 0xFF,
    0xFF, 0xF1, 0x8F, 0xFF, 0xFF, 0xFF, 0xFF, 0xFF, 0xFF, 0xF1, 0x2F, 0xFF, 0xFF, 0xFF, 0xFF, 0xFF,
    0xFF, 0xF6, 0x2F, 0xFF, 0xFF, 0xFF, 0xFF, 0xFF, 0xFF, 0xF6, 0x1F, 0xFC, 0x88, 0x88, 0x88, 0x88,
    0x88, 0x83, 0x1F, 0xF9, 0x00, 0x00, 0x00, 0x00, 0x00, 0x00, 0x1F, 0xF9, 0x00, 0x00, 0x00, 0x00,
    0x00, 0x00, 0x1F, 0xF9, 0x00, 0x00, 0x00, 0x00, 0x00, 0x00, 0x1F, 0xF9, 0x00, 0x00, 0x00, 0x00,
    0x00, 0x00, 0x1F, 0xF9, 0x00, 0x00, 0x00, 0x00, 0x00, 0x00, 0x1F, 0xF9, 0x00, 0x00, 0x00, 0x00,
    0x00, 0x00, 0x1F, 0xF9, 0x00, 0x00, 0x00, 0x00, 0x00, 0x00, 0x1F, 0xFC, 0x88, 0x88, 0x88, 0x88,
    0x60, 0x00, 0x2F, 0xFF, 0xFF, 0xFF, 0xFF, 0xFF, 0xC0, 0x00, 0x2F, 0xFF, 0xFF, 0xFF, 0xFF, 0xFF,
    0xC0, 0x00, 0x1F, 0xF9, 0x00, 0x00, 0x00, 0x00, 0x00, 0x00, 0x1F, 0xF9, 0x00, 0x00, 0x00, 0x00,
    0x00, 0x00, 0x1F, 0xF9, 0x00, 0x00, 0x00, 0x00, 0x00, 0x00, 0x1F, 0xF9, 0x00, 0x00, 0x00, 0x00,
    0x00, 0x00, 0x1F, 0xF9, 0x00, 0x00, 0x00, 0x00, 0x00, 0x00, 0x1F, 0xF9, 0x00, 0x00, 0x00, 0x00,
    0x00, 0x00, 0x1F, 0xF9, 0x00, 0x00, 0x00, 0x00, 0x00, 0x00, 0x1F, 0xF9, 0x00, 0x00, 0x00, 0x00,
    0x00, 0x00, 0x1F, 0xF9, 0x00, 0x00, 0x00, 0x00, 0x00, 0x00, 0x00, 0x00, 0x03, 0x8C, 0xEF, 0xFD,
    0xA6, 0x10, 0x00, 0x00, 0x01, 0xAF, 0xFF, 0xFF, 0xFF, 0xFF, 0xE4, 0x00, 0x00, 0x2D, 0xFF, 0xFD,
    0xA8, 0x8A, 0xFF, 0xFF, 0x20, 0x00, 0xCF, 0xFD, 0x40, 0x00, 0x00, 0x1A, 0xF7, 0x00, 0x07, 0xFF,
    0xC1, 0x00, 0x00, 0x00, 0x00, 0x40, 0x00, 0x0E, 0xFF, 0x20, 0x00, 0x00, 0x00, 0x00, 0x00, 0x00,
    0x5F, 0xF9, 0x00, 0x00, 0x00, 0x00, 0x00, 0x00, 0x00, 0x8F, 0xF4, 0x00, 0x00, 0x00, 0x00, 0x00,
    0x00, 0x00, 0xBF, 0xF1, 0x00, 0x00, 0x00, 0x00, 0x00, 0x00, 0x00, 0xCF, 0xD0, 0x00, 0x00, 0x00,
    0x00, 0x00, 0x00, 0x00, 0xDF, 0xD0, 0x00, 0x00, 0x00, 0x00, 0x00, 0x00, 0x00, 0xDF, 0xD0, 0x00,
    0x00, 0x48, 0x88, 0x88, 0x87, 0x00, 0xDF, 0xE0, 0x00, 0x00, 0x8F, 0xFF, 0xFF, 0xFD, 0x00, 0xBF,
    0xF1, 0x00, 0x00, 0x8F, 0xFF, 0xFF, 0xFD, 0x00, 0x9F, 0xF4, 0x00, 0x00, 0x00, 0x00, 0x0B, 0xFD,
    0x00, 0x5F, 0xFA, 0x00, 0x00, 0x00, 0x00, 0x0B, 0xFD, 0x00, 0x1E, 0xFF, 0x30, 0x00, 0x00, 0x00,
    0x0B, 0xFD, 0x00, 0x08, 0xFF, 0xD1, 0x00, 0x00, 0x00, 0x0B, 0xFD, 0x00, 0x01, 0xDF, 0xFD, 0x50,
    0x00, 0x00, 0x0B, 0xFD, 0x00, 0x00, 0x3E, 0xFF, 0xFE, 0xA8, 0x88, 0xBE, 0xFD, 0x00, 0x00, 0x02,
    0xBF, 0xFF, 0xFF, 0xFF, 0xFF, 0xFD, 0x00, 0x00, 0x00, 0x03, 0x8C, 0xEF, 0xFE, 0xCA, 0x62, 0x00,
    0xAF, 0xF0, 0x00, 0x00, 0x00, 0x03, 0xFF, 0x70, 0xAF, 0xF0, 0x00, 0x00, 0x00, 0x03, 0xFF, 0x70,
    0xAF, 0xF0, 0x00, 0x00, 0x00, 0x03, 0xFF, 0x70, 0xAF, 0xF0, 0x00, 0x00, 0x00, 0x03, 0xFF, 0x70,
    0xAF, 0xF0, 0x00, 0x00, 0x00, 0x03, 0xFF, 0x70, 0xAF, 0xF0, 0x00, 0x00, 0x00, 0x03, 0xFF, 0x70,
    0xAF, 0xF0, 0x00, 0x00, 0x00, 0x03, 0xFF, 0x70, 0xAF, 0xF0, 0x00, 0x00, 0x00, 0x03, 0xFF, 0x70,
    0xAF, 0xF0, 0x00, 0x00, 0x00, 0x03, 0xFF, 0x70, 0xAF, 0xF8, 0x88, 0x88, 0x88, 0x89, 0xFF, 0x70,
    0xAF, 0xFF, 0xFF, 0xFF, 0xFF, 0xFF, 0xFF, 0x70, 0xAF, 0xFF, 0xFF, 0xFF, 0xFF, 0xFF, 0xFF, 0x70,
    0xAF, 0xF0, 0x00, 0x00, 0x00, 0x03, 0xFF, 0x70, 0xAF, 0xF0, 0x00, 0x00, 0x00, 0x03, 0xFF, 0x70,
    0xAF, 0xF0, 0x00, 0x00, 0x00, 0x03, 0xFF, 0x70, 0xAF, 0xF0, 0x00, 0x00, 0x00, 0x03, 0xFF, 0x70,
    0xAF, 0xF0, 0x00, 0x00, 0x00, 0x03, 0xFF, 0x70, 0xAF, 0xF0, 0x00, 0x00, 0x00, 0x03, 0xFF, 0x70,
    0xAF, 0xF0, 0x00, 0x00, 0x00, 0x03, 0xFF, 0x70, 0xAF, 0xF0, 0x00, 0x00, 0x00, 0x03, 0xFF, 0x70,
    0xAF, 0xF0, 0x00, 0x00, 0x00, 0x03, 0xFF, 0x70, 0xAF, 0xF0, 0x00, 0x00, 0x00, 0x03, 0xFF, 0x70,
    0x4F, 0xFF, 0xFF, 0xFF, 0xFF, 0xFF, 0xFF, 0x4F, 0xFF, 0xFF, 0xFF, 0xFF, 0xFF, 0xFF, 0x28, 0x88,
    0x88, 0xFF, 0xD8, 0x88, 0x88, 0x00, 0x00, 0x00, 0xFF, 0xA0, 0x00, 0x00, 0x00, 0x00, 0x00, 0xFF,
    0xA0, 0x00, 0x00, 0x00, 0x00, 0x00, 0xFF, 0xA0, 0x00, 0x00, 0x00, 0x00, 0x00, 0xFF, 0xA0, 0x00,
    0x00, 0x00, 0x00, 0x00, 0xFF, 0xA0, 0x00, 0x00, 0x00, 0x00, 0x00, 0xFF, 0xA0, 0x00, 0x00, 0x00,
    0x00, 0x00, 0xFF, 0xA0, 0x00, 0x00, 0x00, 0x00, 0x00, 0xFF, 0xA0, 0x00, 0x00, 0x00, 0x00, 0x00,
    0xFF, 0xA0, 0x00, 0x00, 0x00, 0x00, 0x00, 0xFF, 0xA0, 0x00, 0x00, 0x00, 0x00, 0x00, 0xFF, 0xA0,
    0x00, 0x00, 0x00, 0x00, 0x00, 0xFF, 0xA0, 0x00, 0x00, 0x00, 0x00, 0x00, 0xFF, 0xA0, 0x00, 0x00,
    0x00, 0x00, 0x00, 0xFF, 0xA0, 0x00, 0x00, 0x00, 0x00, 0x00, 0xFF, 0xA0, 0x00, 0x00, 0x00, 0x00,
    0x00, 0xFF, 0xA0, 0x00, 0x00, 0x28, 0x88, 0x88, 0xFF, 0xD8, 0x88, 0x88, 0x4F, 0xFF, 0xFF, 0xFF,
    0xFF, 0xFF, 0xFF, 0x4F, 0xFF, 0xFF, 0xFF, 0xFF, 0xFF, 0xFF, 0x00, 0x00, 0x00, 0x5F, 0xFF, 0xFF,
    0xFF, 0xF7, 0x00, 0x00, 0x00, 0x5F, 0xFF, 0xFF, 0xFF, 0xF7, 0x00, 0x00, 0x00, 0x38, 0x88, 0x88,
    0x9F, 0xF7, 0x00, 0x00, 0x00, 0x00, 0x00, 0x00, 0x3F, 0xF7, 0x00, 0x00, 0x00, 0x00, 0x00, 0x00,
    0x3F, 0xF7, 0x00, 0x00, 0x00, 0x00, 0x00, 0x00, 0x3F, 0xF7, 0x00, 0x00, 0x00, 0x00, 0x00, 0x00,
    0x3F, 0xF7, 0x00, 0x00, 0x00, 0x00, 0x00, 0x00, 0x3F, 0xF7, 0x00, 0x00, 0x00, 0x00, 0x00, 0x00,
    0x3F, 0xF7, 0x00, 0x00, 0x00, 0x00, 0x00, 0x00, 0x3F, 0xF7, 0x00, 0x00, 0x00, 0x00, 0x00, 0x00,
    0x3F, 0xF7, 0x00, 0x00, 0x00, 0x00, 0x00, 0x00, 0x3F, 0xF7, 0x00, 0x00, 0x00, 0x00, 0x00, 0x00,
    0x3F, 0xF7, 0x00, 0x00, 0x00, 0x00, 0x00, 0x00, 0x3F, 0xF7, 0x8F, 0xF2, 0x00, 0x00, 0x00, 0x00,
    0x3F, 0xF7, 0x7F, 0xF4, 0x00, 0x00, 0x00, 0x00, 0x4F, 0xF6, 0x4F, 0xF7, 0x00, 0x00, 0x00, 0x00,
    0x7F, 0xF4, 0x1E, 0xFD, 0x00, 0x00, 0x00, 0x00, 0xCF, 0xF1, 0x09, 0xFF, 0x90, 0x00, 0x00, 0x08,
    0xFF, 0x90, 0x01, 0xDF, 0xFD, 0x74, 0x46, 0xCF, 0xFD, 0x10, 0x00, 0x2C, 0xFF, 0xFF, 0xFF, 0xFF,
    0xC2, 0x00, 0x00, 0x00, 0x6B, 0xEF, 0xFD, 0xA6, 0x00, 0x00, 0x8F, 0xF2, 0x00, 0x00, 0x00, 0x00,
    0xAF, 0xE0, 0x8F, 0xF2, 0x00, 0x00, 0x00, 0x00, 0xBF, 0xE0, 0x8F, 0xF2, 0x00, 0x00, 0x00, 0x00,
    0xDF, 0xC0, 0x8F, 0xF2, 0x00, 0x00, 0x00, 0x00, 0xFF, 0xA0, 0x8F, 0xF2, 0x00, 0x00, 0x00, 0x03,
    0xFF, 0x70, 0x8F, 0xF2, 0x00, 0x00, 0x00, 0x07, 0xFF, 0x30, 0x8F, 0xF2, 0x00, 0x00, 0x00, 0x0D,
    0xFD, 0x00, 0x8F, 0xF2, 0x00, 0x00, 0x00, 0x5F, 0xF7, 0x00, 0x8F, 0xF2, 0x00, 0x00, 0x01, 0xDF,
    0xE1, 0x00, 0x8F, 0xF2, 0x00, 0x00, 0x0A, 0xFF, 0x60, 0x00, 0x8F, 0xF2, 0x00, 0x01, 0xAF, 0xFA,
    0x00, 0x00, 0x8F, 0xF2, 0x00, 0x5D, 0xFF, 0xC1, 0x00, 0x00, 0x8F, 0xF9, 0xBE, 0xFF, 0xFF, 0xE1,
    0x00, 0x00, 0x8F, 0xFF, 0xFF, 0xFD, 0xBF, 0xF8, 0x00, 0x00, 0x8F, 0xFE, 0xC9, 0x40, 0x1E, 0xFE,
    0x10, 0x00, 0x8F, 0xF2, 0x00, 0x00, 0x07, 0xFF, 0x90, 0x00, 0x8F, 0xF2, 0x00, 0x00, 0x01, 0xEF,
    0xF2, 0x00, 0x8F, 0xF2, 0x00, 0x00, 0x00, 0x7F, 0xFA, 0x00, 0x8F, 0xF2, 0x00, 0x00, 0x00, 0x0D,
    0xFF, 0x30, 0x8F, 0xF2, 0x00, 0x00, 0x00, 0x06, 0xFF, 0xB0, 0x8F, 0xF2, 0x00, 0x00, 0x00, 0x00,
    0xDF, 0xF4, 0x8F, 0xF2, 0x00, 0x00, 0x00, 0x00, 0x5F, 0xFB, 0x6F, 0xF4, 0x00, 0x00, 0x00, 0x00,
    0x00, 0x00, 0x6F, 0xF4, 0x00, 0x00, 0x00, 0x00, 0x00, 0x00, 0x6F, 0xF4, 0x00, 0x00, 0x00, 0x00,
    0x00, 0x00, 0x6F, 0xF4, 0x00, 0x00, 0x00, 0x00, 0x00, 0x00, 0x6F, 0xF4, 0x00, 0x00, 0x00, 0x00,
    0x00, 0x00, 0x6F, 0xF4, 0x00, 0x00, 0x00, 0x00, 0x00, 0x00, 0x6F, 0xF4, 0x00, 0x00, 0x00, 0x00,
    0x00, 0x00, 0x6F, 0xF4, 0x00, 0x00, 0x00, 0x00, 0x00, 0x00, 0x6F, 0xF4, 0x00, 0x00, 0x00, 0x00,
    0x00, 0x00, 0x6F, 0xF4, 0x00, 0x00, 0x00, 0x00, 0x00, 0x00, 0x6F, 0xF4, 0x00, 0x00, 0x00, 0x00,
    0x00, 0x00, 0x6F, 0xF4, 0x00, 0x00, 0x00, 0x00, 0x00, 0x00, 0x6F, 0xF4, 0x00, 0x00, 0x00, 0x00,
    0x00, 0x00, 0x6F, 0xF4, 0x00, 0x00, 0x00, 0x00, 0x00, 0x00, 0x6F, 0xF4, 0x00, 0x00, 0x00, 0x00,
    0x00, 0x00, 0x6F, 0xF4, 0x00, 0x00, 0x00, 0x00, 0x00, 0x00, 0x6F, 0xF4, 0x00, 0x00, 0x00, 0x00,
    0x00, 0x00, 0x6F, 0xF4, 0x00, 0x00, 0x00, 0x00, 0x00, 0x00, 0x6F, 0xF4, 0x00, 0x00, 0x00, 0x00,
    0x00, 0x00, 0x7F, 0xFA, 0x88, 0x88, 0x88, 0x88, 0x88, 0x80, 0x8F, 0xFF, 0xFF, 0xFF, 0xFF, 0xFF,
    0xFF, 0xF1, 0x8F, 0xFF, 0xFF, 0xFF, 0xFF, 0xFF, 0xFF, 0xF1, 0xDF, 0xFF, 0x50, 0x00, 0x00, 0x9F,
    0xFF, 0x90, 0xDF, 0xFF, 0xA0, 0x00, 0x00, 0xEF, 0xFF, 0x90, 0xDF, 0xFF, 0xE0, 0x00, 0x03, 0xFF,
    0xFF, 0x90, 0xDF, 0xBD, 0xF4, 0x00, 0x08, 0xF9, 0xEF, 0x90, 0xDF, 0xB8, 0xF8, 0x00, 0x0C, 0xF4,
    0xEF, 0x90, 0xDF, 0xB3, 0xFD, 0x00, 0x2F, 0xE0, 0xEF, 0x90, 0xDF, 0xB0, 0xDF, 0x20, 0x6F, 0xA0,
    0xEF, 0x90, 0xDF, 0xB0, 0x9F, 0x70, 0xBF, 0x50, 0xEF, 0x90, 0xDF, 0xB0, 0x4F, 0xB1, 0xFF, 0x10,
    0xEF, 0x90, 0xDF, 0xB0, 0x0E, 0xF6, 0xFB, 0x00, 0xEF, 0x90, 0xDF, 0xB0, 0x0A, 0xFE, 0xF6, 0x00,
    0xEF, 0x90, 0xDF, 0xB0, 0x05, 0xFF, 0xF2, 0x00, 0xEF, 0x90, 0xDF, 0xB0, 0x01, 0xFF, 0xC0, 0x00,
    0xEF, 0x90, 0xDF, 0xB0, 0x00, 0x00, 0x00, 0x00, 0xEF, 0x90, 0xDF, 0xB0, 0x00, 0x00, 0x00, 0x00,
    0xEF, 0x90, 0xDF, 0xB0, 0x00, 0x00, 0x00, 0x00, 0xEF, 0x90, 0xDF, 0xB0, 0x00, 0x00, 0x00, 0x00,
    0xEF, 0x90, 0xDF, 0xB0, 0x00, 0x00, 0x00, 0x00, 0xEF, 0x90, 0xDF, 0xB0, 0x00, 0x00, 0x00, 0x00,
    0xEF, 0x90, 0xDF, 0xB0, 0x00, 0x00, 0x00, 0x00, 0xEF, 0x90, 0xDF, 0xB0, 0x00, 0x00, 0x00, 0x00,
    0xEF, 0x90, 0xDF, 0xB0, 0x00, 0x00, 0x00, 0x00, 0xEF, 0x90, 0x8F, 0xFF, 0x40, 0x00, 0x00, 0x05,
    0xFF, 0x50, 0x8F, 0xFF, 0xA0, 0x00, 0x00, 0x05, 0xFF, 0x50, 0x8F, 0xFF, 0xF1, 0x00, 0x00, 0x05,
    0xFF, 0x50, 0x8F, 0xFF, 0xF7, 0x00, 0x00, 0x05, 0xFF, 0x50, 0x8F, 0xF8, 0xFD, 0x00, 0x00, 0x05,
    0xFF, 0x50, 0x8F, 0xF2, 0xFF, 0x50, 0x00, 0x05, 0xFF, 0x50, 0x8F, 0xF1, 0x9F, 0xB0, 0x00, 0x05,
    0xFF, 0x50, 0x8F, 0xF1, 0x3F, 0xF2, 0x00, 0x05, 0xFF, 0x50, 0x8F, 0xF1, 0x0C, 0xF8, 0x00, 0x05,
    0xFF, 0x50, 0x8F, 0xF1, 0x06, 0xFE, 0x00, 0x05, 0xFF, 0x50, 0x8F, 0xF1, 0x01, 0xEF, 0x50, 0x05,
    0xFF, 0x50, 0x8F, 0xF1, 0x00, 0x9F, 0xB0, 0x05, 0xFF, 0x50, 0x8F, 0xF1, 0x00, 0x3F, 0xF2, 0x05,
    0xFF, 0x50, 0x8F, 0xF1, 0x00, 0x0C, 0xF8, 0x05, 0xFF, 0x50, 0x8F, 0xF1, 0x00, 0x06, 0xFE, 0x15,
    0xFF, 0x50, 0x8F, 0xF1, 0x00, 0x00, 0xEF, 0x65, 0xFF, 0x50, 0x8F, 0xF1, 0x00, 0x00, 0x8F, 0xC5,
    0xFF, 0x50, 0x8F, 0xF1, 0x00, 0x00, 0x2F, 0xF8, 0xFF, 0x50, 0x8F, 0xF1, 0x00, 0x00, 0x0B, 0xFF,
    0xFF, 0x50, 0x8F, 0xF1, 0x00, 0x00, 0x05, 0xFF, 0xFF, 0x50, 0x8F, 0xF1, 0x00, 0x00, 0x00, 0xEF,
    0xFF, 0x50, 0x8F, 0xF1, 0x00, 0x00, 0x00, 0x8F, 0xFF, 0x50, 0x00, 0x00, 0x28, 0xCE, 0xFE, 0xB7,
    0x10, 0x00, 0x00, 0x00, 0x07, 0xFF, 0xFF, 0xFF, 0xFF, 0xE4, 0x00, 0x00, 0x00, 0x6F, 0xFF, 0xD9,
    0x89, 0xEF, 0xFF, 0x30, 0x00, 0x02, 0xFF, 0xF6, 0x00, 0x00, 0x19, 0xFF, 0xD0, 0x00, 0x09, 0xFF,
    0x80, 0x00, 0x00, 0x00, 0xBF, 0xF5, 0x00, 0x0E, 0xFE, 0x10, 0x00, 0x00, 0x00, 0x3F, 0xFB, 0x00,
    0x3F, 0xF9, 0x00, 0x00, 0x00, 0x00, 0x0D, 0xFE, 0x00, 0x6F, 0xF5, 0x00, 0x00, 0x00, 0x00, 0x09,
    0xFF, 0x30, 0x8F, 0xF3, 0x00, 0x00, 0x00, 0x00, 0x07, 0xFF, 0x40, 0xAF, 0xF2, 0x00, 0x00, 0x00,
    0x00, 0x05, 0xFF, 0x60, 0xAF, 0xF1, 0x00, 0x00, 0x00, 0x00, 0x05, 0xFF, 0x60, 0xAF, 0xF1, 0x00,
    0x00, 0x00, 0x00, 0x05, 0xFF, 0x60, 0xAF, 0xF1, 0x00, 0x00, 0x00, 0x00, 0x05, 0xFF, 0x60, 0x9F,
    0xF3, 0x00, 0x00, 0x00, 0x00, 0x06, 0xFF, 0x50, 0x7F, 0xF5, 0x00, 0x00, 0x00, 0x00, 0x09, 0xFF,
    0x30, 0x4F, 0xF8, 0x00, 0x00, 0x00, 0x00, 0x0C, 0xFF, 0x10, 0x1F, 0xFE, 0x00, 0x00, 0x00, 0x00,
    0x3F, 0xFB, 0x00, 0x0A, 0xFF, 0x70, 0x00, 0x00, 0x00, 0xBF, 0xF6, 0x00, 0x03, 0xFF, 0xF6, 0x00,
    0x00, 0x19, 0xFF, 0xD1, 0x00, 0x00, 0x7F, 0xFF, 0xD9, 0x89, 0xEF, 0xFF, 0x40, 0x00, 0x00, 0x07,
    0xFF, 0xFF, 0xFF, 0xFF, 0xE4, 0x00, 0x00, 0x00, 0x00, 0x28, 0xCE, 0xFE, 0xC7, 0x10, 0x00, 0x00,
    0x6F, 0xFF, 0xFF, 0xFF, 0xEC, 0x93, 0x00, 0x00, 0x6F, 0xFF, 0xFF, 0xFF, 0xFF, 0xFF, 0xA1, 0x00,
    0x6F, 0xFA, 0x88, 0x88, 0x9C, 0xFF, 0xFC, 0x10, 0x6F, 0xF4, 0x00, 0x00, 0x00, 0x3D, 0xFF, 0x80,
    0x6F, 0xF4, 0x00, 0x00, 0x00, 0x02, 0xEF, 0xE0, 0x6F, 0xF4, 0x00, 0x00, 0x00, 0x00, 0x9F, 0xF3,
    0x6F, 0xF4, 0x00, 0x00, 0x00, 0x00, 0x6F, 0xF5, 0x6F, 0xF4, 0x00, 0x00, 0x00, 0x00, 0x5F, 0xF6,
    0x6F, 0xF4, 0x00, 0x00, 0x00, 0x00, 0x6F, 0xF5, 0x6F, 0xF4, 0x00, 0x00, 0x00, 0x00, 0xAF, 0xF2,
    0x6F, 0xF4, 0x00, 0x00, 0x00, 0x03, 0xFF, 0xD0, 0x6F, 0xF4, 0x00, 0x00, 0x00, 0x4E, 0xFF, 0x60,
    0x6F, 0xFA, 0x88, 0x88, 0x9D, 0xFF, 0xFB, 0x00, 0x6F, 0xFF, 0xFF, 0xFF, 0xFF, 0xFF, 0x91, 0x00,
    0x6F, 0xFF, 0xFF, 0xFF, 0xEC, 0x83, 0x00, 0x00, 0x6F, 0xF4, 0x00, 0x00, 0x00, 0x00, 0x00, 0x00,
    0x6F, 0xF4, 0x00, 0x00, 0x00, 0x00, 0x00, 0x00, 0x6F, 0xF4, 0x00, 0x00, 0x00, 0x00, 0x00, 0x00,
    0x6F, 0xF4, 0x00, 0x00, 0x00, 0x00, 0x00, 0x00, 0x6F, 0xF4, 0x00, 0x00, 0x00, 0x00, 0x00, 0x00,
    0x6F, 0xF4, 0x00, 0x00, 0x00, 0x00, 0x00, 0x00, 0x6F, 0xF4, 0x00, 0x00, 0x00, 0x00, 0x00, 0x00,
    0x00, 0x00, 0x28, 0xCE, 0xFE, 0xB7, 0x10, 0x00, 0x00, 0x00, 0x07, 0xFF, 0xFF, 0xFF, 0xFF, 0xE4,
    0x00, 0x00, 0x00, 0x6F, 0xFF, 0xD9, 0x89, 0xEF, 0xFF, 0x30, 0x00, 0x02, 0xFF, 0xF6, 0x00, 0x00,
    0x19, 0xFF, 0xD0, 0x00, 0x09, 0xFF, 0x80, 0x00, 0x00, 0x00, 0xBF, 0xF5, 0x00, 0x0E, 0xFE, 0x10,
    0x00, 0x00, 0x00, 0x3F, 0xFB, 0x00, 0x3F, 0xF9, 0x00, 0x00, 0x00, 0x00, 0x0D, 0xFE, 0x00, 0x6F,
    0xF5, 0x00, 0x00, 0x00, 0x00, 0x09, 0xFF, 0x30, 0x8F, 0xF3, 0x00, 0x00, 0x00, 0x00, 0x07, 0xFF,
    0x40, 0xAF, 0xF2, 0x00, 0x00, 0x00, 0x00, 0x05, 0xFF, 0x60, 0xAF, 0xF1, 0x00, 0x00, 0x00, 0x00,
    0x05, 0xFF, 0x60, 0xAF, 0xF1, 0x00, 0x00, 0x00, 0x00, 0x05, 0xFF, 0x60, 0xAF, 0xF1, 0x00, 0x00,
    0x00, 0x00, 0x05, 0xFF, 0x60, 0x9F, 0xF3, 0x00, 0x00, 0x00, 0x00, 0x06, 0xFF, 0x50, 0x7F, 0xF5,
    0x00, 0x00, 0x00, 0x00, 0x09, 0xFF, 0x30, 0x4F, 0xF8, 0x00, 0x00, 0x00, 0x00, 0x0C, 0xFF, 0x10,
    0x1F, 0xFE, 0x00, 0x00, 0x00, 0x00, 0x3F, 0xFB, 0x00, 0x0A, 0xFF, 0x70, 0x00, 0x00, 0x00, 0xBF,
    0xF6, 0x00, 0x03, 0xFF, 0xF6, 0x00, 0x00, 0x19, 0xFF, 0xD1, 0x00, 0x00, 0x7F, 0xFF, 0xD9, 0x89,
    0xEF, 0xFF, 0x40, 0x00, 0x00, 0x07, 0xFF, 0xFF, 0xFF, 0xFF, 0xE4, 0x00, 0x00, 0x00, 0x00, 0x28,
    0xCF, 0xFF, 0xC7, 0x10, 0x00, 0x00, 0x00, 0x00, 0x00, 0x0E, 0xF9, 0x00, 0x00, 0x00, 0x00, 0x00,
    0x00, 0x00, 0x0D, 0xFB, 0x00, 0x00, 0x00, 0x00, 0x00, 0x00, 0x00, 0x0A, 0xFE, 0x10, 0x00, 0x00,
    0x00, 0x00, 0x00, 0x00, 0x05, 0xFF, 0x90, 0x00, 0x00, 0x00, 0x00, 0x00, 0x00, 0x00, 0xCF, 0xFC,
    0x64, 0x40, 0x00, 0x00, 0x00, 0x00, 0x00, 0x2C, 0xFF, 0xFF, 0xF0, 0x00, 0x00, 0x00, 0x00, 0x00,
    0x00, 0x6B, 0xEF, 0xD0, 0x00, 0xAF, 0xFF, 0xFF, 0xFF, 0xFE, 0xB5, 0x00, 0x00, 0xAF, 0xFF, 0xFF,
    0xFF, 0xFF, 0xFF, 0xC1, 0x00, 0xAF, 0xF8, 0x88, 0x88, 0x8B, 0xFF, 0xFC, 0x00, 0xAF, 0xF0, 0x00,
    0x00, 0x00, 0x2D, 0xFF, 0x60, 0xAF, 0xF0, 0x00, 0x00, 0x00, 0x04, 0xFF, 0xB0, 0xAF, 0xF0, 0x00,
    0x00, 0x00, 0x00, 0xEF, 0xD0, 0xAF, 0xF0, 0x00, 0x00, 0x00, 0x00, 0xCF, 0xD0, 0xAF, 0xF0, 0x00,
    0x00, 0x00, 0x00, 0xDF, 0xD0, 0xAF, 0xF0, 0x00, 0x00, 0x00, 0x03, 0xFF, 0xA0, 0xAF, 0xF0, 0x00,
    0x00, 0x00, 0x2C, 0xFF, 0x50, 0xAF, 0xF8, 0x88, 0x88, 0x8A, 0xFF, 0xFB, 0x00, 0xAF, 0xFF, 0xFF,
    0xFF, 0xFF, 0xFF, 0xB1, 0x00, 0xAF, 0xFF, 0xFF, 0xFF, 0xFF, 0xF6, 0x00, 0x00, 0xAF, 0xF0, 0x00,
    0x00, 0x7F, 0xF7, 0x00, 0x00, 0xAF, 0xF0, 0x00, 0x00, 0x1E, 0xFE, 0x10, 0x00, 0xAF, 0xF0, 0x00,
    0x00, 0x07, 0xFF, 0x70, 0x00, 0xAF, 0xF0, 0x00, 0x00, 0x01, 0xEF, 0xE1, 0x00, 0xAF, 0xF0, 0x00,
    0x00, 0x00, 0x8F, 0xF7, 0x00, 0xAF, 0xF0, 0x00, 0x00, 0x00, 0x1E, 0xFE, 0x10, 0xAF, 0xF0, 0x00,
    0x00, 0x00, 0x08, 0xFF, 0x70, 0xAF, 0xF0, 0x00, 0x00, 0x00, 0x02, 0xFF, 0xE1, 0xAF, 0xF0, 0x00,
    0x00, 0x00, 0x00, 0x9F, 0xF7, 0x00, 0x03, 0x9D, 0xFF, 0xEC, 0x94, 0x00, 0x00, 0x00, 0x9F, 0xFF,
    0xFF, 0xFF, 0xFF, 0xC3, 0x00, 0x07, 0xFF, 0xFC, 0x88, 0x9C, 0xFF, 0xFF, 0x30, 0x0E, 0xFF, 0x40,
    0x00, 0x00, 0x3A, 0xF9, 0x00, 0x2F, 0xFA, 0x00, 0x00, 0x00, 0x00, 0x30, 0x00, 0x4F, 0xF7, 0x00,
    0x00, 0x00, 0x00, 0x00, 0x00, 0x3F, 0xF9, 0x00, 0x00, 0x00, 0x00, 0x00, 0x00, 0x0E, 0xFF, 0x30,
    0x00, 0x00, 0x00, 0x00, 0x00, 0x07, 0xFF, 0xF8, 0x10, 0x00, 0x00, 0x00, 0x00, 0x00, 0x9F, 0xFF,
    0xE8, 0x20, 0x00, 0x00, 0x00, 0x00, 0x05, 0xEF, 0xFF, 0xF9, 0x20, 0x00, 0x00, 0x00, 0x00, 0x17,
    0xDF, 0xFF, 0xF8, 0x00, 0x00, 0x00, 0x00, 0x00, 0x06, 0xCF, 0xFF, 0xB1, 0x00, 0x00, 0x00, 0x00,
    0x00, 0x05, 0xDF, 0xF9, 0x00, 0x00, 0x00, 0x00, 0x00, 0x00, 0x1D, 0xFF, 0x10, 0x00, 0x00, 0x00,
    0x00, 0x00, 0x07, 0xFF, 0x50, 0x00, 0x00, 0x00, 0x00, 0x00, 0x05, 0xFF, 0x60, 0x00, 0x00, 0x00,
    0x00, 0x00, 0x08, 0xFF, 0x40, 0x78, 0x30, 0x00, 0x00, 0x00, 0x5F, 0xFF, 0x10, 0xAF, 0xFE, 0xB9,
    0x88, 0x9D, 0xFF, 0xF8, 0x00, 0xBF, 0xFF, 0xFF, 0xFF, 0xFF, 0xFF, 0x80, 0x00, 0x04, 0x8B, 0xDE,
    0xFF, 0xEB, 0x82, 0x00, 0x00, 0x9F, 0xFF, 0xFF, 0xFF, 0xFF, 0xFF, 0xFF, 0xFF, 0x60, 0x9F, 0xFF,
    0xFF, 0xFF, 0xFF, 0xFF, 0xFF, 0xFF, 0x60, 0x58, 0x88, 0x88, 0x8F, 0xFD, 0x88, 0x88, 0x88, 0x30,
    0x00, 0x00, 0x00, 0x0E, 0xFB, 0x00, 0x00, 0x00, 0x00, 0x00, 0x00, 0x00, 0x0E, 0xFB, 0x00, 0x00,
    0x00, 0x00, 0x00, 0x00, 0x00, 0x0E, 0xFB, 0x00, 0x00, 0x00, 0x00, 0x00, 0x00, 0x00, 0x0E, 0xFB,
    0x00, 0x00, 0x00, 0x00, 0x00, 0x00, 0x00, 0x0E, 0xFB, 0x00, 0x00, 0x00, 0x00, 0x00, 0x00, 0x00,
    0x0E, 0xFB, 0x00, 0x00, 0x00, 0x00, 0x00, 0x00, 0x00, 0x0E, 0xFB, 0x00, 0x00, 0x00, 0x00, 0x00,
    0x00, 0x00, 0x0E, 0xFB, 0x00, 0x00, 0x00, 0x00, 0x00, 0x00, 0x00, 0x0E, 0xFB, 0x00, 0x00, 0x00,
    0x00, 0x00, 0x00, 0x00, 0x0E, 0xFB, 0x00, 0x00, 0x00, 0x00, 0x00, 0x00, 0x00, 0x0E, 0xFB, 0x00,
    0x00, 0x00, 0x00, 0x00, 0x00, 0x00, 0x0E, 0xFB, 0x00, 0x00, 0x00, 0x00, 0x00, 0x00, 0x00, 0x0E,
    0xFB, 0x00, 0x00, 0x00, 0x00, 0x00, 0x00, 0x00, 0x0E, 0xFB, 0x00, 0x00, 0x00, 0x00, 0x00, 0x00,
    0x00, 0x0E, 0xFB, 0x00, 0x00, 0x00, 0x00, 0x00, 0x00, 0x00, 0x0E, 0xFB, 0x00, 0x00, 0x00, 0x00,
    0x00, 0x00, 0x00, 0x0E, 0xFB, 0x00, 0x00, 0x00, 0x00, 0x00, 0x00, 0x00, 0x0E, 0xFB, 0x00, 0x00,
    0x00, 0x00, 0x00, 0x00, 0x00, 0x0E, 0xFB, 0x00, 0x00, 0x00, 0x00, 0xAF, 0xF0, 0x00, 0x00, 0x00,
    0x03, 0xFF, 0x70, 0xAF, 0xF0, 0x00, 0x00, 0x00, 0x03, 0xFF, 0x70, 0xAF, 0xF0, 0x00, 0x00, 0x00,
    0x03, 0xFF, 0x70, 0xAF, 0xF0, 0x00, 0x00, 0x00, 0x03, 0xFF, 0x70, 0xAF, 0xF0, 0x00, 0x00, 0x00,
    0x03, 0xFF, 0x70, 0xAF, 0xF0, 0x00, 0x00, 0x00, 0x03, 0xFF, 0x70, 0xAF, 0xF0, 0x00, 0x00, 0x00,
    0x03, 0xFF, 0x70, 0xAF, 0xF0, 0x00, 0x00, 0x00, 0x03, 0xFF, 0x70, 0xAF, 0xF0, 0x00, 0x00, 0x00,
    0x03, 0xFF, 0x70, 0xAF, 0xF0, 0x00, 0x00, 0x00, 0x03, 0xFF, 0x70, 0xAF, 0xF0, 0x00, 0x00, 0x00,
    0x03, 0xFF, 0x70, 0xAF, 0xF0, 0x00, 0x00, 0x00, 0x03, 0xFF, 0x70, 0xAF, 0xF0, 0x00, 0x00, 0x00,
    0x03, 0xFF, 0x70, 0xAF, 0xF0, 0x00, 0x00, 0x00, 0x03, 0xFF, 0x70, 0xAF, 0xF0, 0x00, 0x00, 0x00,
    0x03, 0xFF, 0x70, 0xAF, 0xF0, 0x00, 0x00, 0x00, 0x04, 0xFF, 0x60, 0x8F, 0xF3, 0x00, 0x00, 0x00,
    0x06, 0xFF, 0x50, 0x5F, 0xF8, 0x00, 0x00, 0x00, 0x0C, 0xFF, 0x20, 0x1E, 0xFF, 0x50, 0x00, 0x00,
    0x8F, 0xFB, 0x00, 0x07, 0xFF, 0xFC, 0x88, 0x9D, 0xFF, 0xF3, 0x00, 0x00, 0x8F, 0xFF, 0xFF, 0xFF,
    0xFE, 0x40, 0x00, 0x00, 0x03, 0x9D, 0xFF, 0xEC, 0x71, 0x00, 0x00, 0x1F, 0xFB, 0x00, 0x00, 0x00,
    0x00, 0x00, 0x0E, 0xFC, 0x0B, 0xFF, 0x10, 0x00, 0x00, 0x00, 0x00, 0x4F, 0xF7, 0x06, 0xFF, 0x40,
    0x00, 0x00, 0x00, 0x00, 0x8F, 0xF3, 0x02, 0xFF, 0x90, 0x00, 0x00, 0x00, 0x00, 0xCF, 0xD0, 0x00,
    0xDF, 0xD0, 0x00, 0x00, 0x00, 0x02, 0xFF, 0x90, 0x00, 0x8F, 0xF2, 0x00, 0x00, 0x00, 0x06, 0xFF,
    0x40, 0x00, 0x4F, 0xF7, 0x00, 0x00, 0x00, 0x0A, 0xFE, 0x10, 0x00, 0x0E, 0xFB, 0x00, 0x00, 0x00,
    0x0E, 0xFA, 0x00, 0x00, 0x0A, 0xFF, 0x10, 0x00, 0x00, 0x4F, 0xF6, 0x00, 0x00, 0x05, 0xFF, 0x40,
    0x00, 0x00, 0x8F, 0xF2, 0x00, 0x00, 0x01, 0xFF, 0x90, 0x00, 0x00, 0xCF, 0xC0, 0x00, 0x00, 0x00,
    0xBF, 0xD0, 0x00, 0x02, 0xFF, 0x80, 0x00, 0x00, 0x00, 0x7F, 0xF2, 0x00, 0x06, 0xFF, 0x30, 0x00,
    0x00, 0x00, 0x2F, 0xF7, 0x00, 0x0A, 0xFE, 0x00, 0x00, 0x00, 0x00, 0x0D, 0xFB, 0x00, 0x0E, 0xF9,
    0x00, 0x00, 0x00, 0x00, 0x09, 0xFF, 0x10, 0x4F, 0xF5, 0x00, 0x00, 0x00, 0x00, 0x04, 0xFF, 0x40,
    0x8F, 0xF1, 0x00, 0x00, 0x00, 0x00, 0x00, 0xEF, 0x90, 0xCF, 0xB0, 0x00, 0x00, 0x00, 0x00, 0x00,
    0xAF, 0xD2, 0xFF, 0x60, 0x00, 0x00, 0x00, 0x00, 0x00, 0x6F, 0xF9, 0xFF, 0x20, 0x00, 0x00, 0x00,
    0x00, 0x00, 0x1F, 0xFF, 0xFD, 0x00, 0x00, 0x00, 0x00, 0x00, 0x00, 0x0C, 0xFF, 0xF8, 0x00, 0x00,
    0x00, 0x8F, 0xF3, 0x00, 0x00, 0x00, 0x00, 0x00, 0x07, 0xFF, 0x40, 0x6F, 0xF4, 0x00, 0x00, 0x00,
    0x00, 0x00, 0x08, 0xFF, 0x20, 0x4F, 0xF6, 0x00, 0x00, 0x00, 0x00, 0x00, 0x0A, 0xFF, 0x00, 0x2F,
    0xF8, 0x00, 0x00, 0x00, 0x00, 0x00, 0x0C, 0xFD, 0x00, 0x0F, 0xF9, 0x00, 0x00, 0x00, 0x00, 0x00,
    0x0D, 0xFB, 0x00, 0x0D, 0xFB, 0x00, 0x01, 0x88, 0x80, 0x00, 0x0F, 0xF9, 0x00, 0x0B, 0xFD, 0x00,
    0x04, 0xFF, 0xF1, 0x00, 0x2F, 0xF8, 0x00, 0x09, 0xFE, 0x00, 0x06, 0xFF, 0xF3, 0x00, 0x3F, 0xF6,
    0x00, 0x08, 0xFF, 0x10, 0x08, 0xFA, 0xF5, 0x00, 0x5F, 0xF4, 0x00, 0x06, 0xFF, 0x30, 0x0B, 0xF6,
    0xF7, 0x00, 0x7F, 0xF2, 0x00, 0x04, 0xFF, 0x40, 0x0D, 0xE3, 0xFA, 0x00, 0x8F, 0xF0, 0x00, 0x02,
    0xFF, 0x60, 0x0F, 0xC1, 0xFC, 0x00, 0xAF, 0xD0, 0x00, 0x00, 0xFF, 0x80, 0x3F, 0xA0, 0xEE, 0x00,
    0xCF, 0xB0, 0x00, 0x00, 0xDF, 0xA0, 0x5F, 0x80, 0xCF, 0x10, 0xDF, 0x90, 0x00, 0x00, 0xBF, 0xB0,
    0x7F, 0x60, 0x9F, 0x40, 0xFF, 0x70, 0x00, 0x00, 0x9F, 0xD0, 0xAF, 0x40, 0x7F, 0x62, 0xFF, 0x50,
    0x00, 0x00, 0x7F, 0xF0, 0xCF, 0x10, 0x5F, 0x83, 0xFF, 0x40, 0x00, 0x00, 0x5F, 0xF1, 0xEE, 0x00,
    0x3F, 0xB5, 0xFF, 0x20, 0x00, 0x00, 0x4F, 0xF4, 0xFC, 0x00, 0x1F, 0xD7, 0xFF, 0x00, 0x00, 0x00,
    0x2F, 0xF8, 0xFA, 0x00, 0x0E, 0xF9, 0xFD, 0x00, 0x00, 0x00, 0x0F, 0xFF, 0xF8, 0x00, 0x0C, 0xFF,
    0xFB, 0x00, 0x00, 0x00, 0x0D, 0xFF, 0xF6, 0x00, 0x0A, 0xFF, 0xF9, 0x00, 0x00, 0x8F, 0xF6, 0x00,
    0x00, 0x00, 0x00, 0x0A, 0xFF, 0x40, 0x1D, 0xFE, 0x10, 0x00, 0x00, 0x00, 0x4F, 0xFA, 0x00, 0x05,
    0xFF, 0x90, 0x00, 0x00, 0x00, 0xCF, 0xE2, 0x00, 0x00, 0xAF, 0xF3, 0x00, 0x00, 0x06, 0xFF, 0x60,
    0x00, 0x00, 0x2E, 0xFB, 0x00, 0x00, 0x1E, 0xFC, 0x00, 0x00, 0x00, 0x07, 0xFF, 0x50, 0x00, 0x9F,
    0xF3, 0x00, 0x00, 0x00, 0x00, 0xCF, 0xD1, 0x03, 0xFF, 0x80, 0x00, 0x00, 0x00, 0x00, 0x3F, 0xF8,
    0x0C, 0xFD, 0x10, 0x00, 0x00, 0x00, 0x00, 0x08, 0xFF, 0x8F, 0xF5, 0x00, 0x00, 0x00, 0x00, 0x00,
    0x01, 0xDF, 0xFF, 0xA0, 0x00, 0x00, 0x00, 0x00, 0x00, 0x00, 0x5F, 0xFE, 0x20, 0x00, 0x00, 0x00,
    0x00, 0x00, 0x00, 0x3F, 0xFD, 0x10, 0x00, 0x00, 0x00, 0x00, 0x00, 0x00, 0xCF, 0xFF, 0x80, 0x00,
    0x00, 0x00, 0x00, 0x00, 0x07, 0xFF, 0xAF, 0xF3, 0x00, 0x00, 0x00, 0x00, 0x00, 0x2E, 0xF9, 0x0D,
    0xFC, 0x00, 0x00, 0x00, 0x00, 0x00, 0xBF, 0xE1, 0x04, 0xFF, 0x70, 0x00, 0x00, 0x00, 0x05, 0xFF,
    0x60, 0x00, 0xAF, 0xE2, 0x00, 0x00, 0x00, 0x1E, 0xFC, 0x00, 0x00, 0x2E, 0xFB, 0x00, 0x00, 0x00,
    0x9F, 0xF3, 0x00, 0x00, 0x07, 0xFF, 0x60, 0x00, 0x04, 0xFF, 0x90, 0x00, 0x00, 0x00, 0xDF, 0xE1,
    0x00, 0x1D, 0xFE, 0x10, 0x00, 0x00, 0x00, 0x4F, 0xFA, 0x00, 0x8F, 0xF6, 0x00, 0x00, 0x00, 0x00,
    0x0A, 0xFF, 0x40, 0x3F, 0xF9, 0x00, 0x00, 0x00, 0x00, 0x00, 0x0D, 0xFE, 0x10, 0x0A, 0xFF, 0x20,
    0x00, 0x00, 0x00, 0x00, 0x6F, 0xF7, 0x00, 0x02, 0xFF, 0xA0, 0x00, 0x00, 0x00, 0x00, 0xDF, 0xD0,
    0x00, 0x00, 0x9F, 0xF2, 0x00, 0x00, 0x00, 0x06, 0xFF, 0x60, 0x00, 0x00, 0x2F, 0xFA, 0x00, 0x00,
    0x00, 0x0D, 0xFC, 0x00, 0x00, 0x00, 0x08, 0xFF, 0x30, 0x00, 0x00, 0x7F, 0xF4, 0x00, 0x00, 0x00,
    0x01, 0xEF, 0xA0, 0x00, 0x01, 0xEF, 0xC0, 0x00, 0x00, 0x00, 0x00, 0x7F, 0xF3, 0x00, 0x07, 0xFF,
    0x40, 0x00, 0x00, 0x00, 0x00, 0x1E, 0xFB, 0x00, 0x1E, 0xFB, 0x00, 0x00, 0x00, 0x00, 0x00, 0x06,
    0xFF, 0x30, 0x7F, 0xF3, 0x00, 0x00, 0x00, 0x00, 0x00, 0x00, 0xDF, 0xB1, 0xEF, 0xA0, 0x00, 0x00,
    0x00, 0x00, 0x00, 0x00, 0x5F, 0xFB, 0xFF, 0x20, 0x00, 0x00, 0x00, 0x00, 0x00, 0x00, 0x0C, 0xFF,
    0xF8, 0x00, 0x00, 0x00, 0x00, 0x00, 0x00, 0x00, 0x04, 0xFF, 0xE1, 0x00, 0x00, 0x00, 0x00, 0x00,
    0x00, 0x00, 0x00, 0xFF, 0xB0, 0x00, 0x00, 0x00, 0x00, 0x00, 0x00, 0x00, 0x00, 0xEF, 0xB0, 0x00,
    0x00, 0x00, 0x00, 0x00, 0x00, 0x00, 0x00, 0xEF, 0xB0, 0x00, 0x00, 0x00, 0x00, 0x00, 0x00, 0x00,
    0x00, 0xEF, 0xB0, 0x00, 0x00, 0x00, 0x00, 0x00, 0x00, 0x00, 0x00, 0xEF, 0xB0, 0x00, 0x00, 0x00,
    0x00, 0x00, 0x00, 0x00, 0x00, 0xEF, 0xB0, 0x00, 0x00, 0x00, 0x00, 0x00, 0x00, 0x00, 0x00, 0xEF,
    0xB0, 0x00, 0x00, 0x00, 0x00, 0x00, 0x00, 0x00, 0x00, 0xEF, 0xB0, 0x00, 0x00, 0x00, 0x00, 0x8F,
    0xFF, 0xFF, 0xFF, 0xFF, 0xFF, 0xFF, 0x40, 0x8F, 0xFF, 0xFF, 0xFF, 0xFF, 0xFF, 0xFF, 0x40, 0x48,
    0x88, 0x88, 0x88, 0x88, 0x8E, 0xFF, 0x30, 0x00, 0x00, 0x00, 0x00, 0x00, 0x6F, 0xFA, 0x00, 0x00,
    0x00, 0x00, 0x00, 0x01, 0xEF, 0xE1, 0x00, 0x00, 0x00, 0x00, 0x00, 0x0A, 0xFF, 0x60, 0x00, 0x00,
    0x00, 0x00, 0x00, 0x4F, 0xFB, 0x00, 0x00, 0x00, 0x00, 0x00, 0x01, 0xDF, 0xE2, 0x00, 0x00, 0x00,
    0x00, 0x00, 0x08, 0xFF, 0x70, 0x00, 0x00, 0x00, 0x00, 0x00, 0x3F, 0xFC, 0x00, 0x00, 0x00, 0x00,
    0x00, 0x00, 0xCF, 0xF3, 0x00, 0x00, 0x00, 0x00, 0x00, 0x07, 0xFF, 0x80, 0x00, 0x00, 0x00, 0x00,
    0x00, 0x2E, 0xFD, 0x10, 0x00, 0x00, 0x00, 0x00, 0x00, 0xBF, 0xF4, 0x00, 0x00, 0x00, 0x00, 0x00,
    0x05, 0xFF, 0x90, 0x00, 0x00, 0x00, 0x00, 0x00, 0x1E, 0xFE, 0x10, 0x00, 0x00, 0x00, 0x00, 0x00,
    0x9F, 0xF5, 0x00, 0x00, 0x00, 0x00, 0x00, 0x04, 0xFF, 0xB0, 0x00, 0x00, 0x00, 0x00, 0x00, 0x1D,
    0xFE, 0x20, 0x00, 0x00, 0x00, 0x00, 0x00, 0x7F, 0xFC, 0x88, 0x88, 0x88, 0x88, 0x88, 0x40, 0x8F,
    0xFF, 0xFF, 0xFF, 0xFF, 0xFF, 0xFF, 0x90, 0x8F, 0xFF, 0xFF, 0xFF, 0xFF, 0xFF, 0xFF, 0x90, 0x18,
    0x88, 0x88, 0x88, 0x88, 0x40, 0x1F, 0xFF, 0xFF, 0xFF, 0xFF, 0x70, 0x1F, 0xFF, 0xFF, 0xFF, 0xFF,
    0x70, 0x1F, 0xF9, 0x00, 0x00, 0x00, 0x00, 0x1F, 0xF9, 0x00, 0x00, 0x00, 0x00, 0x1F, 0xF9, 0x00,
    0x00, 0x00, 0x00, 0x1F, 0xF9, 0x00, 0x00, 0x00, 0x00, 0x1F, 0xF9, 0x00, 0x00, 0x00, 0x00, 0x1F,
    0xF9, 0x00, 0x00, 0x00, 0x00, 0x1F, 0xF9, 0x00, 0x00, 0x00, 0x00, 0x1F, 0xF9, 0x00, 0x00, 0x00,
    0x00, 0x1F, 0xF9, 0x00, 0x00, 0x00, 0x00, 0x1F, 0xF9, 0x00, 0x00, 0x00, 0x00, 0x1F, 0xF9, 0x00,
    0x00, 0x00, 0x00, 0x1F, 0xF9, 0x00, 0x00, 0x00, 0x00, 0x1F, 0xF9, 0x00, 0x00, 0x00, 0x00, 0x1F,
    0xF9, 0x00, 0x00, 0x00, 0x00, 0x1F, 0xF9, 0x00, 0x00, 0x00, 0x00, 0x1F, 0xF9, 0x00, 0x00, 0x00,
    0x00, 0x1F, 0xF9, 0x00, 0x00, 0x00, 0x00, 0x1F, 0xF9, 0x00, 0x00, 0x00, 0x00, 0x1F, 0xF9, 0x00,
    0x00, 0x00, 0x00, 0x1F, 0xF9, 0x00, 0x00, 0x00, 0x00, 0x1F, 0xF9, 0x00, 0x00, 0x00, 0x00, 0x1F,
    0xF9, 0x00, 0x00, 0x00, 0x00, 0x1F, 0xF9, 0x00, 0x00, 0x00, 0x00, 0x1F, 0xF9, 0x00, 0x00, 0x00,
    0x00, 0x1F, 0xFF, 0xFF, 0xFF, 0xFF, 0x70, 0x1F, 0xFF, 0xFF, 0xFF, 0xFF, 0x70, 0x07, 0x77, 0x77,
    0x77, 0x77, 0x30, 0x22, 0x20, 0x00, 0x00, 0x00, 0x00, 0x00, 0x00, 0xAF, 0xF2, 0x00, 0x00, 0x00,
    0x00, 0x00, 0x00, 0x3F, 0xF8, 0x00, 0x00, 0x00, 0x00, 0x00, 0x00, 0x0B, 0xFE, 0x10, 0x00, 0x00,
    0x00, 0x00, 0x00, 0x04, 0xFF, 0x70, 0x00, 0x00, 0x00, 0x00, 0x00, 0x00, 0xCF, 0xD0, 0x00, 0x00,
    0x00, 0x00, 0x00, 0x00, 0x5F, 0xF5, 0x00, 0x00, 0x00, 0x00, 0x00, 0x00, 0x0D, 0xFC, 0x00, 0x00,
    0x00, 0x00, 0x00, 0x00, 0x07, 0xFF, 0x40, 0x00, 0x00, 0x00, 0x00, 0x00, 0x01, 0xEF, 0xB0, 0x00,
    0x00, 0x00, 0x00, 0x00, 0x00, 0x8F, 0xF3, 0x00, 0x00, 0x00, 0x00, 0x00, 0x00, 0x1F, 0xFA, 0x00,
    0x00, 0x00, 0x00, 0x00, 0x00, 0x09, 0xFF, 0x20, 0x00, 0x00, 0x00, 0x00, 0x00, 0x02, 0xFF, 0x80,
    0x00, 0x00, 0x00, 0x00, 0x00, 0x00, 0xBF, 0xE1, 0x00, 0x00, 0x00, 0x00, 0x00, 0x00, 0x4F, 0xF7,
    0x00, 0x00, 0x00, 0x00, 0x00, 0x00, 0x0C, 0xFE, 0x00, 0x00, 0x00, 0x00, 0x00, 0x00, 0x05, 0xFF,
    0x60, 0x00, 0x00, 0x00, 0x00, 0x00, 0x00, 0xDF, 0xD0, 0x00, 0x00, 0x00, 0x00, 0x00, 0x00, 0x6F,
    0xF5, 0x00, 0x00, 0x00, 0x00, 0x00, 0x00, 0x1E, 0xFB, 0x00, 0x00, 0x00, 0x00, 0x00, 0x00, 0x08,
    0xFF, 0x30, 0x00, 0x00, 0x00, 0x00, 0x00, 0x01, 0xFF, 0xA0, 0x00, 0x00, 0x00, 0x00, 0x00, 0x00,
    0x9F, 0xF2, 0x00, 0x00, 0x00, 0x00, 0x00, 0x00, 0x2F, 0xF9, 0x00, 0x00, 0x00, 0x00, 0x00, 0x00,
    0x0A, 0xFF, 0x10, 0x00, 0x00, 0x00, 0x00, 0x00, 0x03, 0xFF, 0x80, 0x00, 0x00, 0x00, 0x00, 0x00,
    0x00, 0xBF, 0xE1, 0x00, 0x00, 0x00, 0x00, 0x00, 0x00, 0x5F, 0xF6, 0x00, 0x00, 0x00, 0x00, 0x00,
    0x00, 0x01, 0x11, 0x68, 0x88, 0x88, 0x88, 0x87, 0xBF, 0xFF, 0xFF, 0xFF, 0xFC, 0xAF, 0xFF, 0xFF,
    0xFF, 0xFC, 0x00, 0x00, 0x00, 0x0D, 0xFC, 0x00, 0x00, 0x00, 0x0D, 0xFC, 0x00, 0x00, 0x00, 0x0D,
    0xFC, 0x00, 0x00, 0x00, 0x0D, 0xFC, 0x00, 0x00, 0x00, 0x0D, 0xFC, 0x00, 0x00, 0x00, 0x0D, 0xFC,
    0x00, 0x00, 0x00, 0x0D, 0xFC, 0x00, 0x00, 0x00, 0x0D, 0xFC, 0x00, 0x00, 0x00, 0x0D, 0xFC, 0x00,
    0x00, 0x00, 0x0D, 0xFC, 0x00, 0x00, 0x00, 0x0D, 0xFC, 0x00, 0x00, 0x00, 0x0D, 0xFC, 0x00, 0x00,
    0x00, 0x0D, 0xFC, 0x00, 0x00, 0x00, 0x0D, 0xFC, 0x00, 0x00, 0x00, 0x0D, 0xFC, 0x00, 0x00, 0x00,
    0x0D, 0xFC, 0x00, 0x00, 0x00, 0x0D, 0xFC, 0x00, 0x00, 0x00, 0x0D, 0xFC, 0x00, 0x00, 0x00, 0x0D,
    0xFC, 0x00, 0x00, 0x00, 0x0D, 0xFC, 0x00, 0x00, 0x00, 0x0D, 0xFC, 0x00, 0x00, 0x00, 0x0D, 0xFC,
    0x00, 0x00, 0x00, 0x0D, 0xFC, 0x00, 0x00, 0x00, 0x0D, 0xFC, 0xBF, 0xFF, 0xFF, 0xFF, 0xFC, 0xBF,
    0xFF, 0xFF, 0xFF, 0xFC, 0x57, 0x77, 0x77, 0x77, 0x76, 0x00, 0x00, 0x9F, 0xFF, 0x50, 0x00, 0x00,
    0x00, 0x01, 0xEF, 0xFF, 0xC0, 0x00, 0x00, 0x00, 0x07, 0xFF, 0x7F, 0xF4, 0x00, 0x00, 0x00, 0x0E,
    0xFA, 0x0E, 0xFA, 0x00, 0x00, 0x00, 0x6F, 0xF4, 0x08, 0xFF, 0x20, 0x00, 0x00, 0xDF, 0xD0, 0x02,
    0xFF, 0x90, 0x00, 0x05, 0xFF, 0x60, 0x00, 0xAF, 0xF1, 0x00, 0x0B, 0xFE, 0x10, 0x00, 0x4F, 0xF8,
    0x00, 0x3F, 0xF8, 0x00, 0x00, 0x0C, 0xFE, 0x10, 0x48, 0x82, 0x00, 0x00, 0x04, 0x88, 0x20, 0x7F,
    0xFF, 0xFF, 0xFF, 0xFF, 0xFF, 0xFF, 0xFF, 0x30, 0x7F, 0xFF, 0xFF, 0xFF, 0xFF, 0xFF, 0xFF, 0xFF,
    0x30, 0x38, 0x88, 0x88, 0x88, 0x88, 0x88, 0x88, 0x88, 0x10, 0x6F, 0xFA, 0x00, 0x00, 0x0D, 0xFF,
    0x20, 0x00, 0x05, 0xFF, 0xA0, 0x00, 0x00, 0xCF, 0xF2, 0x00, 0x00, 0x4F, 0xF9, 0x00, 0x00, 0x0B,
    0xFF, 0x20, 0x00, 0x03, 0xFF, 0x90, 0x00, 0x00, 0xAF, 0xF2, 0x00, 0x00, 0x2B, 0xB6, 0x00, 0x1F,
    0xFF, 0xED, 0xB8, 0x30, 0x00, 0x00, 0x00, 0x00, 0x3F, 0xFF, 0xFF, 0xFF, 0xFA, 0x10, 0x00, 0x00,
    0x00, 0x28, 0x89, 0x9A, 0xDF, 0xFF, 0xB0, 0x00, 0x00, 0x00, 0x00, 0x00, 0x00, 0x03, 0xCF, 0xF6,
    0x00, 0x00, 0x00, 0x00, 0x00, 0x00, 0x00, 0x1E, 0xFC, 0x00, 0x00, 0x00, 0x00, 0x00, 0x00, 0x00,
    0x09, 0xFF, 0x00, 0x00, 0x00, 0x00, 0x00, 0x00, 0x00, 0x07, 0xFF, 0x20, 0x00, 0x00, 0x02, 0x8B,
    0xDE, 0xEE, 0xCD, 0xFF, 0x20, 0x00, 0x00, 0x8F, 0xFF, 0xFF, 0xFF, 0xFF, 0xFF, 0x20, 0x00, 0x08,
    0xFF, 0xE9, 0x65, 0x55, 0x6B, 0xFF, 0x20, 0x00, 0x1F, 0xFC, 0x10, 0x00, 0x00, 0x08, 0xFF, 0x20,
    0x00, 0x4F, 0xF5, 0x00, 0x00, 0x00, 0x08, 0xFF, 0x20, 0x00, 0x5F, 0xF3, 0x00, 0x00, 0x00, 0x1E,
    0xFF, 0x20, 0x00, 0x4F, 0xF8, 0x00, 0x00, 0x01, 0xBB, 0xFF, 0x20, 0x00, 0x0E, 0xFF, 0x95, 0x45,
    0x9E, 0xF4, 0xFF, 0x85, 0x30, 0x04, 0xFF, 0xFF, 0xFF, 0xFF, 0x70, 0xFF, 0xFF, 0xF0, 0x00, 0x29,
    0xDF, 0xFD, 0x93, 0x00, 0xEF, 0xFF, 0xF0, 0x00, 0x00, 0x00, 0x00, 0x00, 0x00, 0x22, 0x11, 0x00,
    0x5F, 0xF5, 0x00, 0x00, 0x00, 0x00, 0x00, 0x00, 0x5F, 0xF5, 0x00, 0x00, 0x00, 0x00, 0x00, 0x00,
    0x5F, 0xF5, 0x00, 0x00, 0x00, 0x00, 0x00, 0x00, 0x5F, 0xF5, 0x00, 0x00, 0x00, 0x00, 0x00, 0x00,
    0x5F, 0xF5, 0x00, 0x00, 0x00, 0x00, 0x00, 0x00, 0x5F, 0xF5, 0x00, 0x00, 0x00, 0x00, 0x00, 0x00,
    0x5F, 0xF5, 0x06, 0xCE, 0xFE, 0xB5, 0x00, 0x00, 0x5F, 0xF5, 0x9F, 0xFF, 0xFF, 0xFF, 0xB1, 0x00,
    0x5F, 0xF8, 0xFC, 0x74, 0x47, 0xDF, 0xFB, 0x00, 0x5F, 0xFE, 0xA0, 0x00, 0x00, 0x1C, 0xFF, 0x40,
    0x5F, 0xFE, 0x10, 0x00, 0x00, 0x03, 0xFF, 0xA0, 0x5F, 0xF9, 0x00, 0x00, 0x00, 0x00, 0xDF, 0xD0,
    0x5F, 0xF8, 0x00, 0x00, 0x00, 0x00, 0xAF, 0xF0, 0x5F, 0xF6, 0x00, 0x00, 0x00, 0x00, 0xAF, 0xF1,
    0x5F, 0xF5, 0x00, 0x00, 0x00, 0x00, 0xBF, 0xF0, 0x5F, 0xF5, 0x00, 0x00, 0x00, 0x00, 0xDF, 0xD0,
    0x5F, 0xF5, 0x00, 0x00, 0x00, 0x02, 0xFF, 0xA0, 0x5F, 0xF6, 0x00, 0x00, 0x00, 0x08, 0xFF, 0x50,
    0x5F, 0xF6, 0x00, 0x00, 0x00, 0x3F, 0xFD, 0x00, 0x5F, 0xF6, 0x00, 0x00, 0x05, 0xEF, 0xF4, 0x00,
    0x5F, 0xF9, 0x44, 0x57, 0xCF, 0xFF, 0x50, 0x00, 0x5F, 0xFF, 0xFF, 0xFF, 0xFF, 0xC3, 0x00, 0x00,
    0x4C, 0xEF, 0xFF, 0xEB, 0x83, 0x00, 0x00, 0x00, 0x00, 0x00, 0x39, 0xCE, 0xFE, 0xC8, 0x20, 0x00,
    0x00, 0x1A, 0xFF, 0xFF, 0xFF, 0xFF, 0xF8, 0x00, 0x01, 0xCF, 0xFF, 0xB8, 0x89, 0xDF, 0xFF, 0x70,
    0x08, 0xFF, 0xD3, 0x00, 0x00, 0x07, 0xFF, 0xB0, 0x1F, 0xFE, 0x20, 0x00, 0x00, 0x00, 0x68, 0x00,
    0x6F, 0xF7, 0x00, 0x00, 0x00, 0x00, 0x00, 0x00, 0x9F, 0xF3, 0x00, 0x00, 0x00, 0x00, 0x00, 0x00,
    0xBF, 0xF0, 0x00, 0x00, 0x00, 0x00, 0x00, 0x00, 0xBF, 0xF0, 0x00, 0x00, 0x00, 0x00, 0x00, 0x00,
    0xBF, 0xF1, 0x00, 0x00, 0x00, 0x00, 0x00, 0x00, 0x9F, 0xF4, 0x00, 0x00, 0x00, 0x00, 0x00, 0x00,
    0x6F, 0xF9, 0x00, 0x00, 0x00, 0x00, 0x00, 0x00, 0x1F, 0xFF, 0x40, 0x00, 0x00, 0x00, 0x00, 0x00,
    0x08, 0xFF, 0xE6, 0x00, 0x00, 0x00, 0x00, 0x00, 0x00, 0xBF, 0xFF, 0xEA, 0x88, 0x89, 0xBD, 0x00,
    0x00, 0x19, 0xFF, 0xFF, 0xFF, 0xFF, 0xFF, 0x20, 0x00, 0x00, 0x28, 0xCE, 0xFF, 0xEE, 0xCA, 0x20,
    0x00, 0x00, 0x00, 0x00, 0x00, 0x00, 0xBF, 0xF0, 0x00, 0x00, 0x00, 0x00, 0x00, 0x00, 0xBF, 0xF0,
    0x00, 0x00, 0x00, 0x00, 0x00, 0x00, 0xBF, 0xF0, 0x00, 0x00, 0x00, 0x00, 0x00, 0x00, 0xBF, 0xF0,
    0x00, 0x00, 0x00, 0x00, 0x00, 0x00, 0xBF, 0xF0, 0x00, 0x00, 0x00, 0x00, 0x00, 0x00, 0xBF, 0xF0,
    0x00, 0x01, 0x7C, 0xEF, 0xD9, 0x20, 0xBF, 0xF0, 0x00, 0x2D, 0xFF, 0xFF, 0xFF, 0xE3, 0xBF, 0xF0,
    0x01, 0xDF, 0xFD, 0x74, 0x58, 0xEB, 0xBF, 0xF0, 0x07, 0xFF, 0xB1, 0x00, 0x00, 0x2E, 0xDF, 0xF0,
    0x0C, 0xFF, 0x20, 0x00, 0x00, 0x06, 0xFF, 0xF0, 0x1F, 0xFB, 0x00, 0x00, 0x00, 0x01, 0xFF, 0xF0,
    0x4F, 0xF7, 0x00, 0x00, 0x00, 0x00, 0xCF, 0xF0, 0x5F, 0xF5, 0x00, 0x00, 0x00, 0x00, 0xBF, 0xF0,
    0x6F, 0xF5, 0x00, 0x00, 0x00, 0x00, 0xBF, 0xF0, 0x5F, 0xF5, 0x00, 0x00, 0x00, 0x00, 0xBF, 0xF0,
    0x4F, 0xF7, 0x00, 0x00, 0x00, 0x00, 0xCF, 0xF0, 0x2F, 0xFA, 0x00, 0x00, 0x00, 0x01, 0xFF, 0xF0,
    0x0D, 0xFE, 0x10, 0x00, 0x00, 0x06, 0xFF, 0xF0, 0x08, 0xFF, 0xB0, 0x00, 0x00, 0x2E, 0xCF, 0xF0,
    0x01, 0xDF, 0xFD, 0x64, 0x58, 0xEC, 0x9F, 0xF0, 0x00, 0x3E, 0xFF, 0xFF, 0xFF, 0xE3, 0x8F, 0xF0,
    0x00, 0x01, 0x8C, 0xEF, 0xD9, 0x20, 0x6F, 0xF0, 0x00, 0x00, 0x00, 0x00, 0x00, 0x00, 0x11, 0x00,
    0x00, 0x01, 0x8C, 0xEF, 0xEB, 0x71, 0x00, 0x00, 0x00, 0x4E, 0xFF, 0xFF, 0xFF, 0xFD, 0x30, 0x00,
    0x03, 0xFF, 0xFD, 0x98, 0x9D, 0xFF, 0xE1, 0x00, 0x0D, 0xFF, 0x70, 0x00, 0x00, 0x8F, 0xF9, 0x00,
    0x4F, 0xF9, 0x00, 0x00, 0x00, 0x0B, 0xFE, 0x00, 0x9F, 0xF1, 0x00, 0x00, 0x00, 0x05, 0xFF, 0x30,
    0xCF, 0xC0, 0x00, 0x00, 0x00, 0x03, 0xFF, 0x50, 0xDF, 0xFF, 0xFF, 0xFF, 0xFF, 0xFF, 0xFF, 0x50,
    0xEF, 0xFF, 0xFF, 0xFF, 0xFF, 0xFF, 0xFF, 0x50, 0xDF, 0xC4, 0x44, 0x44, 0x44, 0x44, 0x44, 0x10,
    0xBF, 0xE0, 0x00, 0x00, 0x00, 0x00, 0x00, 0x00, 0x8F, 0xF5, 0x00, 0x00, 0x00, 0x00, 0x00, 0x00,
    0x2F, 0xFD, 0x20, 0x00, 0x00, 0x00, 0x00, 0x00, 0x09, 0xFF, 0xD5, 0x00, 0x00, 0x00, 0x00, 0x00,
    0x01, 0xCF, 0xFF, 0xDA, 0x88, 0x8A, 0xC4, 0x00, 0x00, 0x1A, 0xFF, 0xFF, 0xFF, 0xFF, 0xF6, 0x00,
    0x00, 0x00, 0x38, 0xCE, 0xFF, 0xED, 0xB4, 0x00, 0x00, 0x00, 0x00, 0x00, 0x05, 0xAD, 0xFF, 0xED,
    0x40, 0x00, 0x00, 0x00, 0x01, 0xCF, 0xFF, 0xFF, 0xFF, 0x40, 0x00, 0x00, 0x00, 0x0C, 0xFF, 0xFA,
    0x88, 0x8A, 0x20, 0x00, 0x00, 0x00, 0x7F, 0xFC, 0x20, 0x00, 0x00, 0x00, 0x00, 0x00, 0x00, 0xDF,
    0xF2, 0x00, 0x00, 0x00, 0x00, 0x00, 0x00, 0x02, 0xFF, 0xA0, 0x00, 0x00, 0x00, 0x00, 0x00, 0x00,
    0x04, 0xFF, 0x60, 0x00, 0x00, 0x00, 0x00, 0x00, 0x00, 0x06, 0xFF, 0x50, 0x00, 0x00, 0x00, 0x00,
    0x00, 0x00, 0x06, 0xFF, 0x40, 0x00, 0x00, 0x00, 0x00, 0x00, 0x00, 0x06, 0xFF, 0x40, 0x00, 0x00,
    0x00, 0x00, 0x68, 0x88, 0x8B, 0xFF, 0xA8, 0x88, 0x88, 0x82, 0x00, 0xCF, 0xFF, 0xFF, 0xFF, 0xFF,
    0xFF, 0xFF, 0xF4, 0x00, 0xCF, 0xFF, 0xFF, 0xFF, 0xFF, 0xFF, 0xFF, 0xF4, 0x00, 0x00, 0x00, 0x06,
    0xFF, 0x40, 0x00, 0x00, 0x00, 0x00, 0x00, 0x00, 0x06, 0xFF, 0x40, 0x00, 0x00, 0x00, 0x00, 0x00,
    0x00, 0x06, 0xFF, 0x40, 0x00, 0x00, 0x00, 0x00, 0x00, 0x00, 0x06, 0xFF, 0x40, 0x00, 0x00, 0x00,
    0x00, 0x00, 0x00, 0x06, 0xFF, 0x40, 0x00, 0x00, 0x00, 0x00, 0x00, 0x00, 0x06, 0xFF, 0x40, 0x00,
    0x00, 0x00, 0x00, 0x00, 0x00, 0x06, 0xFF, 0x40, 0x00, 0x00, 0x00, 0x00, 0x00, 0x00, 0x06, 0xFF,
    0x40, 0x00, 0x00, 0x00, 0x00, 0x00, 0x00, 0x06, 0xFF, 0x40, 0x00, 0x00, 0x00, 0x00, 0x00, 0x00,
    0x06, 0xFF, 0x40, 0x00, 0x00, 0x00, 0x00, 0x00, 0x01, 0x7C, 0xEF, 0xDA, 0x30, 0x7F, 0xF0, 0x00,
    0x2D, 0xFF, 0xFF, 0xFF, 0xF4, 0x8F, 0xF0, 0x01, 0xDF, 0xFD, 0x74, 0x58, 0xED, 0x9F, 0xF0, 0x07,
    0xFF, 0xB1, 0x00, 0x00, 0x2E, 0xDF, 0xF0, 0x0C, 0xFF, 0x20, 0x00, 0x00, 0x06, 0xFF, 0xF0, 0x1F,
    0xFB, 0x00, 0x00, 0x00, 0x01, 0xFF, 0xF0, 0x4F, 0xF7, 0x00, 0x00, 0x00, 0x00, 0xCF, 0xF0, 0x5F,
    0xF5, 0x00, 0x00, 0x00, 0x00, 0xBF, 0xF0, 0x6F, 0xF5, 0x00, 0x00, 0x00, 0x00, 0xBF, 0xF0, 0x5F,
    0xF5, 0x00, 0x00, 0x00, 0x00, 0xBF, 0xF0, 0x4F, 0xF7, 0x00, 0x00, 0x00, 0x00, 0xCF, 0xF0, 0x2F,
    0xFA, 0x00, 0x00, 0x00, 0x01, 0xFF, 0xF0, 0x0D, 0xFE, 0x10, 0x00, 0x00, 0x06, 0xFF, 0xF0, 0x08,
    0xFF, 0xB0, 0x00, 0x00, 0x2E, 0xDF, 0xF0, 0x01, 0xDF, 0xFD, 0x64, 0x58, 0xEB, 0xBF, 0xF0, 0x00,
    0x3E, 0xFF, 0xFF, 0xFF, 0xE3, 0xBF, 0xF0, 0x00, 0x01, 0x8C, 0xEF, 0xD9, 0x20, 0xBF, 0xE0, 0x00,
    0x00, 0x00, 0x00, 0x00, 0x00, 0xDF, 0xC0, 0x00, 0x00, 0x00, 0x00, 0x00, 0x03, 0xFF, 0x90, 0x00,
    0x00, 0x00, 0x00, 0x00, 0x0B, 0xFF, 0x40, 0x00, 0x00, 0x00, 0x00, 0x02, 0xAF, 0xFC, 0x00, 0x01,
    0x88, 0x99, 0xAB, 0xDF, 0xFF, 0xE2, 0x00, 0x02, 0xFF, 0xFF, 0xFF, 0xFF, 0xFB, 0x20, 0x00, 0x01,
    0xFE, 0xED, 0xDC, 0xA7, 0x30, 0x00, 0x00, 0x4F, 0xF7, 0x00, 0x00, 0x00, 0x00, 0x00, 0x4F, 0xF7,
    0x00, 0x00, 0x00, 0x00, 0x00, 0x4F, 0xF7, 0x00, 0x00, 0x00, 0x00, 0x00, 0x4F, 0xF7, 0x00, 0x00,
    0x00, 0x00, 0x00, 0x4F, 0xF7, 0x00, 0x00, 0x00, 0x00, 0x00, 0x4F, 0xF7, 0x00, 0x00, 0x00, 0x00,
    0x00, 0x4F, 0xF7, 0x06, 0xCE, 0xFE, 0xA3, 0x00, 0x4F, 0xF7, 0x8F, 0xFF, 0xFF, 0xFF, 0x60, 0x4F,
    0xF8, 0xFC, 0x64, 0x59, 0xFF, 0xF3, 0x4F, 0xFE, 0xA0, 0x00, 0x00, 0x7F, 0xF9, 0x4F, 0xFE, 0x10,
    0x00, 0x00, 0x0E, 0xFD, 0x4F, 0xFA, 0x00, 0x00, 0x00, 0x0B, 0xFF, 0x4F, 0xF8, 0x00, 0x00, 0x00,
    0x0B, 0xFF, 0x4F, 0xF7, 0x00, 0x00, 0x00, 0x0B, 0xFF, 0x4F, 0xF7, 0x00, 0x00, 0x00, 0x0B, 0xFF,
    0x4F, 0xF7, 0x00, 0x00, 0x00, 0x0B, 0xFF, 0x4F, 0xF7, 0x00, 0x00, 0x00, 0x0B, 0xFF, 0x4F, 0xF7,
    0x00, 0x00, 0x00, 0x0B, 0xFF, 0x4F, 0xF7, 0x00, 0x00, 0x00, 0x0B, 0xFF, 0x4F, 0xF7, 0x00, 0x00,
    0x00, 0x0B, 0xFF, 0x4F, 0xF7, 0x00, 0x00, 0x00, 0x0B, 0xFF, 0x4F, 0xF7, 0x00, 0x00, 0x00, 0x0B,
    0xFF, 0x4F, 0xF7, 0x00, 0x00, 0x00, 0x0B, 0xFF, 0x00, 0x00, 0x00, 0x01, 0x30, 0x00, 0x00, 0x00,
    0x00, 0x00, 0x00, 0x4E, 0xFD, 0x10, 0x00, 0x00, 0x00, 0x00, 0x00, 0xAF, 0xFF, 0x50, 0x00, 0x00,
    0x00, 0x00, 0x00, 0x8F, 0xFF, 0x30, 0x00, 0x00, 0x00, 0x00, 0x00, 0x18, 0xB5, 0x00, 0x00, 0x00,
    0x00, 0x00, 0x00, 0x00, 0x00, 0x00, 0x00, 0x00, 0x00, 0x00, 0x00, 0x00, 0x00, 0x00, 0x00, 0x00,
    0x00, 0x00, 0x00, 0x00, 0x00, 0x00, 0x00, 0x00, 0x07, 0xFF, 0xFF, 0xFF, 0xFC, 0x00, 0x00, 0x00,
    0x07, 0xFF, 0xFF, 0xFF, 0xFD, 0x00, 0x00, 0x00, 0x03, 0x88, 0x88, 0x8E, 0xFD, 0x00, 0x00, 0x00,
    0x00, 0x00, 0x00, 0x0D, 0xFC, 0x00, 0x00, 0x00, 0x00, 0x00, 0x00, 0x0D, 0xFC, 0x00, 0x00, 0x00,
    0x00, 0x00, 0x00, 0x0D, 0xFC, 0x00, 0x00, 0x00, 0x00, 0x00, 0x00, 0x0D, 0xFC, 0x00, 0x00, 0x00,
    0x00, 0x00, 0x00, 0x0D, 0xFC, 0x00, 0x00, 0x00, 0x00, 0x00, 0x00, 0x0D, 0xFC, 0x00, 0x00, 0x00,
    0x00, 0x00, 0x00, 0x0D, 0xFC, 0x00, 0x00, 0x00, 0x00, 0x00, 0x00, 0x0D, 0xFC, 0x00, 0x00, 0x00,
    0x00, 0x00, 0x00, 0x0D, 0xFC, 0x00, 0x00, 0x00, 0x00, 0x00, 0x00, 0x0D, 0xFC, 0x00, 0x00, 0x00,
    0x00, 0x00, 0x00, 0x0D, 0xFC, 0x00, 0x00, 0x00, 0x38, 0x88, 0x88, 0x8E, 0xFE, 0x88, 0x88, 0x81,
    0x6F, 0xFF, 0xFF, 0xFF, 0xFF, 0xFF, 0xFF, 0xF1, 0x6F, 0xFF, 0xFF, 0xFF, 0xFF, 0xFF, 0xFF, 0xF1,
    0x00, 0x00, 0x00, 0x00, 0x02, 0x30, 0x00, 0x00, 0x00, 0x00, 0x00, 0x7F, 0xFA, 0x00, 0x00, 0x00,
    0x00, 0x00, 0xEF, 0xFF, 0x10, 0x00, 0x00, 0x00, 0x00, 0xCF, 0xFE, 0x00, 0x00, 0x00, 0x00, 0x00,
    0x2A, 0xA3, 0x00, 0x00, 0x00, 0x00, 0x00, 0x00, 0x00, 0x00, 0x00, 0x00, 0x00, 0x00, 0x00, 0x00,
    0x00, 0x00, 0x00, 0x00, 0x00, 0x00, 0x00, 0x00, 0x00, 0xCF, 0xFF, 0xFF, 0xFF, 0xFB, 0x00, 0x00,
    0xCF, 0xFF, 0xFF, 0xFF, 0xFB, 0x00, 0x00, 0x68, 0x88, 0x88, 0x8F, 0xFB, 0x00, 0x00, 0x00, 0x00,
    0x00, 0x0E, 0xFB, 0x00, 0x00, 0x00, 0x00, 0x00, 0x0E, 0xFB, 0x00, 0x00, 0x00, 0x00, 0x00, 0x0E,
    0xFB, 0x00, 0x00, 0x00, 0x00, 0x00, 0x0E, 0xFB, 0x00, 0x00, 0x00, 0x00, 0x00, 0x0E, 0xFB, 0x00,
    0x00, 0x00, 0x00, 0x00, 0x0E, 0xFB, 0x00, 0x00, 0x00, 0x00, 0x00, 0x0E, 0xFB, 0x00, 0x00, 0x00,
    0x00, 0x00, 0x0F, 0xFB, 0x00, 0x00, 0x00, 0x00, 0x00, 0x0F, 0xFB, 0x00, 0x00, 0x00, 0x00, 0x00,
    0x0E, 0xFB, 0x00, 0x00, 0x00, 0x00, 0x00, 0x0E, 0xFB, 0x00, 0x00, 0x00, 0x00, 0x00, 0x0E, 0xFB,
    0x00, 0x00, 0x00, 0x00, 0x00, 0x0E, 0xFB, 0x00, 0x00, 0x00, 0x00, 0x00, 0x0F, 0xFA, 0x00, 0x00,
    0x00, 0x00, 0x00, 0x2F, 0xF9, 0x00, 0x00, 0x00, 0x00, 0x00, 0x7F, 0xF5, 0x00, 0x00, 0x00, 0x00,
    0x02, 0xEF, 0xF1, 0x00, 0x00, 0x00, 0x01, 0x7E, 0xFF, 0x80, 0x00, 0x28, 0xAB, 0xDF, 0xFF, 0xFB,
    0x00, 0x00, 0x3F, 0xFF, 0xFF, 0xFE, 0x70, 0x00, 0x00, 0x2E, 0xDC, 0xB8, 0x50, 0x00, 0x00, 0x00,
    0x6F, 0xF5, 0x00, 0x00, 0x00, 0x00, 0x00, 0x00, 0x6F, 0xF5, 0x00, 0x00, 0x00, 0x00, 0x00, 0x00,
    0x6F, 0xF5, 0x00, 0x00, 0x00, 0x00, 0x00, 0x00, 0x6F, 0xF5, 0x00, 0x00, 0x00, 0x00, 0x00, 0x00,
    0x6F, 0xF5, 0x00, 0x00, 0x00, 0x00, 0x00, 0x00, 0x6F, 0xF5, 0x00, 0x00, 0x00, 0x00, 0x00, 0x00,
    0x6F, 0xF5, 0x00, 0x00, 0x00, 0x04, 0xFF, 0x80, 0x6F, 0xF5, 0x00, 0x00, 0x00, 0x07, 0xFF, 0x50,
    0x6F, 0xF5, 0x00, 0x00, 0x00, 0x0B, 0xFF, 0x20, 0x6F, 0xF5, 0x00, 0x00, 0x00, 0x1F, 0xFD, 0x00,
    0x6F, 0xF5, 0x00, 0x00, 0x00, 0x8F, 0xF7, 0x00, 0x6F, 0xF5, 0x00, 0x00, 0x04, 0xFF, 0xE1, 0x00,
    0x6F, 0xF5, 0x00, 0x00, 0x6F, 0xFF, 0x60, 0x00, 0x6F, 0xFA, 0x89, 0xBE, 0xFF, 0xF9, 0x00, 0x00,
    0x6F, 0xFF, 0xFF, 0xFF, 0xFF, 0xE1, 0x00, 0x00, 0x6F, 0xFF, 0xFF, 0xEB, 0xCF, 0xF8, 0x00, 0x00,
    0x6F, 0xF5, 0x00, 0x00, 0x2F, 0xFE, 0x20, 0x00, 0x6F, 0xF5, 0x00, 0x00, 0x09, 0xFF, 0x90, 0x00,
    0x6F, 0xF5, 0x00, 0x00, 0x01, 0xEF, 0xF3, 0x00, 0x6F, 0xF5, 0x00, 0x00, 0x00, 0x8F, 0xFB, 0x00,
    0x6F, 0xF5, 0x00, 0x00, 0x00, 0x1E, 0xFF, 0x40, 0x6F, 0xF5, 0x00, 0x00, 0x00, 0x07, 0xFF, 0xD0,
    0x6F, 0xF5, 0x00, 0x00, 0x00, 0x00, 0xDF, 0xF6, 0x5F, 0xFF, 0xFF, 0xFF, 0x60, 0x00, 0x00, 0x00,
    0x5F, 0xFF, 0xFF, 0xFF, 0x60, 0x00, 0x00, 0x00, 0x38, 0x88, 0x8A, 0xFF, 0x60, 0x00, 0x00, 0x00,
    0x00, 0x00, 0x04, 0xFF, 0x60, 0x00, 0x00, 0x00, 0x00, 0x00, 0x04, 0xFF, 0x60, 0x00, 0x00, 0x00,
    0x00, 0x00, 0x04, 0xFF, 0x60, 0x00, 0x00, 0x00, 0x00, 0x00, 0x04, 0xFF, 0x60, 0x00, 0x00, 0x00,
    0x00, 0x00, 0x04, 0xFF, 0x60, 0x00, 0x00, 0x00, 0x00, 0x00, 0x04, 0xFF, 0x60, 0x00, 0x00, 0x00,
    0x00, 0x00, 0x04, 0xFF, 0x60, 0x00, 0x00, 0x00, 0x00, 0x00, 0x04, 0xFF, 0x60, 0x00, 0x00, 0x00,
    0x00, 0x00, 0x04, 0xFF, 0x60, 0x00, 0x00, 0x00, 0x00, 0x00, 0x04, 0xFF, 0x60, 0x00, 0x00, 0x00,
    0x00, 0x00, 0x04, 0xFF, 0x60, 0x00, 0x00, 0x00, 0x00, 0x00, 0x04, 0xFF, 0x60, 0x00, 0x00, 0x00,
    0x00, 0x00, 0x04, 0xFF, 0x60, 0x00, 0x00, 0x00, 0x00, 0x00, 0x04, 0xFF, 0x60, 0x00, 0x00, 0x00,
    0x00, 0x00, 0x04, 0xFF, 0x70, 0x00, 0x00, 0x00, 0x00, 0x00, 0x03, 0xFF, 0xA0, 0x00, 0x00, 0x00,
    0x00, 0x00, 0x00, 0xEF, 0xF3, 0x00, 0x00, 0x00, 0x00, 0x00, 0x00, 0x9F, 0xFF, 0xA8, 0x8A, 0xD6,
    0x00, 0x00, 0x00, 0x1D, 0xFF, 0xFF, 0xFF, 0xF8, 0x00, 0x00, 0x00, 0x01, 0x8C, 0xFF, 0xED, 0xA4,
    0x2F, 0xF4, 0x5D, 0xFD, 0x50, 0x5D, 0xFD, 0x70, 0x2F, 0xF8, 0xFF, 0xFF, 0xF4, 0xFF, 0xFF, 0xF6,
    0x2F, 0xFE, 0x84, 0x8F, 0xFE, 0x84, 0x9F, 0xFB, 0x2F, 0xFC, 0x00, 0x0D, 0xFC, 0x00, 0x0E, 0xFD,
    0x2F, 0xFA, 0x00, 0x0C, 0xF9, 0x00, 0x0D, 0xFD, 0x2F, 0xF9, 0x00, 0x0C, 0xF8, 0x00, 0x0C, 0xFD,
    0x2F, 0xF9, 0x00, 0x0C, 0xF8, 0x00, 0x0C, 0xFD, 0x2F, 0xF9, 0x00, 0x0C, 0xF8, 0x00, 0x0C, 0xFD,
    0x2F, 0xF9, 0x00, 0x0C, 0xF8, 0x00, 0x0C, 0xFD, 0x2F, 0xF9, 0x00, 0x0C, 0xF8, 0x00, 0x0C, 0xFD,
    0x2F, 0xF9, 0x00, 0x0C, 0xF8, 0x00, 0x0C, 0xFD, 0x2F, 0xF9, 0x00, 0x0C, 0xF8, 0x00, 0x0C, 0xFD,
    0x2F, 0xF9, 0x00, 0x0C, 0xF8, 0x00, 0x0C, 0xFD, 0x2F, 0xF9, 0x00, 0x0C, 0xF8, 0x00, 0x0C, 0xFD,
    0x2F, 0xF9, 0x00, 0x0C, 0xF8, 0x00, 0x0C, 0xFD, 0x2F, 0xF9, 0x00, 0x0C, 0xF8, 0x00, 0x0C, 0xFD,
    0x2F, 0xF9, 0x00, 0x0C, 0xF8, 0x00, 0x0C, 0xFD, 0x4F, 0xF4, 0x07, 0xCE, 0xFE, 0xA3, 0x00, 0x4F,
    0xF5, 0xAF, 0xFF, 0xFF, 0xFF, 0x60, 0x4F, 0xF8, 0xFE, 0xA8, 0x8D, 0xFF, 0xF3, 0x4F, 0xFF, 0xB1,
    0x00, 0x00, 0x9F, 0xF9, 0x4F, 0xFE, 0x10, 0x00, 0x00, 0x1E, 0xFD, 0x4F, 0xFA, 0x00, 0x00, 0x00,
    0x0B, 0xFF, 0x4F, 0xF8, 0x00, 0x00, 0x00, 0x0B, 0xFF, 0x4F, 0xF7, 0x00, 0x00, 0x00, 0x0B, 0xFF,
    0x4F, 0xF7, 0x00, 0x00, 0x00, 0x0B, 0xFF, 0x4F, 0xF7, 0x00, 0x00, 0x00, 0x0B, 0xFF, 0x4F, 0xF7,
    0x00, 0x00, 0x00, 0x0B, 0xFF, 0x4F, 0xF7, 0x00, 0x00, 0x00, 0x0B, 0xFF, 0x4F, 0xF7, 0x00, 0x00,
    0x00, 0x0B, 0xFF, 0x4F, 0xF7, 0x00, 0x00, 0x00, 0x0B, 0xFF, 0x4F, 0xF7, 0x00, 0x00, 0x00, 0x0B,
    0xFF, 0x4F, 0xF7, 0x00, 0x00, 0x00, 0x0B, 0xFF, 0x4F, 0xF7, 0x00, 0x00, 0x00, 0x0B, 0xFF, 0x00,
    0x01, 0x7C, 0xEF, 0xEB, 0x60, 0x00, 0x00, 0x00, 0x3E, 0xFF, 0xFF, 0xFF, 0xFC, 0x10, 0x00, 0x02,
    0xEF, 0xFD, 0x98, 0xAE, 0xFF, 0xC0, 0x00, 0x0B, 0xFF, 0xA1, 0x00, 0x02, 0xDF, 0xF7, 0x00, 0x2F,
    0xFD, 0x10, 0x00, 0x00, 0x3F, 0xFD, 0x00, 0x7F, 0xF7, 0x00, 0x00, 0x00, 0x0B, 0xFF, 0x30, 0x9F,
    0xF3, 0x00, 0x00, 0x00, 0x07, 0xFF, 0x50, 0xBF, 0xF1, 0x00, 0x00, 0x00, 0x05, 0xFF, 0x70, 0xBF,
    0xF1, 0x00, 0x00, 0x00, 0x05, 0xFF, 0x70, 0xBF, 0xF1, 0x00, 0x00, 0x00, 0x05, 0xFF, 0x70, 0x9F,
    0xF3, 0x00, 0x00, 0x00, 0x07, 0xFF, 0x50, 0x7F, 0xF7, 0x00, 0x00, 0x00, 0x0B, 0xFF, 0x30, 0x2F,
    0xFD, 0x10, 0x00, 0x00, 0x3F, 0xFD, 0x00, 0x0B, 0xFF, 0xA1, 0x00, 0x02, 0xDF, 0xF7, 0x00, 0x02,
    0xEF, 0xFD, 0x98, 0xAE, 0xFF, 0xC0, 0x00, 0x00, 0x3E, 0xFF, 0xFF, 0xFF, 0xFC, 0x10, 0x00, 0x00,
    0x01, 0x7C, 0xEF, 0xEB, 0x60, 0x00, 0x00, 0x4F, 0xF3, 0x04, 0xBE, 0xFE, 0xB6, 0x00, 0x00, 0x4F,
    0xF4, 0x7F, 0xFF, 0xFF, 0xFF, 0xB1, 0x00, 0x4F, 0xF7, 0xFD, 0x74, 0x48, 0xEF, 0xFA, 0x00, 0x4F,
    0xFD, 0xC1, 0x00, 0x00, 0x2E, 0xFF, 0x30, 0x4F, 0xFF, 0x20, 0x00, 0x00, 0x05, 0xFF, 0x90, 0x4F,
    0xFC, 0x00, 0x00, 0x00, 0x00, 0xEF, 0xD0, 0x4F, 0xF8, 0x00, 0x00, 0x00, 0x00, 0xBF, 0xF0, 0x4F,
    0xF8, 0x00, 0x00, 0x00, 0x00, 0x9F, 0xF1, 0x4F, 0xF7, 0x00, 0x00, 0x00, 0x00, 0x9F, 0xF2, 0x4F,
    0xF8, 0x00, 0x00, 0x00, 0x00, 0x9F, 0xF1, 0x4F, 0xF8, 0x00, 0x00, 0x00, 0x00, 0xBF, 0xF0, 0x4F,
    0xFC, 0x00, 0x00, 0x00, 0x00, 0xEF, 0xD0, 0x4F, 0xFF, 0x20, 0x00, 0x00, 0x04, 0xFF, 0x90, 0x4F,
    0xFD, 0xC1, 0x00, 0x00, 0x2D, 0xFF, 0x40, 0x4F, 0xF8, 0xED, 0x74, 0x48, 0xEF, 0xFB, 0x00, 0x4F,
    0xF7, 0x6F, 0xFF, 0xFF, 0xFF, 0xC1, 0x00, 0x4F, 0xF7, 0x04, 0xBE, 0xFE, 0xB6, 0x00, 0x00, 0x4F,
    0xF7, 0x00, 0x00, 0x00, 0x00, 0x00, 0x00, 0x4F, 0xF7, 0x00, 0x00, 0x00, 0x00, 0x00, 0x00, 0x4F,
    0xF7, 0x00, 0x00, 0x00, 0x00, 0x00, 0x00, 0x4F, 0xF7, 0x00, 0x00, 0x00, 0x00, 0x00, 0x00, 0x4F,
    0xF7, 0x00, 0x00, 0x00, 0x00, 0x00, 0x00, 0x4F, 0xF7, 0x00, 0x00, 0x00, 0x00, 0x00, 0x00, 0x4F,
    0xF7, 0x00, 0x00, 0x00, 0x00, 0x00, 0x00, 0x00, 0x00, 0x6C, 0xEF, 0xEA, 0x30, 0x7F, 0xF0, 0x00,
    0x1C, 0xFF, 0xFF, 0xFF, 0xF4, 0x8F, 0xF0, 0x00, 0xBF, 0xFE, 0x74, 0x47, 0xDC, 0x9F, 0xF0, 0x06,
    0xFF, 0xC1, 0x00, 0x00, 0x1C, 0xEF, 0xF0, 0x0C, 0xFF, 0x30, 0x00, 0x00, 0x03, 0xFF, 0xF0, 0x1F,
    0xFB, 0x00, 0x00, 0x00, 0x00, 0xDF, 0xF0, 0x3F, 0xF8, 0x00, 0x00, 0x00, 0x00, 0xBF, 0xF0, 0x5F,
    0xF6, 0x00, 0x00, 0x00, 0x00, 0xBF, 0xF0, 0x6F, 0xF5, 0x00, 0x00, 0x00, 0x00, 0xBF, 0xF0, 0x5F,
    0xF5, 0x00, 0x00, 0x00, 0x00, 0xBF, 0xF0, 0x4F, 0xF7, 0x00, 0x00, 0x00, 0x00, 0xBF, 0xF0, 0x2F,
    0xFA, 0x00, 0x00, 0x00, 0x00, 0xBF, 0xF0, 0x0D, 0xFF, 0x20, 0x00, 0x00, 0x00, 0xDF, 0xF0, 0x07,
    0xFF, 0xB1, 0x00, 0x00, 0x06, 0xFF, 0xF0, 0x00, 0xCF, 0xFD, 0x74, 0x46, 0xBE, 0xBF, 0xF0, 0x00,
    0x2D, 0xFF, 0xFF, 0xFF, 0xF7, 0xBF, 0xF0, 0x00, 0x01, 0x7C, 0xEF, 0xEB, 0x40, 0xBF, 0xF0, 0x00,
    0x00, 0x00, 0x00, 0x00, 0x00, 0xBF, 0xF0, 0x00, 0x00, 0x00, 0x00, 0x00, 0x00, 0xBF, 0xF0, 0x00,
    0x00, 0x00, 0x00, 0x00, 0x00, 0xBF, 0xF0, 0x00, 0x00, 0x00, 0x00, 0x00, 0x00, 0xBF, 0xF0, 0x00,
    0x00, 0x00, 0x00, 0x00, 0x00, 0xBF, 0xF0, 0x00, 0x00, 0x00, 0x00, 0x00, 0x00, 0xBF, 0xF0, 0x00,
    0x00, 0x00, 0x00, 0x00, 0x00, 0xBF, 0xF0, 0x0F, 0xFF, 0xFF, 0x70, 0x18, 0xDF, 0xFC, 0x70, 0x00,
    0x0F, 0xFF, 0xFF, 0x90, 0xBF, 0xFF, 0xFF, 0xFB, 0x00, 0x08, 0x88, 0xDF, 0xA5, 0xFB, 0x54, 0x6E,
    0xFF, 0x50, 0x00, 0x00, 0xBF, 0xCA, 0x90, 0x00, 0x04, 0xFF, 0x90, 0x00, 0x00, 0xBF, 0xFC, 0x00,
    0x00, 0x00, 0xEF, 0xC0, 0x00, 0x00, 0xBF, 0xF7, 0x00, 0x00, 0x00, 0xCF, 0xD0, 0x00, 0x00, 0xBF,
    0xF4, 0x00, 0x00, 0x00, 0x00, 0x00, 0x00, 0x00, 0xBF, 0xF1, 0x00, 0x00, 0x00, 0x00, 0x00, 0x00,
    0x00, 0xBF, 0xF0, 0x00, 0x00, 0x00, 0x00, 0x00, 0x00, 0x00, 0xBF, 0xF0, 0x00, 0x00, 0x00, 0x00,
    0x00, 0x00, 0x00, 0xBF, 0xE0, 0x00, 0x00, 0x00, 0x00, 0x00, 0x00, 0x00, 0xBF, 0xE0, 0x00, 0x00,
    0x00, 0x00, 0x00, 0x00, 0x00, 0xBF, 0xE0, 0x00, 0x00, 0x00, 0x00, 0x00, 0x00, 0x00, 0xBF, 0xE0,
    0x00, 0x00, 0x00, 0x00, 0x00, 0x58, 0x88, 0xDF, 0xF8, 0x88, 0x82, 0x00, 0x00, 0x00, 0x9F, 0xFF,
    0xFF, 0xFF, 0xFF, 0xF5, 0x00, 0x00, 0x00, 0x9F, 0xFF, 0xFF, 0xFF, 0xFF, 0xF5, 0x00, 0x00, 0x00,
    0x00, 0x02, 0x7A, 0xDE, 0xFF, 0xFE, 0xD8, 0x00, 0x00, 0x9F, 0xFF, 0xFF, 0xFF, 0xFF, 0xF9, 0x00,
    0x08, 0xFF, 0xFD, 0xA9, 0x88, 0x89, 0xA5, 0x00, 0x1E, 0xFF, 0x50, 0x00, 0x00, 0x00, 0x00, 0x00,
    0x2F, 0xFA, 0x00, 0x00, 0x00, 0x00, 0x00, 0x00, 0x2F, 0xFC, 0x00, 0x00, 0x00, 0x00, 0x00, 0x00,
    0x0D, 0xFF, 0xC6, 0x20, 0x00, 0x00, 0x00, 0x00, 0x03, 0xEF, 0xFF, 0xFD, 0xA6, 0x20, 0x00, 0x00,
    0x00, 0x18, 0xDF, 0xFF, 0xFF, 0xFB, 0x30, 0x00, 0x00, 0x00, 0x02, 0x6A, 0xEF, 0xFF, 0xF4, 0x00,
    0x00, 0x00, 0x00, 0x00, 0x03, 0x9F, 0xFD, 0x00, 0x00, 0x00, 0x00, 0x00, 0x00, 0x0B, 0xFF, 0x20,
    0x00, 0x00, 0x00, 0x00, 0x00, 0x0A, 0xFF, 0x30, 0x00, 0x00, 0x00, 0x00, 0x00, 0x4E, 0xFF, 0x10,
    0x3E, 0xCA, 0x98, 0x88, 0xAD, 0xFF, 0xF9, 0x00, 0x5F, 0xFF, 0xFF, 0xFF, 0xFF, 0xFF, 0xA1, 0x00,
    0x3B, 0xDE, 0xFF, 0xFE, 0xDB, 0x83, 0x00, 0x00, 0x00, 0x00, 0x5F, 0xF6, 0x00, 0x00, 0x00, 0x00,
    0x00, 0x00, 0x5F, 0xF6, 0x00, 0x00, 0x00, 0x00, 0x00, 0x00, 0x5F, 0xF6, 0x00, 0x00, 0x00, 0x00,
    0x00, 0x00, 0x5F, 0xF6, 0x00, 0x00, 0x00, 0x00, 0x00, 0x00, 0x5F, 0xF6, 0x00, 0x00, 0x00, 0x00,
    0xCF, 0xFF, 0xFF, 0xFF, 0xFF, 0xFF, 0xFF, 0xF0, 0xCF, 0xFF, 0xFF, 0xFF, 0xFF, 0xFF, 0xFF, 0xF0,
    0x68, 0x88, 0xAF, 0xFA, 0x88, 0x88, 0x88, 0x70, 0x00, 0x00, 0x5F, 0xF6, 0x00, 0x00, 0x00, 0x00,
    0x00, 0x00, 0x5F, 0xF6, 0x00, 0x00, 0x00, 0x00, 0x00, 0x00, 0x5F, 0xF6, 0x00, 0x00, 0x00, 0x00,
    0x00, 0x00, 0x5F, 0xF6, 0x00, 0x00, 0x00, 0x00, 0x00, 0x00, 0x5F, 0xF6, 0x00, 0x00, 0x00, 0x00,
    0x00, 0x00, 0x6F, 0xF8, 0x00, 0x00, 0x00, 0x00, 0x00, 0x00, 0x5F, 0xF6, 0x00, 0x00, 0x00, 0x00,
    0x00, 0x00, 0x5F, 0xF6, 0x00, 0x00, 0x00, 0x00, 0x00, 0x00, 0x4F, 0xF7, 0x00, 0x00, 0x00, 0x00,
    0x00, 0x00, 0x2F, 0xFC, 0x00, 0x00, 0x00, 0x00, 0x00, 0x00, 0x0D, 0xFF, 0x70, 0x00, 0x00, 0x00,
    0x00, 0x00, 0x06, 0xFF, 0xFD, 0x98, 0x89, 0xB4, 0x00, 0x00, 0x00, 0x9F, 0xFF, 0xFF, 0xFF, 0xF7,
    0x00, 0x00, 0x00, 0x04, 0xAD, 0xFF, 0xFE, 0xC6, 0x9F, 0xF2, 0x00, 0x00, 0x00, 0x3F, 0xF8, 0x00,
    0x9F, 0xF2, 0x00, 0x00, 0x00, 0x3F, 0xF8, 0x00, 0x9F, 0xF2, 0x00, 0x00, 0x00, 0x3F, 0xF8, 0x00,
    0x9F, 0xF2, 0x00, 0x00, 0x00, 0x3F, 0xF8, 0x00, 0x9F, 0xF2, 0x00, 0x00, 0x00, 0x3F, 0xF8, 0x00,
    0x9F, 0xF2, 0x00, 0x00, 0x00, 0x3F, 0xF8, 0x00, 0x9F, 0xF2, 0x00, 0x00, 0x00, 0x3F, 0xF8, 0x00,
    0x9F, 0xF2, 0x00, 0x00, 0x00, 0x3F, 0xF8, 0x00, 0x9F, 0xF2, 0x00, 0x00, 0x00, 0x3F, 0xF8, 0x00,
    0x9F, 0xF2, 0x00, 0x00, 0x00, 0x4F, 0xF8, 0x00, 0x9F, 0xF2, 0x00, 0x00, 0x00, 0x4F, 0xF8, 0x00,
    0x9F, 0xF2, 0x00, 0x00, 0x00, 0x7F, 0xF8, 0x00, 0x7F, 0xF6, 0x00, 0x00, 0x00, 0xCF, 0xF8, 0x00,
    0x4F, 0xFD, 0x20, 0x00, 0x08, 0x9F, 0xF8, 0x00, 0x0C, 0xFF, 0xFA, 0x89, 0xDF, 0x2F, 0xFB, 0x63,
    0x02, 0xDF, 0xFF, 0xFF, 0xF6, 0x0F, 0xFF, 0xFC, 0x00, 0x18, 0xDF, 0xFC, 0x50, 0x0E, 0xFF, 0xFC,
    0x00, 0x00, 0x00, 0x00, 0x00, 0x02, 0x21, 0x10, 0x7F, 0xF6, 0x00, 0x00, 0x00, 0x00, 0x0A, 0xFF,
    0x30, 0x1F, 0xFB, 0x00, 0x00, 0x00, 0x00, 0x1E, 0xFC, 0x00, 0x0B, 0xFF, 0x20, 0x00, 0x00, 0x00,
    0x5F, 0xF7, 0x00, 0x05, 0xFF, 0x70, 0x00, 0x00, 0x00, 0xAF, 0xF2, 0x00, 0x01, 0xEF, 0xC0, 0x00,
    0x00, 0x01, 0xFF, 0xB0, 0x00, 0x00, 0x9F, 0xF2, 0x00, 0x00, 0x05, 0xFF, 0x60, 0x00, 0x00, 0x4F,
    0xF7, 0x00, 0x00, 0x0B, 0xFE, 0x10, 0x00, 0x00, 0x0D, 0xFC, 0x00, 0x00, 0x1F, 0xFA, 0x00, 0x00,
    0x00, 0x08, 0xFF, 0x20, 0x00, 0x6F, 0xF4, 0x00, 0x00, 0x00, 0x03, 0xFF, 0x70, 0x00, 0xBF, 0xE0,
    0x00, 0x00, 0x00, 0x00, 0xCF, 0xC0, 0x01, 0xFF, 0x80, 0x00, 0x00, 0x00, 0x00, 0x7F, 0xF2, 0x06,
    0xFF, 0x30, 0x00, 0x00, 0x00, 0x00, 0x1F, 0xF8, 0x0B, 0xFC, 0x00, 0x00, 0x00, 0x00, 0x00, 0x0B,
    0xFD, 0x1F, 0xF7, 0x00, 0x00, 0x00, 0x00, 0x00, 0x05, 0xFF, 0x9F, 0xF2, 0x00, 0x00, 0x00, 0x00,
    0x00, 0x01, 0xEF, 0xFF, 0xB0, 0x00, 0x00, 0x00, 0x00, 0x00, 0x00, 0x9F, 0xFF, 0x60, 0x00, 0x00,
    0x00, 0xBF, 0xC0, 0x00, 0x4F, 0xFA, 0x00, 0x02, 0xFF, 0x70, 0x9F, 0xE0, 0x00, 0x6F, 0xFC, 0x00,
    0x04, 0xFF, 0x40, 0x7F, 0xF0, 0x00, 0x8F, 0xEF, 0x00, 0x06, 0xFF, 0x20, 0x5F, 0xF2, 0x00, 0xAF,
    0x9F, 0x20, 0x08, 0xFF, 0x00, 0x3F, 0xF4, 0x00, 0xCD, 0x6F, 0x40, 0x0A, 0xFD, 0x00, 0x1F, 0xF5,
    0x00, 0xFB, 0x4F, 0x60, 0x0C, 0xFA, 0x00, 0x0E, 0xF7, 0x02, 0xF9, 0x2F, 0x80, 0x0E, 0xF8, 0x00,
    0x0C, 0xF9, 0x04, 0xF6, 0x0F, 0xA0, 0x1F, 0xF6, 0x00, 0x0B, 0xFA, 0x06, 0xF4, 0x0D, 0xD0, 0x2F,
    0xF3, 0x00, 0x09, 0xFC, 0x08, 0xF2, 0x0A, 0xF0, 0x4F, 0xF1, 0x00, 0x07, 0xFE, 0x0A, 0xF0, 0x08,
    0xF2, 0x6F, 0xE0, 0x00, 0x05, 0xFF, 0x0D, 0xD0, 0x06, 0xF4, 0x8F, 0xB0, 0x00, 0x03, 0xFF, 0x2F,
    0xA0, 0x04, 0xF6, 0xAF, 0x90, 0x00, 0x01, 0xFF, 0x6F, 0x80, 0x01, 0xF9, 0xCF, 0x70, 0x00, 0x00,
    0xEF, 0x9F, 0x60, 0x00, 0xEB, 0xEF, 0x40, 0x00, 0x00, 0xCF, 0xFF, 0x40, 0x00, 0xCF, 0xFF, 0x20,
    0x00, 0x00, 0xAF, 0xFF, 0x10, 0x00, 0xAF, 0xFF, 0x00, 0x00, 0x0C, 0xFF, 0x40, 0x00, 0x00, 0x00,
    0x7F, 0xF9, 0x03, 0xFF, 0xD1, 0x00, 0x00, 0x03, 0xFF, 0xD1, 0x00, 0x7F, 0xFA, 0x00, 0x00, 0x0D,
    0xFF, 0x30, 0x00, 0x0B, 0xFF, 0x50, 0x00, 0x9F, 0xF7, 0x00, 0x00, 0x01, 0xEF, 0xE2, 0x04, 0xFF,
    0xB0, 0x00, 0x00, 0x00, 0x5F, 0xFB, 0x1D, 0xFE, 0x10, 0x00, 0x00, 0x00, 0x09, 0xFF, 0xDF, 0xF4,
    0x00, 0x00, 0x00, 0x00, 0x01, 0xDF, 0xFF, 0x80, 0x00, 0x00, 0x00, 0x00, 0x00, 0x5F, 0xFF, 0x10,
    0x00, 0x00, 0x00, 0x00, 0x00, 0xCF, 0xFF, 0x90, 0x00, 0x00, 0x00, 0x00, 0x08, 0xFF, 0xEF, 0xF4,
    0x00, 0x00, 0x00, 0x00, 0x4F, 0xFB, 0x2E, 0xFE, 0x10, 0x00, 0x00, 0x01, 0xDF, 0xE2, 0x05, 0xFF,
    0xB0, 0x00, 0x00, 0x0A, 0xFF, 0x50, 0x00, 0x9F, 0xF7, 0x00, 0x00, 0x6F, 0xFA, 0x00, 0x00, 0x1D,
    0xFF, 0x30, 0x03, 0xFF, 0xD1, 0x00, 0x00, 0x03, 0xFF, 0xD1, 0x0C, 0xFF, 0x40, 0x00, 0x00, 0x00,
    0x7F, 0xF9, 0xCF, 0xE1, 0x00, 0x00, 0x00, 0x00, 0x0B, 0xFF, 0x20, 0x6F, 0xF6, 0x00, 0x00, 0x00,
    0x00, 0x1F, 0xFC, 0x00, 0x1E, 0xFC, 0x00, 0x00, 0x00, 0x00, 0x5F, 0xF6, 0x00, 0x09, 0xFF, 0x30,
    0x00, 0x00, 0x00, 0xAF, 0xF1, 0x00, 0x03, 0xFF, 0x90, 0x00, 0x00, 0x01, 0xFF, 0xB0, 0x00, 0x00,
    0xCF, 0xE1, 0x00, 0x00, 0x05, 0xFF, 0x60, 0x00, 0x00, 0x6F, 0xF6, 0x00, 0x00, 0x0A, 0xFF, 0x10,
    0x00, 0x00, 0x1E, 0xFB, 0x00, 0x00, 0x1E, 0xFA, 0x00, 0x00, 0x00, 0x09, 0xFF, 0x20, 0x00, 0x5F,
    0xF5, 0x00, 0x00, 0x00, 0x03, 0xFF, 0x80, 0x00, 0xAF, 0xE1, 0x00, 0x00, 0x00, 0x00, 0xCF, 0xE0,
    0x00, 0xEF, 0xA0, 0x00, 0x00, 0x00, 0x00, 0x6F, 0xF5, 0x04, 0xFF, 0x40, 0x00, 0x00, 0x00, 0x00,
    0x1E, 0xFB, 0x09, 0xFE, 0x00, 0x00, 0x00, 0x00, 0x00, 0x09, 0xFF, 0x2E, 0xF9, 0x00, 0x00, 0x00,
    0x00, 0x00, 0x03, 0xFF, 0xBF, 0xF4, 0x00, 0x00, 0x00, 0x00, 0x00, 0x00, 0xCF, 0xFF, 0xD0, 0x00,
    0x00, 0x00, 0x00, 0x00, 0x00, 0x6F, 0xFF, 0x80, 0x00, 0x00, 0x00, 0x00, 0x00, 0x00, 0x08, 0xFF,
    0x20, 0x00, 0x00, 0x00, 0x00, 0x00, 0x00, 0x3F, 0xF9, 0x00, 0x00, 0x00, 0x00, 0x00, 0x00, 0x02,
    0xDF, 0xE2, 0x00, 0x00, 0x00, 0x00, 0x00, 0x01, 0x7E, 0xFF, 0x60, 0x00, 0x00, 0x00, 0x00, 0x7A,
    0xCF, 0xFF, 0xF8, 0x00, 0x00, 0x00, 0x00, 0x00, 0xCF, 0xFF, 0xFD, 0x50, 0x00, 0x00, 0x00, 0x00,
    0x00, 0xBD, 0xB9, 0x50, 0x00, 0x00, 0x00, 0x00, 0x00, 0x00, 0x5F, 0xFF, 0xFF, 0xFF, 0xFF, 0xFF,
    0xFB, 0x00, 0x5F, 0xFF, 0xFF, 0xFF, 0xFF, 0xFF, 0xFB, 0x00, 0x28, 0x88, 0x88, 0x88, 0x88, 0xCF,
    0xFA, 0x00, 0x00, 0x00, 0x00, 0x00, 0x04, 0xFF, 0xD1, 0x00, 0x00, 0x00, 0x00, 0x00, 0x2E, 0xFE,
    0x20, 0x00, 0x00, 0x00, 0x00, 0x01, 0xDF, 0xF4, 0x00, 0x00, 0x00, 0x00, 0x00, 0x0A, 0xFF, 0x70,
    0x00, 0x00, 0x00, 0x00, 0x00, 0x8F, 0xFA, 0x00, 0x00, 0x00, 0x00, 0x00, 0x05, 0xFF, 0xC0, 0x00,
    0x00, 0x00, 0x00, 0x00, 0x3F, 0xFD, 0x10, 0x00, 0x00, 0x00, 0x00, 0x02, 0xEF, 0xF3, 0x00, 0x00,
    0x00, 0x00, 0x00, 0x1C, 0xFF, 0x50, 0x00, 0x00, 0x00, 0x00, 0x00, 0xAF, 0xF8, 0x00, 0x00, 0x00,
    0x00, 0x00, 0x07, 0xFF, 0xA0, 0x00, 0x00, 0x00, 0x00, 0x00, 0x3F, 0xFF, 0x88, 0x88, 0x88, 0x88,
    0x88, 0x00, 0x5F, 0xFF, 0xFF, 0xFF, 0xFF, 0xFF, 0xFF, 0x10, 0x5F, 0xFF, 0xFF, 0xFF, 0xFF, 0xFF,
    0xFF, 0x10, 0x00, 0x00, 0x00, 0x03, 0x44, 0x30, 0x00, 0x00, 0x06, 0xDF, 0xFF, 0xF5, 0x00, 0x00,
    0x7F, 0xFF, 0xFF, 0xF3, 0x00, 0x01, 0xFF, 0xFA, 0x43, 0x40, 0x00, 0x05, 0xFF, 0xA0, 0x00, 0x00,
    0x00, 0x05, 0xFF, 0x60, 0x00, 0x00, 0x00, 0x03, 0xFF, 0x80, 0x00, 0x00, 0x00, 0x00, 0xEF, 0xC0,
    0x00, 0x00, 0x00, 0x00, 0x9F, 0xF2, 0x00, 0x00, 0x00, 0x00, 0x4F, 0xF7, 0x00, 0x00, 0x00, 0x00,
    0x1F, 0xFB, 0x00, 0x00, 0x00, 0x00, 0x1F, 0xFC, 0x00, 0x00, 0x00, 0x01, 0x9F, 0xF8, 0x00, 0x00,
    0x46, 0x9E, 0xFF, 0xB1, 0x00, 0x00, 0xEF, 0xEA, 0x84, 0x00, 0x00, 0x00, 0xEF, 0xFE, 0xC8, 0x10,
    0x00, 0x00, 0x01, 0x38, 0xEF, 0xE3, 0x00, 0x00, 0x00, 0x00, 0x3F, 0xFA, 0x00, 0x00, 0x00, 0x00,
    0x0F, 0xFC, 0x00, 0x00, 0x00, 0x00, 0x2F, 0xFA, 0x00, 0x00, 0x00, 0x00, 0x6F, 0xF6, 0x00, 0x00,
    0x00, 0x00, 0xBF, 0xF1, 0x00, 0x00, 0x00, 0x01, 0xFF, 0xB0, 0x00, 0x00, 0x00, 0x04, 0xFF, 0x70,
    0x00, 0x00, 0x00, 0x06, 0xFF, 0x60, 0x00, 0x00, 0x00, 0x05, 0xFF, 0xA0, 0x00, 0x00, 0x00, 0x01,
    0xEF, 0xF8, 0x21, 0x20, 0x00, 0x00, 0x7F, 0xFF, 0xFF, 0xF2, 0x00, 0x00, 0x06, 0xEF, 0xFF, 0xF5,
    0x00, 0x00, 0x00, 0x14, 0x66, 0x51, 0x00, 0x00, 0xEF, 0xB0, 0xEF, 0xB0, 0xEF, 0xB0, 0xEF, 0xB0,
    0xEF, 0xB0, 0xEF, 0xB0, 0xEF, 0xB0, 0xEF, 0xB0, 0xEF, 0xB0, 0xEF, 0xB0, 0xEF, 0xB0, 0xEF, 0xB0,
    0xEF, 0xB0, 0xEF, 0xB0, 0xEF, 0xB0, 0xEF, 0xB0, 0xEF, 0xB0, 0xEF, 0xB0, 0xEF, 0xB0, 0xEF, 0xB0,
    0xEF, 0xB0, 0xEF, 0xB0, 0xEF, 0xB0, 0xEF, 0xB0, 0xEF, 0xB0, 0xEF, 0xB0, 0xEF, 0xB0, 0xEF, 0xB0,
    0xEF, 0xB0, 0xEF, 0xB0, 0xEF, 0xB0, 0xEF, 0xA0, 0x13, 0x54, 0x20, 0x00, 0x00, 0x00, 0x9F, 0xFF,
    0xFC, 0x30, 0x00, 0x00, 0x7F, 0xFF, 0xFF, 0xF4, 0x00, 0x00, 0x24, 0x35, 0xCF, 0xFC, 0x00, 0x00,
    0x00, 0x00, 0x1D, 0xFF, 0x10, 0x00, 0x00, 0x00, 0x0A, 0xFF, 0x20, 0x00, 0x00, 0x00, 0x0C, 0xFE,
    0x00, 0x00, 0x00, 0x00, 0x1F, 0xFA, 0x00, 0x00, 0x00, 0x00, 0x6F, 0xF5, 0x00, 0x00, 0x00, 0x00,
    0xBF, 0xF1, 0x00, 0x00, 0x00, 0x00, 0xFF, 0xC0, 0x00, 0x00, 0x00, 0x00, 0xFF, 0xC0, 0x00, 0x00,
    0x00, 0x00, 0xCF, 0xF6, 0x00, 0x00, 0x00, 0x00, 0x3D, 0xFF, 0xD8, 0x53, 0x00, 0x00, 0x00, 0x59,
    0xAF, 0xFA, 0x00, 0x00, 0x03, 0x9C, 0xEF, 0xFA, 0x00, 0x00, 0x5F, 0xFD, 0x63, 0x10, 0x00, 0x00,
    0xEF, 0xE1, 0x00, 0x00, 0x00, 0x00, 0xFF, 0xB0, 0x00, 0x00, 0x00, 0x00, 0xEF, 0xD0, 0x00, 0x00,
    0x00, 0x00, 0x9F, 0xF2, 0x00, 0x00, 0x00, 0x00, 0x4F, 0xF7, 0x00, 0x00, 0x00, 0x00, 0x0E, 0xFC,
    0x00, 0x00, 0x00, 0x00, 0x0B, 0xFF, 0x00, 0x00, 0x00, 0x00, 0x0A, 0xFF, 0x20, 0x00, 0x00, 0x00,
    0x0D, 0xFF, 0x10, 0x00, 0x12, 0x13, 0xBF, 0xFC, 0x00, 0x00, 0x6F, 0xFF, 0xFF, 0xF3, 0x00, 0x00,
    0x8F, 0xFF, 0xFD, 0x40, 0x00, 0x00, 0x25, 0x66, 0x30, 0x00, 0x00, 0x00, 0x00, 0x04, 0x55, 0x10,
    0x00, 0x00, 0x08, 0xFF, 0x10, 0x02, 0xDF, 0xFF, 0xF9, 0x10, 0x00, 0x08, 0xFF, 0x10, 0x0B, 0xFF,
    0xFF, 0xFF, 0xD4, 0x00, 0x09, 0xFF, 0x00, 0x1F, 0xFD, 0x42, 0x7E, 0xFF, 0x93, 0x4E, 0xFD, 0x00,
    0x4F, 0xF6, 0x00, 0x02, 0xCF, 0xFF, 0xFF, 0xF8, 0x00, 0x5F, 0xF4, 0x00, 0x00, 0x07, 0xEF, 0xFF,
    0xC1, 0x00, 0x5F, 0xF4, 0x00, 0x00, 0x00, 0x14, 0x64, 0x00, 0x00,
};

/* the faces, one per size */
const hp_font plua_font_cascadia16 = {16, 19, 15, 0x20, 0x7E,
                               plua_glyphs_cascadia_16, plua_bits_cascadia_16};
const hp_font plua_font_cascadia24 = {24, 29, 23, 0x20, 0x7E,
                               plua_glyphs_cascadia_24, plua_bits_cascadia_24};
const hp_font plua_font_cascadia32 = {32, 38, 30, 0x20, 0x7E,
                               plua_glyphs_cascadia_32, plua_bits_cascadia_32};

/* the faces the port exposes, ordered by size */
const hp_font *plua_cascadia_faces[] = {&plua_font_cascadia16, &plua_font_cascadia24, &plua_font_cascadia32};
const int plua_cascadia_count = 3;

/* Nearest-size pick, the same rule primetcc's own engine uses (hp_fonts.c
 * pick()): the caller asks for a size and gets the closest face that exists.
 * font.mono(20) therefore draws 24 px and font.mono(14) draws 16 px. */
const hp_font *plua_font_cascadia(int size)
{
	int i, best = 0, bd = 1 << 30;
	for (i = 0; i < plua_cascadia_count; i++) {
		int d = plua_cascadia_faces[i]->size - size;
		if (d < 0)
			d = -d;
		if (d < bd) {
			bd = d;
			best = i;
		}
	}
	return plua_cascadia_faces[best];
}

/*
 * primetcc's font engine (rt/hp_fonts.c, linked into the image unchanged) asks
 * for its monospace face by index 0..3 through this function and expects a
 * valid font for EVERY index.  Three sizes ship, so index 3 resolves to the
 * largest -- the engine's nearest-size search can only miss by one step.
 */
const hp_font *hp_font_mono_data(int i)
{
	if (i < 0 || i >= plua_cascadia_count)
		i = plua_cascadia_count - 1;
	return plua_cascadia_faces[i];
}
