/*
 * plua_font_montserrat_data.c -- Montserrat (proportional) at 16/24/32 px.
 *
 * GENERATED by tools/make_font_montserrat.py from primetcc's rt/hp_fonts_data.c
 * -- do not edit by hand.  The glyph descriptors and the packed 4-bit-per-pixel
 * bitmaps are copied verbatim (only renamed); the three hp_font rows are
 * re-derived from the original hp_font_prop_table.
 *
 * Montserrat is SIL Open Font License 1.1, rasterized offline by primetcc's
 * rt/tools/fontgen2.py.  primetcc itself is not modified or linked: this file
 * is self-contained.  The monospace family lives in
 * port/plua_font_cascadia_data.c (Cascadia Code Light, same three sizes).
 *
 * Cost in the image: 3 x (760 B glyphs + bitmap pool), ~26 KB -- against
 * ~70 KB for the full eight-face table, which is what linking hp_fonts_data.c
 * would pull in (its accessor indexes the table with a runtime index, so
 * --gc-sections cannot drop the faces nobody draws).
 */
#include "hp_fonts.h"          /* the hp_glyph / hp_font layouts */

static const hp_glyph plua_glyphs_prop_16[95] = {
    {0, 0, 0, 0, 4, 0},
    {2, 12, 1, 4, 4, 0},
    {4, 4, 1, 4, 6, 12},
    {11, 12, 0, 4, 11, 20},
    {10, 16, 0, 2, 10, 92},
    {13, 12, 0, 4, 13, 172},
    {11, 12, 0, 4, 11, 256},
    {2, 4, 1, 4, 3, 328},
    {4, 16, 1, 3, 5, 332},
    {4, 16, 0, 3, 5, 364},
    {6, 6, 0, 3, 6, 396},
    {8, 7, 1, 7, 9, 414},
    {3, 4, 0, 14, 3, 442},
    {6, 2, 0, 11, 6, 450},
    {3, 2, 0, 14, 3, 456},
    {7, 16, -1, 2, 5, 460},
    {10, 12, 0, 4, 11, 524},
    {4, 12, 0, 4, 6, 584},
    {9, 12, 0, 4, 9, 608},
    {9, 12, 0, 4, 9, 668},
    {11, 12, 0, 4, 11, 728},
    {9, 12, 0, 4, 9, 800},
    {10, 12, 0, 4, 10, 860},
    {9, 12, 0, 4, 9, 920},
    {10, 12, 0, 4, 10, 980},
    {9, 12, 0, 4, 10, 1040},
    {3, 9, 0, 7, 3, 1100},
    {3, 11, 0, 7, 3, 1118},
    {8, 7, 1, 7, 9, 1140},
    {8, 6, 1, 7, 9, 1168},
    {8, 7, 1, 7, 9, 1192},
    {8, 12, 0, 4, 9, 1220},
    {16, 15, 0, 4, 17, 1268},
    {12, 12, 0, 4, 11, 1388},
    {11, 12, 1, 4, 12, 1460},
    {11, 12, 0, 4, 11, 1532},
    {12, 12, 1, 4, 13, 1604},
    {9, 12, 1, 4, 11, 1676},
    {9, 12, 1, 4, 10, 1736},
    {11, 12, 0, 4, 12, 1796},
    {11, 12, 1, 4, 13, 1868},
    {3, 12, 1, 4, 5, 1940},
    {8, 12, -1, 4, 8, 1964},
    {11, 12, 1, 4, 11, 2012},
    {9, 12, 1, 4, 9, 2084},
    {13, 12, 1, 4, 15, 2144},
    {11, 12, 1, 4, 13, 2228},
    {13, 12, 0, 4, 13, 2300},
    {10, 12, 1, 4, 11, 2384},
    {14, 15, 0, 4, 13, 2444},
    {10, 12, 1, 4, 12, 2549},
    {10, 12, 0, 4, 10, 2609},
    {10, 12, 0, 4, 9, 2669},
    {10, 12, 1, 4, 13, 2729},
    {12, 12, 0, 4, 11, 2789},
    {18, 12, 0, 4, 18, 2861},
    {11, 12, 0, 4, 10, 2969},
    {11, 12, 0, 4, 10, 3041},
    {10, 12, 0, 4, 10, 3113},
    {4, 16, 1, 3, 5, 3173},
    {7, 16, -1, 2, 5, 3205},
    {4, 16, 0, 3, 5, 3269},
    {7, 7, 1, 7, 9, 3301},
    {8, 2, 0, 16, 8, 3329},
    {4, 2, 2, 4, 10, 3337},
    {8, 9, 0, 7, 9, 3341},
    {10, 13, 1, 3, 11, 3377},
    {9, 9, 0, 7, 9, 3442},
    {10, 13, 0, 3, 11, 3487},
    {9, 9, 0, 7, 10, 3552},
    {6, 13, 0, 3, 5, 3597},
    {10, 12, 0, 7, 11, 3636},
    {9, 13, 1, 3, 11, 3696},
    {2, 13, 1, 3, 4, 3761},
    {6, 16, -2, 3, 4, 3774},
    {9, 13, 1, 3, 10, 3822},
    {2, 13, 1, 3, 4, 3887},
    {15, 9, 1, 7, 17, 3900},
    {9, 9, 1, 7, 11, 3972},
    {10, 9, 0, 7, 10, 4017},
    {10, 12, 1, 7, 11, 4062},
    {10, 12, 0, 7, 11, 4122},
    {5, 9, 1, 7, 6, 4182},
    {8, 9, 0, 7, 8, 4209},
    {6, 11, 0, 5, 6, 4245},
    {9, 9, 1, 7, 11, 4278},
    {9, 9, 0, 7, 9, 4323},
    {14, 9, 0, 7, 14, 4368},
    {9, 9, 0, 7, 9, 4431},
    {10, 12, -1, 7, 9, 4476},
    {8, 9, 0, 7, 8, 4536},
    {6, 16, 0, 3, 5, 4572},
    {2, 16, 1, 3, 5, 4620},
    {5, 16, 0, 3, 5, 4636},
    {8, 4, 1, 8, 9, 4684}
};
static const unsigned char plua_bits_prop_16[4700] = {
    0x9B, 0x8B, 0x8A, 0x8A, 0x79, 0x79, 0x68, 0x68, 0x00, 0x00, 0x79, 0x8B, 0xD1, 0x2C, 0xD1, 0x2C,
    0xD1, 0x2C, 0xC1, 0x1C, 0x00, 0x05, 0x80, 0x02, 0xB0, 0x00, 0x00, 0x07, 0x60, 0x04, 0x90, 0x00,
    0x00, 0x08, 0x40, 0x06, 0x70, 0x00, 0x0F, 0xFF, 0xFF, 0xFF, 0xFF, 0xA0, 0x00, 0x0C, 0x20, 0x0A,
    0x40, 0x00, 0x00, 0x0D, 0x00, 0x0B, 0x20, 0x00, 0x00, 0x0D, 0x00, 0x0C, 0x00, 0x00, 0x00, 0x1C,
    0x00, 0x0D, 0x00, 0x00, 0x7E, 0xEF, 0xEE, 0xEF, 0xEE, 0x20, 0x12, 0x69, 0x22, 0x4B, 0x22, 0x00,
    0x00, 0x76, 0x00, 0x49, 0x00, 0x00, 0x00, 0x84, 0x00, 0x67, 0x00, 0x00, 0x00, 0x00, 0x66, 0x00,
    0x00, 0x00, 0x00, 0x66, 0x00, 0x00, 0x00, 0x6D, 0xFF, 0xD8, 0x10, 0x07, 0xE5, 0x76, 0x3A, 0x60,
    0x0D, 0x50, 0x66, 0x00, 0x00, 0x0E, 0x40, 0x66, 0x00, 0x00, 0x0A, 0xC2, 0x66, 0x00, 0x00, 0x01,
    0xBF, 0xD9, 0x20, 0x00, 0x00, 0x03, 0xAE, 0xFA, 0x10, 0x00, 0x00, 0x66, 0x2C, 0xB0, 0x00, 0x00,
    0x66, 0x02, 0xF1, 0x02, 0x00, 0x66, 0x03, 0xF0, 0x1E, 0x83, 0x76, 0x3C, 0x80, 0x02, 0x9D, 0xFF,
    0xD7, 0x00, 0x00, 0x00, 0x66, 0x00, 0x00, 0x00, 0x00, 0x66, 0x00, 0x00, 0x04, 0xDE, 0x80, 0x00,
    0x05, 0x90, 0x00, 0x1D, 0x41, 0xA6, 0x00, 0x1C, 0x10, 0x00, 0x48, 0x00, 0x2A, 0x00, 0x95, 0x00,
    0x00, 0x48, 0x00, 0x2A, 0x04, 0xA0, 0x00, 0x00, 0x1C, 0x20, 0x95, 0x0C, 0x20, 0x00, 0x00, 0x03,
    0xCC, 0x70, 0x86, 0x4C, 0xC5, 0x00, 0x00, 0x00, 0x03, 0xB1, 0xC2, 0x1C, 0x20, 0x00, 0x00, 0x0B,
    0x35, 0x70, 0x05, 0x70, 0x00, 0x00, 0x68, 0x07, 0x60, 0x03, 0x80, 0x00, 0x02, 0xC0, 0x05, 0x80,
    0x06, 0x70, 0x00, 0x0A, 0x40, 0x01, 0xD3, 0x2D, 0x20, 0x00, 0x59, 0x00, 0x00, 0x4D, 0xE6, 0x00,
    0x00, 0x19, 0xEE, 0x90, 0x00, 0x00, 0x00, 0x8B, 0x22, 0xB6, 0x00, 0x00, 0x00, 0xC4, 0x00, 0x69,
    0x00, 0x00, 0x00, 0xA8, 0x01, 0xC5, 0x00, 0x00, 0x00, 0x3E, 0x7D, 0x90, 0x00, 0x00, 0x00, 0x0B,
    0xF7, 0x00, 0x00, 0x00, 0x01, 0xC9, 0x7D, 0x20, 0x13, 0x00, 0x0B, 0x70, 0x07, 0xD1, 0x4B, 0x00,
    0x2F, 0x00, 0x00, 0x8C, 0xB6, 0x00, 0x2F, 0x10, 0x00, 0x0A, 0xF1, 0x00, 0x0B, 0xB3, 0x12, 0x7D,
    0xAB, 0x00, 0x01, 0x8D, 0xFE, 0x92, 0x09, 0x40, 0xD1, 0xD1, 0xD1, 0xC1, 0x00, 0xB6, 0x03, 0xE0,
    0x08, 0x90, 0x0C, 0x40, 0x0F, 0x10, 0x3E, 0x00, 0x4D, 0x00, 0x5C, 0x00, 0x5C, 0x00, 0x4D, 0x00,
    0x3E, 0x00, 0x0F, 0x10, 0x0C, 0x40, 0x08, 0x90, 0x03, 0xE0, 0x00, 0xB6, 0x2E, 0x10, 0x0A, 0x70,
    0x05, 0xC0, 0x01, 0xF1, 0x00, 0xD4, 0x00, 0xA6, 0x00, 0x98, 0x00, 0x89, 0x00, 0x88, 0x00, 0x98,
    0x00, 0xA6, 0x00, 0xD4, 0x01, 0xF1, 0x05, 0xC0, 0x0A, 0x60, 0x2E, 0x10, 0x00, 0x47, 0x00, 0x56,
    0x47, 0x47, 0x18, 0xDD, 0xA2, 0x07, 0xDD, 0x91, 0x66, 0x47, 0x47, 0x00, 0x47, 0x00, 0x00, 0x0E,
    0x20, 0x00, 0x00, 0x0E, 0x20, 0x00, 0x00, 0x0E, 0x20, 0x00, 0xCE, 0xEF, 0xEE, 0xE1, 0x12, 0x2E,
    0x32, 0x20, 0x00, 0x0E, 0x20, 0x00, 0x00, 0x0E, 0x20, 0x00, 0x1D, 0x60, 0x0C, 0x60, 0x0B, 0x20,
    0x0C, 0x00, 0x1E, 0xEE, 0xE2, 0x02, 0x22, 0x20, 0x0B, 0x40, 0x1D, 0x60, 0x00, 0x00, 0x04, 0xB0,
    0x00, 0x00, 0x09, 0x60, 0x00, 0x00, 0x0E, 0x20, 0x00, 0x00, 0x4B, 0x00, 0x00, 0x00, 0x97, 0x00,
    0x00, 0x00, 0xE2, 0x00, 0x00, 0x04, 0xC0, 0x00, 0x00, 0x09, 0x70, 0x00, 0x00, 0x0E, 0x20, 0x00,
    0x00, 0x4C, 0x00, 0x00, 0x00, 0x97, 0x00, 0x00, 0x00, 0xE2, 0x00, 0x00, 0x04, 0xC0, 0x00, 0x00,
    0x09, 0x70, 0x00, 0x00, 0x0E, 0x20, 0x00, 0x00, 0x4C, 0x00, 0x00, 0x00, 0x00, 0x18, 0xDE, 0xC4,
    0x00, 0x00, 0xBB, 0x31, 0x5E, 0x60, 0x06, 0xC0, 0x00, 0x04, 0xE1, 0x0C, 0x50, 0x00, 0x00, 0xB6,
    0x1F, 0x20, 0x00, 0x00, 0x8A, 0x2F, 0x00, 0x00, 0x00, 0x7B, 0x2F, 0x00, 0x00, 0x00, 0x7B, 0x1F,
    0x20, 0x00, 0x00, 0x8A, 0x0C, 0x50, 0x00, 0x00, 0xB6, 0x06, 0xC0, 0x00, 0x03, 0xE1, 0x00, 0xBA,
    0x31, 0x5E, 0x60, 0x00, 0x18, 0xDE, 0xC4, 0x00, 0xDF, 0xFE, 0x00, 0x4E, 0x00, 0x3E, 0x00, 0x3E,
    0x00, 0x3E, 0x00, 0x3E, 0x00, 0x3E, 0x00, 0x3E, 0x00, 0x3E, 0x00, 0x3E, 0x00, 0x3E, 0x00, 0x3E,
    0x05, 0xBE, 0xEC, 0x60, 0x00, 0x6E, 0x61, 0x15, 0xE7, 0x00, 0x12, 0x00, 0x00, 0x6D, 0x00, 0x00,
    0x00, 0x00, 0x4E, 0x00, 0x00, 0x00, 0x00, 0x7B, 0x00, 0x00, 0x00, 0x02, 0xE4, 0x00, 0x00, 0x00,
    0x1D, 0x80, 0x00, 0x00, 0x01, 0xC9, 0x00, 0x00, 0x00, 0x1C, 0xA0, 0x00, 0x00, 0x00, 0xBA, 0x00,
    0x00, 0x00, 0x0B, 0xB1, 0x00, 0x00, 0x00, 0x5F, 0xFF, 0xFF, 0xFF, 0x70, 0x6F, 0xFF, 0xFF, 0xFC,
    0x00, 0x00, 0x00, 0x02, 0xE5, 0x00, 0x00, 0x00, 0x0C, 0x80, 0x00, 0x00, 0x00, 0x8C, 0x00, 0x00,
    0x00, 0x04, 0xE2, 0x00, 0x00, 0x00, 0x0B, 0xEC, 0x70, 0x00, 0x00, 0x01, 0x36, 0xDA, 0x00, 0x00,
    0x00, 0x00, 0x3F, 0x10, 0x00, 0x00, 0x00, 0x0F, 0x30, 0x20, 0x00, 0x00, 0x3F, 0x10, 0xAC, 0x51,
    0x14, 0xD8, 0x00, 0x06, 0xCE, 0xFD, 0x70, 0x00, 0x00, 0x00, 0x00, 0xC8, 0x00, 0x00, 0x00, 0x00,
    0x08, 0xC0, 0x00, 0x00, 0x00, 0x00, 0x3E, 0x20, 0x00, 0x00, 0x00, 0x01, 0xD5, 0x00, 0x00, 0x00,
    0x00, 0x0A, 0xA0, 0x00, 0x00, 0x00, 0x00, 0x6D, 0x10, 0x0F, 0x20, 0x00, 0x02, 0xE4, 0x00, 0x0F,
    0x20, 0x00, 0x0C, 0x80, 0x00, 0x0F, 0x20, 0x00, 0x5F, 0xEE, 0xEE, 0xEF, 0xEE, 0x50, 0x12, 0x22,
    0x22, 0x3F, 0x42, 0x10, 0x00, 0x00, 0x00, 0x1F, 0x20, 0x00, 0x00, 0x00, 0x00, 0x1F, 0x20, 0x00,
    0x05, 0xFF, 0xFF, 0xFD, 0x00, 0x06, 0xA0, 0x00, 0x00, 0x00, 0x08, 0x90, 0x00, 0x00, 0x00, 0x09,
    0x70, 0x00, 0x00, 0x00, 0x0B, 0x60, 0x00, 0x00, 0x00, 0x0C, 0xEE, 0xDB, 0x70, 0x00, 0x01, 0x22,
    0x36, 0xCB, 0x00, 0x00, 0x00, 0x00, 0x1E, 0x40, 0x00, 0x00, 0x00, 0x0C, 0x60, 0x11, 0x00, 0x00,
    0x1E, 0x40, 0x6D, 0x62, 0x13, 0xBC, 0x00, 0x05, 0xBE, 0xFD, 0x81, 0x00, 0x00, 0x06, 0xCE, 0xEC,
    0x40, 0x00, 0xAD, 0x51, 0x15, 0x30, 0x05, 0xD1, 0x00, 0x00, 0x00, 0x0C, 0x60, 0x00, 0x00, 0x00,
    0x0F, 0x20, 0x00, 0x00, 0x00, 0x2F, 0x16, 0xCD, 0xC6, 0x00, 0x2F, 0x9A, 0x32, 0x5D, 0x90, 0x1F,
    0xB0, 0x00, 0x03, 0xF1, 0x0D, 0x70, 0x00, 0x00, 0xE3, 0x08, 0xA0, 0x00, 0x02, 0xF1, 0x01, 0xD8,
    0x21, 0x4C, 0x90, 0x00, 0x19, 0xEF, 0xD7, 0x00, 0x7F, 0xFF, 0xFF, 0xFF, 0xB0, 0x7A, 0x00, 0x00,
    0x0C, 0x70, 0x7A, 0x00, 0x00, 0x3E, 0x10, 0x23, 0x00, 0x00, 0xA9, 0x00, 0x00, 0x00, 0x01, 0xF3,
    0x00, 0x00, 0x00, 0x07, 0xC0, 0x00, 0x00, 0x00, 0x0D, 0x50, 0x00, 0x00, 0x00, 0x5E, 0x00, 0x00,
    0x00, 0x00, 0xB8, 0x00, 0x00, 0x00, 0x02, 0xF2, 0x00, 0x00, 0x00, 0x09, 0xA0, 0x00, 0x00, 0x00,
    0x1E, 0x40, 0x00, 0x00, 0x00, 0x5C, 0xEE, 0xC6, 0x00, 0x05, 0xE6, 0x21, 0x5D, 0x80, 0x0B, 0x70,
    0x00, 0x04, 0xE0, 0x0B, 0x60, 0x00, 0x03, 0xF0, 0x06, 0xE4, 0x00, 0x3C, 0x80, 0x00, 0x8F, 0xFF,
    0xFB, 0x00, 0x07, 0xE6, 0x32, 0x5D, 0xA0, 0x1F, 0x40, 0x00, 0x01, 0xE4, 0x3F, 0x00, 0x00, 0x00,
    0xC6, 0x1F, 0x30, 0x00, 0x01, 0xE4, 0x09, 0xD5, 0x11, 0x4C, 0xB0, 0x00, 0x5C, 0xEE, 0xC7, 0x10,
    0x01, 0x9E, 0xFD, 0x70, 0x00, 0x0C, 0xA3, 0x13, 0xBA, 0x00, 0x5D, 0x00, 0x00, 0x1E, 0x40, 0x7A,
    0x00, 0x00, 0x0B, 0x90, 0x6C, 0x00, 0x00, 0x0D, 0xC0, 0x1D, 0x91, 0x01, 0xAB, 0xD0, 0x02, 0xBF,
    0xEE, 0x74, 0xD0, 0x00, 0x00, 0x10, 0x06, 0xB0, 0x00, 0x00, 0x00, 0x0A, 0x70, 0x00, 0x00, 0x00,
    0x3E, 0x20, 0x04, 0x31, 0x26, 0xE6, 0x00, 0x07, 0xDF, 0xEB, 0x40, 0x00, 0x0B, 0x40, 0x1D, 0x60,
    0x00, 0x00, 0x00, 0x00, 0x00, 0x00, 0x00, 0x00, 0x00, 0x00, 0x0B, 0x40, 0x1D, 0x60, 0x0B, 0x40,
    0x1D, 0x60, 0x00, 0x00, 0x00, 0x00, 0x00, 0x00, 0x00, 0x00, 0x00, 0x00, 0x1D, 0x60, 0x0C, 0x60,
    0x0B, 0x20, 0x0C, 0x00, 0x00, 0x00, 0x04, 0xA1, 0x00, 0x17, 0xDB, 0x50, 0x4A, 0xD7, 0x20, 0x00,
    0xDB, 0x20, 0x00, 0x00, 0x17, 0xDA, 0x40, 0x00, 0x00, 0x04, 0xAD, 0x80, 0x00, 0x00, 0x01, 0x71,
    0xCE, 0xEE, 0xEE, 0xE1, 0x12, 0x22, 0x22, 0x20, 0x00, 0x00, 0x00, 0x00, 0x00, 0x00, 0x00, 0x00,
    0xCE, 0xEE, 0xEE, 0xE1, 0x12, 0x22, 0x22, 0x20, 0xA5, 0x00, 0x00, 0x00, 0x39, 0xD8, 0x20, 0x00,
    0x00, 0x16, 0xCB, 0x50, 0x00, 0x00, 0x19, 0xF1, 0x00, 0x39, 0xD8, 0x20, 0x6C, 0xB5, 0x00, 0x00,
    0x72, 0x00, 0x00, 0x00, 0x05, 0xBE, 0xEC, 0x60, 0x7D, 0x51, 0x15, 0xE6, 0x12, 0x00, 0x00, 0x7C,
    0x00, 0x00, 0x00, 0x6C, 0x00, 0x00, 0x01, 0xC6, 0x00, 0x00, 0x1B, 0xA0, 0x00, 0x00, 0xAA, 0x00,
    0x00, 0x02, 0xF1, 0x00, 0x00, 0x01, 0x40, 0x00, 0x00, 0x00, 0x00, 0x00, 0x00, 0x03, 0xB1, 0x00,
    0x00, 0x04, 0xE1, 0x00, 0x00, 0x00, 0x18, 0xCE, 0xFD, 0xA5, 0x00, 0x00, 0x00, 0x06, 0xE9, 0x42,
    0x13, 0x6C, 0xC2, 0x00, 0x00, 0x6D, 0x20, 0x00, 0x00, 0x00, 0x6D, 0x10, 0x02, 0xD2, 0x01, 0xAE,
    0xEA, 0x2C, 0x46, 0xA0, 0x09, 0x60, 0x1D, 0x92, 0x15, 0xCD, 0x40, 0xC3, 0x0D, 0x10, 0x8A, 0x00,
    0x00, 0x4F, 0x40, 0x67, 0x1C, 0x00, 0xC4, 0x00, 0x00, 0x0D, 0x40, 0x4A, 0x2B, 0x00, 0xD2, 0x00,
    0x00, 0x0C, 0x40, 0x2A, 0x1C, 0x00, 0xC4, 0x00, 0x00, 0x0E, 0x40, 0x39, 0x0D, 0x10, 0x8A, 0x00,
    0x00, 0x5F, 0x40, 0x67, 0x09, 0x60, 0x1D, 0x92, 0x16, 0xCB, 0x82, 0xC2, 0x02, 0xD1, 0x01, 0xAE,
    0xEA, 0x23, 0xDE, 0x60, 0x00, 0x6C, 0x20, 0x00, 0x00, 0x00, 0x00, 0x00, 0x00, 0x06, 0xE8, 0x41,
    0x12, 0x64, 0x00, 0x00, 0x00, 0x00, 0x28, 0xCE, 0xED, 0x82, 0x00, 0x00, 0x00, 0x00, 0x1F, 0x80,
    0x00, 0x00, 0x00, 0x00, 0x7D, 0xE0, 0x00, 0x00, 0x00, 0x00, 0xD4, 0xC6, 0x00, 0x00, 0x00, 0x05,
    0xD0, 0x6C, 0x00, 0x00, 0x00, 0x0C, 0x70, 0x1E, 0x30, 0x00, 0x00, 0x3F, 0x20, 0x09, 0xA0, 0x00,
    0x00, 0x9A, 0x00, 0x03, 0xF2, 0x00, 0x01, 0xF4, 0x00, 0x00, 0xC8, 0x00, 0x07, 0xFE, 0xEE, 0xEE,
    0xFE, 0x00, 0x0D, 0x72, 0x22, 0x22, 0x2E, 0x60, 0x5E, 0x10, 0x00, 0x00, 0x08, 0xC0, 0xB7, 0x00,
    0x00, 0x00, 0x01, 0xE3, 0x3F, 0xFF, 0xFF, 0xEB, 0x30, 0x00, 0x3F, 0x10, 0x01, 0x28, 0xF3, 0x00,
    0x3F, 0x00, 0x00, 0x00, 0xB8, 0x00, 0x3F, 0x00, 0x00, 0x00, 0xA8, 0x00, 0x3F, 0x00, 0x00, 0x06,
    0xE2, 0x00, 0x3F, 0xEE, 0xEE, 0xFF, 0x60, 0x00, 0x3F, 0x22, 0x22, 0x36, 0xD7, 0x00, 0x3F, 0x00,
    0x00, 0x00, 0x4E, 0x10, 0x3F, 0x00, 0x00, 0x00, 0x1F, 0x20, 0x3F, 0x00, 0x00, 0x00, 0x3F, 0x10,
    0x3F, 0x10, 0x00, 0x14, 0xDA, 0x00, 0x3F, 0xFF, 0xFF, 0xFD, 0x70, 0x00, 0x00, 0x02, 0x9D, 0xFE,
    0xB4, 0x00, 0x00, 0x4E, 0x93, 0x12, 0x6E, 0x70, 0x02, 0xE6, 0x00, 0x00, 0x02, 0x20, 0x0A, 0xA0,
    0x00, 0x00, 0x00, 0x00, 0x0E, 0x30, 0x00, 0x00, 0x00, 0x00, 0x2F, 0x10, 0x00, 0x00, 0x00, 0x00,
    0x2F, 0x10, 0x00, 0x00, 0x00, 0x00, 0x0E, 0x30, 0x00, 0x00, 0x00, 0x00, 0x0A, 0xA0, 0x00, 0x00,
    0x00, 0x00, 0x02, 0xE6, 0x00, 0x00, 0x01, 0x20, 0x00, 0x4E, 0x93, 0x12, 0x6D, 0x70, 0x00, 0x02,
    0x9D, 0xFE, 0xB5, 0x00, 0x3F, 0xFF, 0xFF, 0xDA, 0x30, 0x00, 0x3F, 0x10, 0x01, 0x38, 0xE7, 0x00,
    0x3F, 0x00, 0x00, 0x00, 0x3E, 0x50, 0x3F, 0x00, 0x00, 0x00, 0x06, 0xD0, 0x3F, 0x00, 0x00, 0x00,
    0x01, 0xE3, 0x3F, 0x00, 0x00, 0x00, 0x00, 0xD5, 0x3F, 0x00, 0x00, 0x00, 0x00, 0xD5, 0x3F, 0x00,
    0x00, 0x00, 0x01, 0xE3, 0x3F, 0x00, 0x00, 0x00, 0x06, 0xD0, 0x3F, 0x00, 0x00, 0x00, 0x3E, 0x50,
    0x3F, 0x10, 0x01, 0x37, 0xE7, 0x00, 0x3F, 0xFF, 0xFF, 0xDA, 0x30, 0x00, 0x3F, 0xFF, 0xFF, 0xFF,
    0x80, 0x3F, 0x10, 0x00, 0x00, 0x00, 0x3F, 0x00, 0x00, 0x00, 0x00, 0x3F, 0x00, 0x00, 0x00, 0x00,
    0x3F, 0x00, 0x00, 0x00, 0x00, 0x3F, 0xEE, 0xEE, 0xEB, 0x00, 0x3F, 0x22, 0x22, 0x21, 0x00, 0x3F,
    0x00, 0x00, 0x00, 0x00, 0x3F, 0x00, 0x00, 0x00, 0x00, 0x3F, 0x00, 0x00, 0x00, 0x00, 0x3F, 0x10,
    0x00, 0x00, 0x00, 0x3F, 0xFF, 0xFF, 0xFF, 0xB0, 0x3F, 0xFF, 0xFF, 0xFF, 0x80, 0x3F, 0x10, 0x00,
    0x00, 0x00, 0x3F, 0x00, 0x00, 0x00, 0x00, 0x3F, 0x00, 0x00, 0x00, 0x00, 0x3F, 0x00, 0x00, 0x00,
    0x00, 0x3F, 0x00, 0x00, 0x00, 0x00, 0x3F, 0xEE, 0xEE, 0xEB, 0x00, 0x3F, 0x22, 0x22, 0x21, 0x00,
    0x3F, 0x00, 0x00, 0x00, 0x00, 0x3F, 0x00, 0x00, 0x00, 0x00, 0x3F, 0x00, 0x00, 0x00, 0x00, 0x3F,
    0x00, 0x00, 0x00, 0x00, 0x00, 0x02, 0x8D, 0xFE, 0xB5, 0x00, 0x00, 0x4E, 0x93, 0x12, 0x5D, 0x90,
    0x02, 0xE6, 0x00, 0x00, 0x01, 0x30, 0x0A, 0xA0, 0x00, 0x00, 0x00, 0x00, 0x0E, 0x30, 0x00, 0x00,
    0x00, 0x00, 0x2F, 0x10, 0x00, 0x00, 0x00, 0x00, 0x2F, 0x10, 0x00, 0x00, 0x04, 0xC0, 0x0E, 0x30,
    0x00, 0x00, 0x04, 0xD0, 0x0A, 0xA0, 0x00, 0x00, 0x04, 0xD0, 0x02, 0xE6, 0x00, 0x00, 0x04, 0xD0,
    0x00, 0x4E, 0x93, 0x12, 0x5C, 0xB0, 0x00, 0x02, 0x9D, 0xFE, 0xC6, 0x00, 0x3F, 0x00, 0x00, 0x00,
    0x0F, 0x30, 0x3F, 0x00, 0x00, 0x00, 0x0F, 0x30, 0x3F, 0x00, 0x00, 0x00, 0x0F, 0x30, 0x3F, 0x00,
    0x00, 0x00, 0x0F, 0x30, 0x3F, 0x00, 0x00, 0x00, 0x0F, 0x30, 0x3F, 0xEE, 0xEE, 0xEE, 0xEF, 0x30,
    0x3F, 0x22, 0x22, 0x22, 0x2F, 0x30, 0x3F, 0x00, 0x00, 0x00, 0x0F, 0x30, 0x3F, 0x00, 0x00, 0x00,
    0x0F, 0x30, 0x3F, 0x00, 0x00, 0x00, 0x0F, 0x30, 0x3F, 0x00, 0x00, 0x00, 0x0F, 0x30, 0x3F, 0x00,
    0x00, 0x00, 0x0F, 0x30, 0x3F, 0x00, 0x3F, 0x00, 0x3F, 0x00, 0x3F, 0x00, 0x3F, 0x00, 0x3F, 0x00,
    0x3F, 0x00, 0x3F, 0x00, 0x3F, 0x00, 0x3F, 0x00, 0x3F, 0x00, 0x3F, 0x00, 0x00, 0xFF, 0xFF, 0xF4,
    0x00, 0x00, 0x00, 0xD4, 0x00, 0x00, 0x00, 0xD4, 0x00, 0x00, 0x00, 0xD4, 0x00, 0x00, 0x00, 0xD4,
    0x00, 0x00, 0x00, 0xD4, 0x00, 0x00, 0x00, 0xD4, 0x00, 0x00, 0x00, 0xD4, 0x00, 0x00, 0x00, 0xE4,
    0x03, 0x00, 0x01, 0xF2, 0x0D, 0x92, 0x2A, 0xB0, 0x02, 0xAE, 0xEA, 0x20, 0x3F, 0x00, 0x00, 0x01,
    0xC7, 0x00, 0x3F, 0x00, 0x00, 0x0B, 0x90, 0x00, 0x3F, 0x00, 0x00, 0xAB, 0x00, 0x00, 0x3F, 0x00,
    0x09, 0xC1, 0x00, 0x00, 0x3F, 0x00, 0x7D, 0x20, 0x00, 0x00, 0x3F, 0x06, 0xF5, 0x00, 0x00, 0x00,
    0x3F, 0x5E, 0xBC, 0x10, 0x00, 0x00, 0x3F, 0xE5, 0x0C, 0xA0, 0x00, 0x00, 0x3F, 0x60, 0x01, 0xD7,
    0x00, 0x00, 0x3F, 0x00, 0x00, 0x3E, 0x40, 0x00, 0x3F, 0x00, 0x00, 0x05, 0xE2, 0x00, 0x3F, 0x00,
    0x00, 0x00, 0x8C, 0x10, 0x3F, 0x00, 0x00, 0x00, 0x00, 0x3F, 0x00, 0x00, 0x00, 0x00, 0x3F, 0x00,
    0x00, 0x00, 0x00, 0x3F, 0x00, 0x00, 0x00, 0x00, 0x3F, 0x00, 0x00, 0x00, 0x00, 0x3F, 0x00, 0x00,
    0x00, 0x00, 0x3F, 0x00, 0x00, 0x00, 0x00, 0x3F, 0x00, 0x00, 0x00, 0x00, 0x3F, 0x00, 0x00, 0x00,
    0x00, 0x3F, 0x00, 0x00, 0x00, 0x00, 0x3F, 0x10, 0x00, 0x00, 0x00, 0x3F, 0xFF, 0xFF, 0xFF, 0x40,
    0x3E, 0x20, 0x00, 0x00, 0x00, 0x0C, 0x70, 0x3F, 0x90, 0x00, 0x00, 0x00, 0x5F, 0x70, 0x3F, 0xE3,
    0x00, 0x00, 0x00, 0xDE, 0x70, 0x3E, 0x8B, 0x00, 0x00, 0x06, 0xCA, 0x70, 0x3E, 0x1E, 0x40, 0x00,
    0x1E, 0x3A, 0x70, 0x3E, 0x06, 0xC0, 0x00, 0x7A, 0x0A, 0x70, 0x3E, 0x00, 0xD5, 0x01, 0xE2, 0x0A,
    0x70, 0x3E, 0x00, 0x5D, 0x09, 0x80, 0x0A, 0x70, 0x3E, 0x00, 0x0B, 0x8E, 0x10, 0x0A, 0x70, 0x3E,
    0x00, 0x03, 0xF7, 0x00, 0x0A, 0x70, 0x3E, 0x00, 0x00, 0x60, 0x00, 0x0A, 0x70, 0x3E, 0x00, 0x00,
    0x00, 0x00, 0x0A, 0x70, 0x3F, 0x30, 0x00, 0x00, 0x0F, 0x30, 0x3F, 0xD1, 0x00, 0x00, 0x0F, 0x30,
    0x3F, 0xDA, 0x00, 0x00, 0x0F, 0x30, 0x3F, 0x3E, 0x60, 0x00, 0x0F, 0x30, 0x3F, 0x06, 0xE2, 0x00,
    0x0F, 0x30, 0x3F, 0x00, 0xAC, 0x10, 0x0F, 0x30, 0x3F, 0x00, 0x1D, 0x90, 0x0F, 0x30, 0x3F, 0x00,
    0x03, 0xF5, 0x0F, 0x30, 0x3F, 0x00, 0x00, 0x6E, 0x2F, 0x30, 0x3F, 0x00, 0x00, 0x0A, 0xCF, 0x30,
    0x3F, 0x00, 0x00, 0x01, 0xDF, 0x30, 0x3F, 0x00, 0x00, 0x00, 0x3F, 0x30, 0x00, 0x02, 0x9D, 0xFE,
    0xB5, 0x00, 0x00, 0x00, 0x4E, 0x93, 0x12, 0x6D, 0xA0, 0x00, 0x02, 0xE5, 0x00, 0x00, 0x01, 0xD8,
    0x00, 0x0A, 0x90, 0x00, 0x00, 0x00, 0x3F, 0x20, 0x0E, 0x30, 0x00, 0x00, 0x00, 0x0C, 0x60, 0x2F,
    0x10, 0x00, 0x00, 0x00, 0x0A, 0x80, 0x2F, 0x10, 0x00, 0x00, 0x00, 0x0A, 0x80, 0x0E, 0x30, 0x00,
    0x00, 0x00, 0x0C, 0x60, 0x0A, 0x90, 0x00, 0x00, 0x00, 0x3F, 0x20, 0x02, 0xE5, 0x00, 0x00, 0x01,
    0xD8, 0x00, 0x00, 0x4E, 0x93, 0x12, 0x6D, 0xA0, 0x00, 0x00, 0x02, 0x9D, 0xFE, 0xB5, 0x00, 0x00,
    0x3F, 0xFF, 0xFF, 0xC7, 0x00, 0x3F, 0x10, 0x02, 0x4C, 0xB0, 0x3F, 0x00, 0x00, 0x01, 0xE5, 0x3F,
    0x00, 0x00, 0x00, 0xA8, 0x3F, 0x00, 0x00, 0x00, 0xA8, 0x3F, 0x00, 0x00, 0x01, 0xE5, 0x3F, 0x00,
    0x00, 0x3B, 0xC0, 0x3F, 0xEE, 0xEF, 0xE9, 0x10, 0x3F, 0x22, 0x21, 0x00, 0x00, 0x3F, 0x00, 0x00,
    0x00, 0x00, 0x3F, 0x00, 0x00, 0x00, 0x00, 0x3F, 0x00, 0x00, 0x00, 0x00, 0x00, 0x02, 0x9D, 0xFE,
    0xB5, 0x00, 0x00, 0x00, 0x4E, 0x93, 0x12, 0x6D, 0xA0, 0x00, 0x02, 0xE5, 0x00, 0x00, 0x01, 0xD8,
    0x00, 0x0A, 0x90, 0x00, 0x00, 0x00, 0x3F, 0x20, 0x0E, 0x30, 0x00, 0x00, 0x00, 0x0C, 0x60, 0x2F,
    0x10, 0x00, 0x00, 0x00, 0x0A, 0x80, 0x2F, 0x10, 0x00, 0x00, 0x00, 0x0A, 0x80, 0x0E, 0x30, 0x00,
    0x00, 0x00, 0x0C, 0x60, 0x0A, 0x90, 0x00, 0x00, 0x00, 0x3F, 0x10, 0x02, 0xE5, 0x00, 0x00, 0x01,
    0xD8, 0x00, 0x00, 0x5E, 0x93, 0x12, 0x6D, 0xA0, 0x00, 0x00, 0x02, 0x9D, 0xFF, 0xB5, 0x00, 0x00,
    0x00, 0x00, 0x00, 0x2D, 0xA2, 0x03, 0x90, 0x00, 0x00, 0x00, 0x01, 0x9E, 0xEE, 0x50, 0x00, 0x00,
    0x00, 0x00, 0x00, 0x10, 0x00, 0x3F, 0xFF, 0xFF, 0xC7, 0x00, 0x3F, 0x10, 0x02, 0x4C, 0xB0, 0x3F,
    0x00, 0x00, 0x01, 0xE5, 0x3F, 0x00, 0x00, 0x00, 0xA8, 0x3F, 0x00, 0x00, 0x00, 0xA8, 0x3F, 0x00,
    0x00, 0x01, 0xE5, 0x3F, 0x00, 0x00, 0x3B, 0xC0, 0x3F, 0xEE, 0xEF, 0xF9, 0x10, 0x3F, 0x22, 0x21,
    0xC7, 0x00, 0x3F, 0x00, 0x00, 0x3E, 0x20, 0x3F, 0x00, 0x00, 0x08, 0xC0, 0x3F, 0x00, 0x00, 0x00,
    0xC7, 0x00, 0x5C, 0xEF, 0xD8, 0x20, 0x06, 0xE5, 0x21, 0x49, 0x60, 0x0D, 0x50, 0x00, 0x00, 0x00,
    0x0E, 0x40, 0x00, 0x00, 0x00, 0x0A, 0xC2, 0x00, 0x00, 0x00, 0x01, 0xBF, 0xB7, 0x20, 0x00, 0x00,
    0x03, 0x7C, 0xFB, 0x10, 0x00, 0x00, 0x00, 0x2B, 0xC0, 0x00, 0x00, 0x00, 0x02, 0xF1, 0x03, 0x00,
    0x00, 0x04, 0xE0, 0x1E, 0x94, 0x11, 0x5D, 0x80, 0x02, 0x8D, 0xFE, 0xC6, 0x00, 0xEF, 0xFF, 0xFF,
    0xFF, 0xF2, 0x00, 0x00, 0xF3, 0x00, 0x00, 0x00, 0x00, 0xF3, 0x00, 0x00, 0x00, 0x00, 0xF3, 0x00,
    0x00, 0x00, 0x00, 0xF3, 0x00, 0x00, 0x00, 0x00, 0xF3, 0x00, 0x00, 0x00, 0x00, 0xF3, 0x00, 0x00,
    0x00, 0x00, 0xF3, 0x00, 0x00, 0x00, 0x00, 0xF3, 0x00, 0x00, 0x00, 0x00, 0xF3, 0x00, 0x00, 0x00,
    0x00, 0xF3, 0x00, 0x00, 0x00, 0x00, 0xF3, 0x00, 0x00, 0x4E, 0x00, 0x00, 0x00, 0x3E, 0x4E, 0x00,
    0x00, 0x00, 0x3E, 0x4E, 0x00, 0x00, 0x00, 0x3E, 0x4E, 0x00, 0x00, 0x00, 0x3E, 0x4E, 0x00, 0x00,
    0x00, 0x3E, 0x4E, 0x00, 0x00, 0x00, 0x3E, 0x4E, 0x00, 0x00, 0x00, 0x3E, 0x3E, 0x00, 0x00, 0x00,
    0x4D, 0x1F, 0x20, 0x00, 0x00, 0x6B, 0x0C, 0x80, 0x00, 0x00, 0xC6, 0x03, 0xE8, 0x31, 0x4B, 0xC0,
    0x00, 0x3A, 0xEF, 0xD8, 0x10, 0xB8, 0x00, 0x00, 0x00, 0x04, 0xE0, 0x5E, 0x00, 0x00, 0x00, 0x0A,
    0x80, 0x0E, 0x50, 0x00, 0x00, 0x2F, 0x20, 0x08, 0xB0, 0x00, 0x00, 0x8A, 0x00, 0x02, 0xF3, 0x00,
    0x00, 0xE4, 0x00, 0x00, 0xA9, 0x00, 0x05, 0xD0, 0x00, 0x00, 0x4E, 0x10, 0x0B, 0x70, 0x00, 0x00,
    0x0D, 0x60, 0x3E, 0x10, 0x00, 0x00, 0x07, 0xC0, 0x99, 0x00, 0x00, 0x00, 0x01, 0xE4, 0xE3, 0x00,
    0x00, 0x00, 0x00, 0x9E, 0xC0, 0x00, 0x00, 0x00, 0x00, 0x3F, 0x60, 0x00, 0x00, 0x4E, 0x00, 0x00,
    0x00, 0xCA, 0x00, 0x00, 0x02, 0xF1, 0x0E, 0x40, 0x00, 0x02, 0xFE, 0x00, 0x00, 0x06, 0xB0, 0x09,
    0x90, 0x00, 0x06, 0xAE, 0x40, 0x00, 0x0B, 0x60, 0x05, 0xE0, 0x00, 0x0B, 0x59, 0x90, 0x00, 0x1F,
    0x20, 0x00, 0xE3, 0x00, 0x1E, 0x14, 0xE0, 0x00, 0x5C, 0x00, 0x00, 0xA8, 0x00, 0x6B, 0x00, 0xE3,
    0x00, 0xA7, 0x00, 0x00, 0x5D, 0x00, 0xB6, 0x00, 0x98, 0x00, 0xE2, 0x00, 0x00, 0x1F, 0x21, 0xE1,
    0x00, 0x4D, 0x05, 0xD0, 0x00, 0x00, 0x0B, 0x75, 0xB0, 0x00, 0x0E, 0x39, 0x80, 0x00, 0x00, 0x06,
    0xCA, 0x60, 0x00, 0x0A, 0x8E, 0x30, 0x00, 0x00, 0x02, 0xFE, 0x10, 0x00, 0x05, 0xED, 0x00, 0x00,
    0x00, 0x00, 0xCB, 0x00, 0x00, 0x01, 0xE9, 0x00, 0x00, 0x2E, 0x40, 0x00, 0x00, 0xA9, 0x00, 0x07,
    0xD1, 0x00, 0x06, 0xD1, 0x00, 0x00, 0xB9, 0x00, 0x2E, 0x40, 0x00, 0x00, 0x2E, 0x40, 0xB8, 0x00,
    0x00, 0x00, 0x06, 0xD7, 0xD0, 0x00, 0x00, 0x00, 0x00, 0xBF, 0x30, 0x00, 0x00, 0x00, 0x01, 0xDF,
    0x60, 0x00, 0x00, 0x00, 0x09, 0xB4, 0xE2, 0x00, 0x00, 0x00, 0x4E, 0x20, 0x9C, 0x00, 0x00, 0x01,
    0xE5, 0x00, 0x1D, 0x70, 0x00, 0x0A, 0xA0, 0x00, 0x03, 0xE3, 0x00, 0x6E, 0x10, 0x00, 0x00, 0x8D,
    0x00, 0xB8, 0x00, 0x00, 0x00, 0x5D, 0x00, 0x2E, 0x20, 0x00, 0x00, 0xD4, 0x00, 0x09, 0xA0, 0x00,
    0x07, 0xB0, 0x00, 0x01, 0xE4, 0x00, 0x1E, 0x20, 0x00, 0x00, 0x6C, 0x00, 0x99, 0x00, 0x00, 0x00,
    0x0D, 0x62, 0xE1, 0x00, 0x00, 0x00, 0x04, 0xEB, 0x70, 0x00, 0x00, 0x00, 0x00, 0xBD, 0x00, 0x00,
    0x00, 0x00, 0x00, 0x8A, 0x00, 0x00, 0x00, 0x00, 0x00, 0x8A, 0x00, 0x00, 0x00, 0x00, 0x00, 0x8A,
    0x00, 0x00, 0x00, 0x00, 0x00, 0x8A, 0x00, 0x00, 0x00, 0x3F, 0xFF, 0xFF, 0xFF, 0xFB, 0x00, 0x00,
    0x00, 0x04, 0xF3, 0x00, 0x00, 0x00, 0x1D, 0x70, 0x00, 0x00, 0x00, 0xAB, 0x00, 0x00, 0x00, 0x06,
    0xE2, 0x00, 0x00, 0x00, 0x2E, 0x40, 0x00, 0x00, 0x00, 0xC8, 0x00, 0x00, 0x00, 0x09, 0xC0, 0x00,
    0x00, 0x00, 0x5E, 0x20, 0x00, 0x00, 0x02, 0xE6, 0x00, 0x00, 0x00, 0x0B, 0xA0, 0x00, 0x00, 0x00,
    0x4F, 0xFF, 0xFF, 0xFF, 0xFE, 0x3F, 0xFB, 0x3E, 0x00, 0x3E, 0x00, 0x3E, 0x00, 0x3E, 0x00, 0x3E,
    0x00, 0x3E, 0x00, 0x3E, 0x00, 0x3E, 0x00, 0x3E, 0x00, 0x3E, 0x00, 0x3E, 0x00, 0x3E, 0x00, 0x3E,
    0x00, 0x3E, 0x00, 0x3F, 0xFB, 0x6A, 0x00, 0x00, 0x00, 0x1E, 0x00, 0x00, 0x00, 0x0B, 0x50, 0x00,
    0x00, 0x06, 0xA0, 0x00, 0x00, 0x01, 0xE0, 0x00, 0x00, 0x00, 0xB4, 0x00, 0x00, 0x00, 0x69, 0x00,
    0x00, 0x00, 0x1E, 0x00, 0x00, 0x00, 0x0B, 0x40, 0x00, 0x00, 0x06, 0x90, 0x00, 0x00, 0x02, 0xE0,
    0x00, 0x00, 0x00, 0xC4, 0x00, 0x00, 0x00, 0x79, 0x00, 0x00, 0x00, 0x2E, 0x00, 0x00, 0x00, 0x0C,
    0x40, 0x00, 0x00, 0x07, 0x90, 0xAF, 0xF4, 0x00, 0xD4, 0x00, 0xD4, 0x00, 0xD4, 0x00, 0xD4, 0x00,
    0xD4, 0x00, 0xD4, 0x00, 0xD4, 0x00, 0xD4, 0x00, 0xD4, 0x00, 0xD4, 0x00, 0xD4, 0x00, 0xD4, 0x00,
    0xD4, 0x00, 0xD4, 0xAF, 0xF4, 0x00, 0x1F, 0x50, 0x00, 0x00, 0x7A, 0xB0, 0x00, 0x00, 0xD1, 0xC2,
    0x00, 0x04, 0xA0, 0x77, 0x00, 0x0A, 0x40, 0x1D, 0x00, 0x1D, 0x00, 0x0A, 0x40, 0x77, 0x00, 0x04,
    0xA0, 0xEE, 0xEE, 0xEE, 0xEE, 0x22, 0x22, 0x22, 0x22, 0x4D, 0x40, 0x02, 0xC5, 0x02, 0x9D, 0xFD,
    0x70, 0x0A, 0x82, 0x14, 0xD6, 0x00, 0x00, 0x00, 0x6C, 0x00, 0x00, 0x00, 0x3E, 0x02, 0xAD, 0xEE,
    0xEE, 0x0D, 0x93, 0x22, 0x4E, 0x1F, 0x10, 0x00, 0x5E, 0x0D, 0x82, 0x15, 0xCE, 0x02, 0xBE, 0xEA,
    0x4E, 0x6B, 0x00, 0x00, 0x00, 0x00, 0x6B, 0x00, 0x00, 0x00, 0x00, 0x6B, 0x00, 0x00, 0x00, 0x00,
    0x6B, 0x00, 0x00, 0x00, 0x00, 0x6B, 0x2B, 0xEE, 0xA2, 0x00, 0x6C, 0xD5, 0x12, 0x8E, 0x20, 0x6F,
    0x40, 0x00, 0x09, 0xA0, 0x6D, 0x00, 0x00, 0x03, 0xF0, 0x6B, 0x00, 0x00, 0x01, 0xF1, 0x6D, 0x00,
    0x00, 0x03, 0xF0, 0x6F, 0x40, 0x00, 0x09, 0xA0, 0x6C, 0xD5, 0x12, 0x8E, 0x20, 0x6A, 0x3B, 0xEE,
    0xA2, 0x00, 0x00, 0x3A, 0xEE, 0xB3, 0x00, 0x04, 0xE7, 0x21, 0x7E, 0x20, 0x0C, 0x70, 0x00, 0x03,
    0x00, 0x2F, 0x10, 0x00, 0x00, 0x00, 0x4E, 0x00, 0x00, 0x00, 0x00, 0x2F, 0x10, 0x00, 0x00, 0x00,
    0x0C, 0x70, 0x00, 0x02, 0x00, 0x03, 0xE7, 0x21, 0x6E, 0x20, 0x00, 0x3A, 0xEE, 0xB3, 0x00, 0x00,
    0x00, 0x00, 0x00, 0xD4, 0x00, 0x00, 0x00, 0x00, 0xD4, 0x00, 0x00, 0x00, 0x00, 0xD4, 0x00, 0x00,
    0x00, 0x00, 0xD4, 0x00, 0x3B, 0xEE, 0x91, 0xD4, 0x04, 0xE7, 0x21, 0x7C, 0xE4, 0x0D, 0x70, 0x00,
    0x06, 0xF4, 0x2F, 0x10, 0x00, 0x00, 0xF4, 0x4E, 0x00, 0x00, 0x00, 0xD4, 0x2F, 0x10, 0x00, 0x00,
    0xF4, 0x0D, 0x60, 0x00, 0x06, 0xF4, 0x04, 0xE7, 0x11, 0x7D, 0xD4, 0x00, 0x3B, 0xEE, 0xA2, 0xC4,
    0x00, 0x4B, 0xEE, 0x91, 0x00, 0x04, 0xE6, 0x12, 0x9C, 0x00, 0x0D, 0x50, 0x00, 0x0A, 0x70, 0x2E,
    0x00, 0x00, 0x04, 0xB0, 0x4F, 0xEE, 0xEE, 0xEE, 0xD0, 0x2E, 0x22, 0x22, 0x22, 0x10, 0x0C, 0x50,
    0x00, 0x00, 0x00, 0x03, 0xE7, 0x21, 0x4C, 0x20, 0x00, 0x3A, 0xEF, 0xC5, 0x00, 0x00, 0x4D, 0xEA,
    0x00, 0xE6, 0x14, 0x03, 0xE0, 0x00, 0x03, 0xD0, 0x00, 0xBF, 0xFF, 0xF7, 0x04, 0xE0, 0x00, 0x03,
    0xE0, 0x00, 0x03, 0xE0, 0x00, 0x03, 0xE0, 0x00, 0x03, 0xE0, 0x00, 0x03, 0xE0, 0x00, 0x03, 0xE0,
    0x00, 0x03, 0xE0, 0x00, 0x00, 0x3B, 0xEE, 0xA2, 0xB6, 0x04, 0xE7, 0x21, 0x6D, 0xC6, 0x0D, 0x70,
    0x00, 0x05, 0xF6, 0x2F, 0x10, 0x00, 0x00, 0xD6, 0x4E, 0x00, 0x00, 0x00, 0xB6, 0x2F, 0x10, 0x00,
    0x00, 0xD6, 0x0D, 0x70, 0x00, 0x05, 0xF6, 0x04, 0xE7, 0x21, 0x6D, 0xD6, 0x00, 0x3B, 0xEE, 0xA2,
    0xC5, 0x00, 0x00, 0x00, 0x01, 0xE2, 0x07, 0x94, 0x21, 0x4B, 0xA0, 0x01, 0x7C, 0xEF, 0xD7, 0x00,
    0x6B, 0x00, 0x00, 0x00, 0x00, 0x6B, 0x00, 0x00, 0x00, 0x00, 0x6B, 0x00, 0x00, 0x00, 0x00, 0x6B,
    0x00, 0x00, 0x00, 0x00, 0x6B, 0x3B, 0xED, 0x91, 0x00, 0x6D, 0xC4, 0x13, 0xCA, 0x00, 0x6F, 0x30,
    0x00, 0x2F, 0x20, 0x6C, 0x00, 0x00, 0x0D, 0x40, 0x6B, 0x00, 0x00, 0x0C, 0x50, 0x6B, 0x00, 0x00,
    0x0C, 0x50, 0x6B, 0x00, 0x00, 0x0C, 0x50, 0x6B, 0x00, 0x00, 0x0C, 0x50, 0x6B, 0x00, 0x00, 0x0C,
    0x50, 0x7C, 0x69, 0x00, 0x00, 0x6B, 0x6B, 0x6B, 0x6B, 0x6B, 0x6B, 0x6B, 0x6B, 0x6B, 0x00, 0x06,
    0xD0, 0x00, 0x05, 0xA0, 0x00, 0x00, 0x00, 0x00, 0x00, 0x00, 0x00, 0x05, 0xC0, 0x00, 0x05, 0xC0,
    0x00, 0x05, 0xC0, 0x00, 0x05, 0xC0, 0x00, 0x05, 0xC0, 0x00, 0x05, 0xC0, 0x00, 0x05, 0xC0, 0x00,
    0x05, 0xC0, 0x00, 0x05, 0xC0, 0x00, 0x06, 0xB0, 0x13, 0x1B, 0x80, 0x3D, 0xEB, 0x10, 0x6B, 0x00,
    0x00, 0x00, 0x00, 0x6B, 0x00, 0x00, 0x00, 0x00, 0x6B, 0x00, 0x00, 0x00, 0x00, 0x6B, 0x00, 0x00,
    0x00, 0x00, 0x6B, 0x00, 0x00, 0xBA, 0x00, 0x6B, 0x00, 0x1B, 0xA0, 0x00, 0x6B, 0x01, 0xBB, 0x00,
    0x00, 0x6B, 0x1B, 0xC1, 0x00, 0x00, 0x6C, 0xCC, 0xE3, 0x00, 0x00, 0x6F, 0xA0, 0x8D, 0x10, 0x00,
    0x6C, 0x00, 0x0C, 0x90, 0x00, 0x6B, 0x00, 0x02, 0xE5, 0x00, 0x6B, 0x00, 0x00, 0x4E, 0x20, 0x6B,
    0x6B, 0x6B, 0x6B, 0x6B, 0x6B, 0x6B, 0x6B, 0x6B, 0x6B, 0x6B, 0x6B, 0x6B, 0x6A, 0x4C, 0xED, 0x80,
    0x2A, 0xEE, 0xA2, 0x00, 0x6D, 0xC4, 0x14, 0xD9, 0xD7, 0x22, 0xAD, 0x00, 0x6F, 0x20, 0x00, 0x5F,
    0x80, 0x00, 0x0E, 0x40, 0x6C, 0x00, 0x00, 0x1F, 0x30, 0x00, 0x0B, 0x60, 0x6B, 0x00, 0x00, 0x0F,
    0x20, 0x00, 0x0A, 0x70, 0x6B, 0x00, 0x00, 0x0F, 0x20, 0x00, 0x0A, 0x70, 0x6B, 0x00, 0x00, 0x0F,
    0x20, 0x00, 0x0A, 0x70, 0x6B, 0x00, 0x00, 0x0F, 0x20, 0x00, 0x0A, 0x70, 0x6B, 0x00, 0x00, 0x0F,
    0x20, 0x00, 0x0A, 0x70, 0x6A, 0x3B, 0xED, 0x91, 0x00, 0x6C, 0xD4, 0x13, 0xCA, 0x00, 0x6F, 0x30,
    0x00, 0x2F, 0x20, 0x6C, 0x00, 0x00, 0x0D, 0x40, 0x6B, 0x00, 0x00, 0x0C, 0x50, 0x6B, 0x00, 0x00,
    0x0C, 0x50, 0x6B, 0x00, 0x00, 0x0C, 0x50, 0x6B, 0x00, 0x00, 0x0C, 0x50, 0x6B, 0x00, 0x00, 0x0C,
    0x50, 0x00, 0x3B, 0xEE, 0xB3, 0x00, 0x04, 0xE7, 0x21, 0x7E, 0x40, 0x0C, 0x70, 0x00, 0x06, 0xD0,
    0x2F, 0x10, 0x00, 0x00, 0xF3, 0x4E, 0x00, 0x00, 0x00, 0xD4, 0x2F, 0x10, 0x00, 0x00, 0xF3, 0x0C,
    0x60, 0x00, 0x06, 0xD0, 0x03, 0xE7, 0x11, 0x6E, 0x40, 0x00, 0x3B, 0xEE, 0xB3, 0x00, 0x6A, 0x2B,
    0xEE, 0xA2, 0x00, 0x6C, 0xD5, 0x12, 0x8E, 0x20, 0x6F, 0x40, 0x00, 0x09, 0xA0, 0x6D, 0x00, 0x00,
    0x03, 0xF0, 0x6B, 0x00, 0x00, 0x01, 0xF1, 0x6D, 0x00, 0x00, 0x03, 0xF0, 0x6F, 0x40, 0x00, 0x09,
    0xA0, 0x6D, 0xD5, 0x12, 0x8E, 0x20, 0x6B, 0x3B, 0xEE, 0xA2, 0x00, 0x6B, 0x00, 0x00, 0x00, 0x00,
    0x6B, 0x00, 0x00, 0x00, 0x00, 0x6B, 0x00, 0x00, 0x00, 0x00, 0x00, 0x3B, 0xEE, 0xA1, 0xC4, 0x04,
    0xE7, 0x21, 0x7C, 0xD4, 0x0D, 0x70, 0x00, 0x06, 0xF4, 0x2F, 0x10, 0x00, 0x00, 0xF4, 0x4E, 0x00,
    0x00, 0x00, 0xD4, 0x2F, 0x10, 0x00, 0x00, 0xF4, 0x0D, 0x60, 0x00, 0x06, 0xF4, 0x04, 0xE7, 0x11,
    0x7D, 0xE4, 0x00, 0x3B, 0xEE, 0xA2, 0xD4, 0x00, 0x00, 0x00, 0x00, 0xD4, 0x00, 0x00, 0x00, 0x00,
    0xD4, 0x00, 0x00, 0x00, 0x00, 0xD4, 0x6A, 0x4C, 0xC0, 0x6D, 0xC4, 0x10, 0x6F, 0x20, 0x00, 0x6D,
    0x00, 0x00, 0x6B, 0x00, 0x00, 0x6B, 0x00, 0x00, 0x6B, 0x00, 0x00, 0x6B, 0x00, 0x00, 0x6B, 0x00,
    0x00, 0x03, 0xBE, 0xEC, 0x70, 0x1E, 0x71, 0x15, 0x80, 0x4E, 0x00, 0x00, 0x00, 0x1E, 0x82, 0x00,
    0x00, 0x03, 0xBF, 0xDA, 0x30, 0x00, 0x00, 0x38, 0xE2, 0x00, 0x00, 0x00, 0xD4, 0x5A, 0x41, 0x16,
    0xE1, 0x18, 0xDF, 0xEB, 0x30, 0x03, 0xE0, 0x00, 0x03, 0xE0, 0x00, 0xBF, 0xFF, 0xF7, 0x04, 0xE0,
    0x00, 0x03, 0xE0, 0x00, 0x03, 0xE0, 0x00, 0x03, 0xE0, 0x00, 0x03, 0xE0, 0x00, 0x03, 0xE0, 0x00,
    0x01, 0xE5, 0x14, 0x00, 0x5D, 0xEA, 0x8A, 0x00, 0x00, 0x0F, 0x30, 0x8A, 0x00, 0x00, 0x0F, 0x30,
    0x8A, 0x00, 0x00, 0x0F, 0x30, 0x8A, 0x00, 0x00, 0x0F, 0x30, 0x8A, 0x00, 0x00, 0x0F, 0x30, 0x7A,
    0x00, 0x00, 0x1F, 0x30, 0x5D, 0x00, 0x00, 0x6F, 0x30, 0x0D, 0xA2, 0x16, 0xCE, 0x30, 0x02, 0xAE,
    0xEA, 0x2E, 0x30, 0xC6, 0x00, 0x00, 0x0A, 0x70, 0x5C, 0x00, 0x00, 0x2E, 0x10, 0x0E, 0x30, 0x00,
    0x89, 0x00, 0x08, 0xA0, 0x00, 0xD3, 0x00, 0x02, 0xE1, 0x05, 0xC0, 0x00, 0x00, 0xB7, 0x0B, 0x50,
    0x00, 0x00, 0x4D, 0x2E, 0x00, 0x00, 0x00, 0x0D, 0xC8, 0x00, 0x00, 0x00, 0x07, 0xF2, 0x00, 0x00,
    0xB6, 0x00, 0x00, 0x9B, 0x00, 0x00, 0x4B, 0x5B, 0x00, 0x00, 0xEE, 0x10, 0x00, 0xA6, 0x1E, 0x10,
    0x05, 0xBA, 0x60, 0x01, 0xE1, 0x0A, 0x60, 0x0A, 0x65, 0xB0, 0x05, 0xA0, 0x04, 0xB0, 0x1E, 0x10,
    0xE2, 0x0A, 0x50, 0x00, 0xE2, 0x6A, 0x00, 0x97, 0x1E, 0x10, 0x00, 0x97, 0xB4, 0x00, 0x3C, 0x6A,
    0x00, 0x00, 0x4D, 0xE0, 0x00, 0x0D, 0xD4, 0x00, 0x00, 0x0D, 0x80, 0x00, 0x07, 0xE0, 0x00, 0x3E,
    0x20, 0x00, 0x8A, 0x00, 0x07, 0xC0, 0x04, 0xD1, 0x00, 0x00, 0xB8, 0x1D, 0x40, 0x00, 0x00, 0x2E,
    0xC8, 0x00, 0x00, 0x00, 0x08, 0xF1, 0x00, 0x00, 0x00, 0x3E, 0xAA, 0x00, 0x00, 0x01, 0xD6, 0x1C,
    0x60, 0x00, 0x09, 0xA0, 0x03, 0xE2, 0x00, 0x5D, 0x10, 0x00, 0x6C, 0x10, 0x0C, 0x60, 0x00, 0x00,
    0xA7, 0x05, 0xD0, 0x00, 0x02, 0xE1, 0x00, 0xD4, 0x00, 0x08, 0x90, 0x00, 0x7A, 0x00, 0x0E, 0x20,
    0x00, 0x1E, 0x20, 0x6B, 0x00, 0x00, 0x09, 0x80, 0xC4, 0x00, 0x00, 0x03, 0xE4, 0xD0, 0x00, 0x00,
    0x00, 0xBE, 0x60, 0x00, 0x00, 0x00, 0x5E, 0x10, 0x00, 0x00, 0x00, 0x98, 0x00, 0x00, 0x16, 0x15,
    0xE1, 0x00, 0x00, 0x2B, 0xED, 0x40, 0x00, 0x00, 0x4F, 0xFF, 0xFF, 0xF6, 0x00, 0x00, 0x06, 0xD1,
    0x00, 0x00, 0x2E, 0x30, 0x00, 0x01, 0xC6, 0x00, 0x00, 0x09, 0xA0, 0x00, 0x00, 0x5D, 0x10, 0x00,
    0x02, 0xE3, 0x00, 0x00, 0x0C, 0x70, 0x00, 0x00, 0x5F, 0xFF, 0xFF, 0xF8, 0x00, 0x3C, 0xF0, 0x00,
    0xAA, 0x10, 0x00, 0xC5, 0x00, 0x00, 0xC5, 0x00, 0x00, 0xC5, 0x00, 0x00, 0xC5, 0x00, 0x00, 0xD5,
    0x00, 0x1E, 0xD1, 0x00, 0x02, 0xE4, 0x00, 0x00, 0xC5, 0x00, 0x00, 0xC5, 0x00, 0x00, 0xC5, 0x00,
    0x00, 0xC5, 0x00, 0x00, 0xC6, 0x00, 0x00, 0xAA, 0x10, 0x00, 0x2C, 0xF0, 0x3D, 0x3D, 0x3D, 0x3D,
    0x3D, 0x3D, 0x3D, 0x3D, 0x3D, 0x3D, 0x3D, 0x3D, 0x3D, 0x3D, 0x3D, 0x3D, 0xAE, 0x60, 0x00, 0x05,
    0xF1, 0x00, 0x00, 0xF2, 0x00, 0x00, 0xF2, 0x00, 0x00, 0xF2, 0x00, 0x00, 0xF2, 0x00, 0x00, 0xF3,
    0x00, 0x00, 0x9F, 0x50, 0x00, 0xE6, 0x10, 0x00, 0xF2, 0x00, 0x00, 0xF2, 0x00, 0x00, 0xF2, 0x00,
    0x00, 0xF2, 0x00, 0x00, 0xF2, 0x00, 0x05, 0xE0, 0x00, 0xAE, 0x60, 0x00, 0x2C, 0xC3, 0x00, 0x92,
    0xB5, 0x4D, 0x31, 0xD0, 0xC0, 0x03, 0xDE, 0x60, 0x10, 0x00, 0x01, 0x00,
};
static const hp_glyph plua_glyphs_prop_24[95] = {
    {0, 0, 0, 0, 6, 0},
    {4, 17, 1, 7, 6, 0},
    {7, 6, 1, 7, 9, 34},
    {16, 17, 0, 7, 17, 58},
    {13, 23, 1, 4, 15, 194},
    {18, 17, 1, 7, 20, 355},
    {15, 17, 1, 7, 16, 508},
    {3, 6, 1, 7, 5, 644},
    {5, 23, 2, 6, 8, 656},
    {5, 23, 1, 6, 8, 725},
    {9, 9, 0, 6, 9, 794},
    {12, 10, 1, 11, 14, 839},
    {3, 6, 1, 22, 5, 899},
    {7, 2, 1, 16, 9, 911},
    {3, 3, 1, 21, 5, 919},
    {10, 23, -1, 3, 8, 925},
    {14, 17, 1, 7, 16, 1040},
    {6, 17, 0, 7, 9, 1159},
    {13, 17, 0, 7, 14, 1210},
    {13, 17, 0, 7, 14, 1329},
    {16, 17, 0, 7, 16, 1448},
    {13, 17, 0, 7, 14, 1584},
    {13, 17, 1, 7, 15, 1703},
    {14, 17, 0, 7, 14, 1822},
    {14, 17, 1, 7, 15, 1941},
    {14, 17, 0, 7, 15, 2060},
    {3, 13, 1, 11, 5, 2179},
    {3, 17, 1, 11, 5, 2205},
    {12, 11, 1, 10, 14, 2239},
    {12, 7, 1, 12, 14, 2305},
    {12, 11, 1, 10, 14, 2347},
    {12, 17, 0, 7, 14, 2413},
    {23, 22, 1, 7, 25, 2515},
    {18, 17, 0, 7, 17, 2779},
    {15, 17, 2, 7, 18, 2932},
    {16, 17, 1, 7, 17, 3068},
    {17, 17, 2, 7, 20, 3204},
    {13, 17, 2, 7, 16, 3357},
    {13, 17, 2, 7, 15, 3476},
    {16, 17, 1, 7, 19, 3595},
    {15, 17, 2, 7, 20, 3731},
    {3, 17, 2, 7, 7, 3867},
    {11, 17, -1, 7, 12, 3901},
    {15, 17, 2, 7, 17, 4003},
    {12, 17, 2, 7, 14, 4139},
    {19, 17, 2, 7, 23, 4241},
    {15, 17, 2, 7, 20, 4411},
    {18, 17, 1, 7, 20, 4547},
    {14, 17, 2, 7, 17, 4700},
    {19, 21, 1, 7, 20, 4819},
    {15, 17, 2, 7, 17, 5029},
    {13, 17, 1, 7, 15, 5165},
    {14, 17, 0, 7, 14, 5284},
    {15, 17, 2, 7, 19, 5403},
    {17, 17, 0, 7, 17, 5539},
    {26, 17, 0, 7, 27, 5692},
    {16, 17, 0, 7, 16, 5913},
    {16, 17, 0, 7, 15, 6049},
    {14, 17, 1, 7, 16, 6185},
    {6, 23, 2, 6, 8, 6304},
    {10, 23, -1, 3, 8, 6373},
    {5, 23, 0, 6, 8, 6488},
    {10, 10, 2, 10, 14, 6557},
    {12, 2, 0, 23, 12, 6607},
    {6, 3, 3, 6, 14, 6619},
    {11, 13, 1, 11, 14, 6628},
    {14, 18, 2, 6, 16, 6706},
    {12, 13, 1, 11, 14, 6832},
    {13, 18, 1, 6, 16, 6910},
    {13, 13, 1, 11, 14, 7036},
    {9, 18, 0, 6, 8, 7127},
    {14, 18, 1, 11, 16, 7217},
    {12, 18, 2, 6, 16, 7343},
    {3, 18, 2, 6, 6, 7451},
    {8, 23, -3, 6, 7, 7487},
    {13, 18, 2, 6, 14, 7579},
    {3, 18, 2, 6, 6, 7705},
    {22, 13, 2, 11, 25, 7741},
    {12, 13, 2, 11, 16, 7884},
    {13, 13, 1, 11, 15, 7962},
    {14, 18, 2, 11, 16, 8053},
    {13, 18, 1, 11, 16, 8179},
    {7, 13, 2, 11, 10, 8305},
    {11, 13, 0, 11, 12, 8357},
    {9, 16, 0, 8, 10, 8435},
    {12, 13, 2, 11, 16, 8515},
    {13, 13, 0, 11, 13, 8593},
    {21, 13, 0, 11, 21, 8684},
    {13, 13, 0, 11, 13, 8827},
    {14, 18, -1, 11, 13, 8918},
    {11, 13, 1, 11, 12, 9044},
    {7, 23, 1, 6, 8, 9122},
    {3, 23, 2, 6, 7, 9214},
    {7, 23, 0, 6, 8, 9260},
    {12, 4, 1, 13, 14, 9352}
};
static const unsigned char plua_bits_prop_24[9376] = {
    0x0D, 0xF2, 0x0D, 0xF1, 0x0C, 0xF1, 0x0C, 0xF0, 0x0B, 0xF0, 0x0B, 0xE0, 0x0B, 0xE0, 0x0A, 0xE0,
    0x0A, 0xD0, 0x09, 0xD0, 0x09, 0xC0, 0x08, 0xC0, 0x00, 0x00, 0x00, 0x00, 0x09, 0xB1, 0x2F, 0xF5,
    0x0B, 0xD1, 0x5F, 0x20, 0x3F, 0x40, 0x5F, 0x20, 0x3F, 0x40, 0x4F, 0x20, 0x3F, 0x30, 0x4F, 0x10,
    0x2F, 0x30, 0x4F, 0x10, 0x2F, 0x30, 0x3F, 0x10, 0x2F, 0x20, 0x00, 0x00, 0x07, 0xD0, 0x00, 0x03,
    0xF1, 0x00, 0x00, 0x00, 0x09, 0xB0, 0x00, 0x05, 0xE0, 0x00, 0x00, 0x00, 0x0B, 0x90, 0x00, 0x08,
    0xC0, 0x00, 0x00, 0x00, 0x0D, 0x60, 0x00, 0x0A, 0xA0, 0x00, 0x08, 0xFF, 0xFF, 0xFF, 0xFF, 0xFF,
    0xFF, 0xFF, 0x04, 0x88, 0x9F, 0x98, 0x88, 0x8E, 0xB8, 0x88, 0x00, 0x00, 0x3F, 0x20, 0x00, 0x0F,
    0x50, 0x00, 0x00, 0x00, 0x5F, 0x00, 0x00, 0x1F, 0x30, 0x00, 0x00, 0x00, 0x7D, 0x00, 0x00, 0x3F,
    0x10, 0x00, 0x00, 0x00, 0x8B, 0x00, 0x00, 0x5F, 0x00, 0x00, 0x00, 0x00, 0xAA, 0x00, 0x00, 0x6D,
    0x00, 0x00, 0x4F, 0xFF, 0xFF, 0xFF, 0xFF, 0xFF, 0xFF, 0xF3, 0x28, 0x88, 0xEB, 0x88, 0x88, 0xDC,
    0x88, 0x82, 0x00, 0x00, 0xF4, 0x00, 0x00, 0xC8, 0x00, 0x00, 0x00, 0x02, 0xF2, 0x00, 0x00, 0xE6,
    0x00, 0x00, 0x00, 0x04, 0xF1, 0x00, 0x00, 0xF4, 0x00, 0x00, 0x00, 0x06, 0xE0, 0x00, 0x02, 0xF2,
    0x00, 0x00, 0x00, 0x00, 0x02, 0xF1, 0x00, 0x00, 0x00, 0x00, 0x00, 0x02, 0xF1, 0x00, 0x00, 0x00,
    0x00, 0x00, 0x02, 0xF1, 0x00, 0x00, 0x00, 0x00, 0x29, 0xDE, 0xFF, 0xD9, 0x40, 0x00, 0x03, 0xEF,
    0xCA, 0xF9, 0xBE, 0xFA, 0x00, 0x0D, 0xF5, 0x02, 0xF1, 0x01, 0x78, 0x00, 0x5F, 0x80, 0x02, 0xF1,
    0x00, 0x00, 0x00, 0x7F, 0x50, 0x02, 0xF1, 0x00, 0x00, 0x00, 0x5F, 0x70, 0x02, 0xF1, 0x00, 0x00,
    0x00, 0x1E, 0xE5, 0x02, 0xF1, 0x00, 0x00, 0x00, 0x04, 0xEF, 0xD9, 0xF1, 0x00, 0x00, 0x00, 0x00,
    0x18, 0xDF, 0xFE, 0xA5, 0x00, 0x00, 0x00, 0x00, 0x04, 0xFB, 0xFF, 0xD3, 0x00, 0x00, 0x00, 0x02,
    0xF1, 0x17, 0xFE, 0x20, 0x00, 0x00, 0x02, 0xF1, 0x00, 0x7F, 0x70, 0x00, 0x00, 0x02, 0xF1, 0x00,
    0x3F, 0x90, 0x21, 0x00, 0x02, 0xF1, 0x00, 0x5F, 0x70, 0xAD, 0x50, 0x02, 0xF1, 0x02, 0xDF, 0x20,
    0x3D, 0xFE, 0xA9, 0xF9, 0xAE, 0xF5, 0x00, 0x00, 0x5A, 0xDF, 0xFE, 0xD9, 0x20, 0x00, 0x00, 0x00,
    0x02, 0xF1, 0x00, 0x00, 0x00, 0x00, 0x00, 0x02, 0xF1, 0x00, 0x00, 0x00, 0x00, 0x00, 0x02, 0xF1,
    0x00, 0x00, 0x00, 0x03, 0xBF, 0xE8, 0x00, 0x00, 0x00, 0x06, 0xE2, 0x00, 0x2E, 0xD9, 0xAF, 0xA0,
    0x00, 0x00, 0x2E, 0x60, 0x00, 0x9D, 0x10, 0x05, 0xF3, 0x00, 0x00, 0xBB, 0x00, 0x00, 0xD6, 0x00,
    0x00, 0xC7, 0x00, 0x06, 0xE1, 0x00, 0x00, 0xF4, 0x00, 0x00, 0xA9, 0x00, 0x2E, 0x50, 0x00, 0x00,
    0xE4, 0x00, 0x00, 0xB8, 0x00, 0xBA, 0x00, 0x00, 0x00, 0xA9, 0x00, 0x01, 0xE4, 0x06, 0xE1, 0x00,
    0x00, 0x00, 0x4F, 0x71, 0x2B, 0xC0, 0x2E, 0x50, 0x00, 0x00, 0x00, 0x05, 0xEF, 0xFC, 0x20, 0xBA,
    0x01, 0xAE, 0xFB, 0x20, 0x00, 0x03, 0x20, 0x07, 0xE1, 0x0C, 0xC5, 0x4A, 0xE2, 0x00, 0x00, 0x00,
    0x2E, 0x50, 0x5E, 0x10, 0x00, 0xC8, 0x00, 0x00, 0x00, 0xC9, 0x00, 0x99, 0x00, 0x00, 0x6C, 0x00,
    0x00, 0x07, 0xD1, 0x00, 0xA8, 0x00, 0x00, 0x5D, 0x00, 0x00, 0x2F, 0x40, 0x00, 0x9A, 0x00, 0x00,
    0x7C, 0x00, 0x00, 0xC9, 0x00, 0x00, 0x5F, 0x30, 0x01, 0xE8, 0x00, 0x07, 0xD1, 0x00, 0x00, 0x0C,
    0xE9, 0x9E, 0xE1, 0x00, 0x3F, 0x40, 0x00, 0x00, 0x01, 0x9E, 0xEB, 0x20, 0x00, 0x02, 0x9D, 0xFD,
    0x91, 0x00, 0x00, 0x00, 0x00, 0x1D, 0xFA, 0x8A, 0xFD, 0x00, 0x00, 0x00, 0x00, 0x8F, 0x50, 0x00,
    0x6F, 0x50, 0x00, 0x00, 0x00, 0xAE, 0x00, 0x00, 0x1F, 0x60, 0x00, 0x00, 0x00, 0x9F, 0x00, 0x00,
    0x4F, 0x40, 0x00, 0x00, 0x00, 0x4F, 0x70, 0x02, 0xDB, 0x00, 0x00, 0x00, 0x00, 0x09, 0xF4, 0x6E,
    0xB1, 0x00, 0x00, 0x00, 0x00, 0x00, 0xDF, 0xE7, 0x00, 0x00, 0x00, 0x00, 0x00, 0x2B, 0xFD, 0xF5,
    0x00, 0x00, 0x00, 0x00, 0x04, 0xEC, 0x31, 0xBF, 0x50, 0x00, 0x54, 0x00, 0x1E, 0xB1, 0x00, 0x1B,
    0xF5, 0x00, 0xD9, 0x00, 0x8F, 0x20, 0x00, 0x01, 0xBF, 0x54, 0xF5, 0x00, 0xCD, 0x00, 0x00, 0x00,
    0x1B, 0xFD, 0xD0, 0x00, 0xBF, 0x10, 0x00, 0x00, 0x00, 0xDF, 0x80, 0x00, 0x6F, 0xB1, 0x00, 0x00,
    0x19, 0xFD, 0xF5, 0x00, 0x09, 0xFF, 0xA8, 0x8B, 0xEF, 0x70, 0xBF, 0x50, 0x00, 0x4A, 0xDF, 0xEC,
    0x82, 0x00, 0x0B, 0x40, 0x5F, 0x20, 0x5F, 0x20, 0x4F, 0x20, 0x4F, 0x10, 0x4F, 0x10, 0x3F, 0x10,
    0x00, 0x1E, 0xA0, 0x00, 0x7F, 0x30, 0x00, 0xEB, 0x00, 0x04, 0xF6, 0x00, 0x09, 0xF2, 0x00, 0x0D,
    0xC0, 0x00, 0x0F, 0xA0, 0x00, 0x3F, 0x70, 0x00, 0x5F, 0x50, 0x00, 0x6F, 0x40, 0x00, 0x7F, 0x30,
    0x00, 0x7F, 0x30, 0x00, 0x7F, 0x30, 0x00, 0x6F, 0x40, 0x00, 0x5F, 0x50, 0x00, 0x3F, 0x70, 0x00,
    0x0F, 0xA0, 0x00, 0x0D, 0xC0, 0x00, 0x09, 0xF1, 0x00, 0x04, 0xF6, 0x00, 0x00, 0xEB, 0x00, 0x00,
    0x7F, 0x30, 0x00, 0x1E, 0xA0, 0xCD, 0x00, 0x00, 0x5F, 0x50, 0x00, 0x0D, 0xC0, 0x00, 0x08, 0xF2,
    0x00, 0x03, 0xF7, 0x00, 0x00, 0xEB, 0x00, 0x00, 0xBE, 0x00, 0x00, 0x9F, 0x10, 0x00, 0x7F, 0x40,
    0x00, 0x6F, 0x40, 0x00, 0x5F, 0x50, 0x00, 0x4F, 0x60, 0x00, 0x5F, 0x50, 0x00, 0x6F, 0x40, 0x00,
    0x7F, 0x40, 0x00, 0x9F, 0x10, 0x00, 0xBE, 0x00, 0x00, 0xEB, 0x00, 0x03, 0xF7, 0x00, 0x08, 0xF2,
    0x00, 0x0D, 0xC0, 0x00, 0x5F, 0x50, 0x00, 0xCD, 0x00, 0x00, 0x00, 0x00, 0xE3, 0x00, 0x00, 0x01,
    0x00, 0xE3, 0x00, 0x10, 0x4E, 0x60, 0xE3, 0x3C, 0x80, 0x06, 0xEB, 0xEB, 0xF8, 0x10, 0x00, 0x1D,
    0xFF, 0x40, 0x00, 0x04, 0xDD, 0xEC, 0xE7, 0x00, 0x4E, 0x70, 0xE3, 0x4D, 0x80, 0x01, 0x00, 0xE3,
    0x00, 0x10, 0x00, 0x00, 0xE3, 0x00, 0x00, 0x00, 0x00, 0x0D, 0xA0, 0x00, 0x00, 0x00, 0x00, 0x0D,
    0xA0, 0x00, 0x00, 0x00, 0x00, 0x0D, 0xA0, 0x00, 0x00, 0x00, 0x00, 0x0D, 0xA0, 0x00, 0x00, 0x5F,
    0xFF, 0xFF, 0xFF, 0xFF, 0xF2, 0x28, 0x88, 0x8E, 0xD8, 0x88, 0x81, 0x00, 0x00, 0x0D, 0xA0, 0x00,
    0x00, 0x00, 0x00, 0x0D, 0xA0, 0x00, 0x00, 0x00, 0x00, 0x0D, 0xA0, 0x00, 0x00, 0x00, 0x00, 0x0D,
    0xA0, 0x00, 0x00, 0x6E, 0x70, 0x9F, 0xC0, 0x2E, 0x80, 0x1F, 0x40, 0x5E, 0x00, 0x8A, 0x00, 0x48,
    0x88, 0x88, 0x60, 0x8F, 0xFF, 0xFF, 0xB0, 0x4C, 0x50, 0xAF, 0xC0, 0x5E, 0x70, 0x00, 0x00, 0x00,
    0x00, 0xDB, 0x00, 0x00, 0x00, 0x03, 0xF5, 0x00, 0x00, 0x00, 0x08, 0xE1, 0x00, 0x00, 0x00, 0x0D,
    0xA0, 0x00, 0x00, 0x00, 0x4F, 0x50, 0x00, 0x00, 0x00, 0x9E, 0x00, 0x00, 0x00, 0x00, 0xEA, 0x00,
    0x00, 0x00, 0x04, 0xF4, 0x00, 0x00, 0x00, 0x09, 0xE0, 0x00, 0x00, 0x00, 0x0E, 0x90, 0x00, 0x00,
    0x00, 0x5F, 0x40, 0x00, 0x00, 0x00, 0xAE, 0x00, 0x00, 0x00, 0x01, 0xE9, 0x00, 0x00, 0x00, 0x05,
    0xF3, 0x00, 0x00, 0x00, 0x0A, 0xD0, 0x00, 0x00, 0x00, 0x1F, 0x80, 0x00, 0x00, 0x00, 0x5F, 0x30,
    0x00, 0x00, 0x00, 0xBD, 0x00, 0x00, 0x00, 0x01, 0xF8, 0x00, 0x00, 0x00, 0x06, 0xF2, 0x00, 0x00,
    0x00, 0x0B, 0xC0, 0x00, 0x00, 0x00, 0x1F, 0x70, 0x00, 0x00, 0x00, 0x6F, 0x20, 0x00, 0x00, 0x00,
    0x00, 0x01, 0x8C, 0xFE, 0xC7, 0x10, 0x00, 0x00, 0x2D, 0xFC, 0x89, 0xCF, 0xC1, 0x00, 0x01, 0xEE,
    0x40, 0x00, 0x05, 0xFD, 0x00, 0x09, 0xF4, 0x00, 0x00, 0x00, 0x6F, 0x80, 0x1F, 0xB0, 0x00, 0x00,
    0x00, 0x0C, 0xE0, 0x6F, 0x50, 0x00, 0x00, 0x00, 0x07, 0xF4, 0x9F, 0x20, 0x00, 0x00, 0x00, 0x04,
    0xF7, 0xAF, 0x10, 0x00, 0x00, 0x00, 0x02, 0xF9, 0xBF, 0x00, 0x00, 0x00, 0x00, 0x02, 0xFA, 0xAF,
    0x10, 0x00, 0x00, 0x00, 0x02, 0xF9, 0x9F, 0x20, 0x00, 0x00, 0x00, 0x04, 0xF7, 0x6F, 0x50, 0x00,
    0x00, 0x00, 0x07, 0xF4, 0x1F, 0xB0, 0x00, 0x00, 0x00, 0x0C, 0xE0, 0x09, 0xF4, 0x00, 0x00, 0x00,
    0x6F, 0x80, 0x01, 0xEE, 0x40, 0x00, 0x05, 0xFD, 0x10, 0x00, 0x2D, 0xFC, 0x89, 0xCF, 0xC1, 0x00,
    0x00, 0x01, 0x8C, 0xFE, 0xC7, 0x10, 0x00, 0xCF, 0xFF, 0xFE, 0x68, 0x88, 0xEE, 0x00, 0x00, 0xCE,
    0x00, 0x00, 0xCE, 0x00, 0x00, 0xCE, 0x00, 0x00, 0xCE, 0x00, 0x00, 0xCE, 0x00, 0x00, 0xCE, 0x00,
    0x00, 0xCE, 0x00, 0x00, 0xCE, 0x00, 0x00, 0xCE, 0x00, 0x00, 0xCE, 0x00, 0x00, 0xCE, 0x00, 0x00,
    0xCE, 0x00, 0x00, 0xCE, 0x00, 0x00, 0xCE, 0x00, 0x00, 0xCE, 0x00, 0x28, 0xCE, 0xFE, 0xB5, 0x00,
    0x00, 0x08, 0xFF, 0xB9, 0x8A, 0xEF, 0xA0, 0x00, 0x4F, 0xA2, 0x00, 0x00, 0x1B, 0xF7, 0x00, 0x03,
    0x00, 0x00, 0x00, 0x01, 0xFC, 0x00, 0x00, 0x00, 0x00, 0x00, 0x00, 0xDE, 0x00, 0x00, 0x00, 0x00,
    0x00, 0x00, 0xEC, 0x00, 0x00, 0x00, 0x00, 0x00, 0x04, 0xF9, 0x00, 0x00, 0x00, 0x00, 0x00, 0x1C,
    0xF2, 0x00, 0x00, 0x00, 0x00, 0x00, 0xAF, 0x60, 0x00, 0x00, 0x00, 0x00, 0x0A, 0xF8, 0x00, 0x00,
    0x00, 0x00, 0x00, 0xAF, 0x80, 0x00, 0x00, 0x00, 0x00, 0x0A, 0xF8, 0x00, 0x00, 0x00, 0x00, 0x00,
    0xBF, 0x80, 0x00, 0x00, 0x00, 0x00, 0x0B, 0xF7, 0x00, 0x00, 0x00, 0x00, 0x00, 0xBF, 0x70, 0x00,
    0x00, 0x00, 0x00, 0x0B, 0xFD, 0x88, 0x88, 0x88, 0x88, 0x60, 0x1F, 0xFF, 0xFF, 0xFF, 0xFF, 0xFF,
    0xB0, 0x1F, 0xFF, 0xFF, 0xFF, 0xFF, 0xFB, 0x00, 0x18, 0x88, 0x88, 0x88, 0x8D, 0xF7, 0x00, 0x00,
    0x00, 0x00, 0x00, 0x5F, 0xA0, 0x00, 0x00, 0x00, 0x00, 0x03, 0xEC, 0x10, 0x00, 0x00, 0x00, 0x00,
    0x2D, 0xE2, 0x00, 0x00, 0x00, 0x00, 0x01, 0xCF, 0x30, 0x00, 0x00, 0x00, 0x00, 0x0A, 0xF5, 0x00,
    0x00, 0x00, 0x00, 0x00, 0x2F, 0xFE, 0xD9, 0x20, 0x00, 0x00, 0x00, 0x18, 0x8A, 0xEF, 0xE3, 0x00,
    0x00, 0x00, 0x00, 0x00, 0x08, 0xFC, 0x00, 0x00, 0x00, 0x00, 0x00, 0x00, 0xBF, 0x30, 0x00, 0x00,
    0x00, 0x00, 0x00, 0x7F, 0x50, 0x00, 0x00, 0x00, 0x00, 0x00, 0x7F, 0x40, 0x13, 0x00, 0x00, 0x00,
    0x00, 0xBF, 0x10, 0x8E, 0x71, 0x00, 0x00, 0x18, 0xF9, 0x00, 0x2C, 0xFE, 0xB9, 0x8A, 0xEF, 0xB0,
    0x00, 0x00, 0x49, 0xDE, 0xFD, 0xA5, 0x00, 0x00, 0x00, 0x00, 0x00, 0x00, 0x08, 0xF6, 0x00, 0x00,
    0x00, 0x00, 0x00, 0x00, 0x5F, 0x90, 0x00, 0x00, 0x00, 0x00, 0x00, 0x02, 0xEC, 0x00, 0x00, 0x00,
    0x00, 0x00, 0x00, 0x1D, 0xE2, 0x00, 0x00, 0x00, 0x00, 0x00, 0x00, 0xAF, 0x40, 0x00, 0x00, 0x00,
    0x00, 0x00, 0x07, 0xF7, 0x00, 0x00, 0x00, 0x00, 0x00, 0x00, 0x4F, 0xA0, 0x00, 0x00, 0x00, 0x00,
    0x00, 0x02, 0xED, 0x10, 0x00, 0x8F, 0x30, 0x00, 0x00, 0x1C, 0xE3, 0x00, 0x00, 0x8F, 0x30, 0x00,
    0x00, 0x9F, 0x50, 0x00, 0x00, 0x8F, 0x30, 0x00, 0x06, 0xF9, 0x00, 0x00, 0x00, 0x8F, 0x30, 0x00,
    0x0F, 0xFF, 0xFF, 0xFF, 0xFF, 0xFF, 0xFF, 0xF8, 0x08, 0x88, 0x88, 0x88, 0x88, 0xCF, 0xA8, 0x84,
    0x00, 0x00, 0x00, 0x00, 0x00, 0x8F, 0x30, 0x00, 0x00, 0x00, 0x00, 0x00, 0x00, 0x8F, 0x30, 0x00,
    0x00, 0x00, 0x00, 0x00, 0x00, 0x8F, 0x30, 0x00, 0x00, 0x00, 0x00, 0x00, 0x00, 0x8F, 0x30, 0x00,
    0x00, 0x7F, 0xFF, 0xFF, 0xFF, 0xFC, 0x00, 0x00, 0x9F, 0x88, 0x88, 0x88, 0x86, 0x00, 0x00, 0xAF,
    0x00, 0x00, 0x00, 0x00, 0x00, 0x00, 0xCD, 0x00, 0x00, 0x00, 0x00, 0x00, 0x00, 0xDB, 0x00, 0x00,
    0x00, 0x00, 0x00, 0x00, 0xFA, 0x00, 0x00, 0x00, 0x00, 0x00, 0x01, 0xF8, 0x00, 0x00, 0x00, 0x00,
    0x00, 0x03, 0xFF, 0xFF, 0xFD, 0xB7, 0x10, 0x00, 0x02, 0x88, 0x88, 0x9A, 0xEF, 0xE3, 0x00, 0x00,
    0x00, 0x00, 0x00, 0x06, 0xFE, 0x10, 0x00, 0x00, 0x00, 0x00, 0x00, 0x7F, 0x60, 0x00, 0x00, 0x00,
    0x00, 0x00, 0x3F, 0x90, 0x00, 0x00, 0x00, 0x00, 0x00, 0x2F, 0x90, 0x03, 0x00, 0x00, 0x00, 0x00,
    0x7F, 0x60, 0x3F, 0x92, 0x00, 0x00, 0x05, 0xED, 0x10, 0x1A, 0xFF, 0xC9, 0x89, 0xCF, 0xD3, 0x00,
    0x00, 0x28, 0xCE, 0xFE, 0xC7, 0x10, 0x00, 0x00, 0x00, 0x4A, 0xDE, 0xED, 0xA4, 0x00, 0x00, 0x1A,
    0xFE, 0xA8, 0x9A, 0xE9, 0x00, 0x00, 0xCF, 0x71, 0x00, 0x00, 0x11, 0x00, 0x08, 0xF6, 0x00, 0x00,
    0x00, 0x00, 0x00, 0x1E, 0xB0, 0x00, 0x00, 0x00, 0x00, 0x00, 0x5F, 0x50, 0x00, 0x00, 0x00, 0x00,
    0x00, 0x8F, 0x20, 0x04, 0x67, 0x62, 0x00, 0x00, 0xAF, 0x14, 0xDF, 0xFF, 0xFF, 0xA1, 0x00, 0xBF,
    0x5F, 0xA3, 0x11, 0x3A, 0xFC, 0x00, 0xBF, 0xE7, 0x00, 0x00, 0x00, 0x8F, 0x60, 0x9F, 0xD0, 0x00,
    0x00, 0x00, 0x1F, 0xB0, 0x7F, 0xA0, 0x00, 0x00, 0x00, 0x0D, 0xD0, 0x3F, 0xB0, 0x00, 0x00, 0x00,
    0x0E, 0xC0, 0x0C, 0xF2, 0x00, 0x00, 0x00, 0x4F, 0x80, 0x03, 0xFD, 0x20, 0x00, 0x03, 0xDE, 0x20,
    0x00, 0x5E, 0xFB, 0x98, 0xBF, 0xE4, 0x00, 0x00, 0x02, 0x8C, 0xEE, 0xD8, 0x20, 0x00, 0x4F, 0xFF,
    0xFF, 0xFF, 0xFF, 0xFF, 0xF2, 0x4F, 0xB8, 0x88, 0x88, 0x88, 0x8F, 0xE1, 0x4F, 0x70, 0x00, 0x00,
    0x00, 0x5F, 0x80, 0x4F, 0x70, 0x00, 0x00, 0x00, 0xCF, 0x20, 0x2A, 0x50, 0x00, 0x00, 0x04, 0xFA,
    0x00, 0x00, 0x00, 0x00, 0x00, 0x0A, 0xF3, 0x00, 0x00, 0x00, 0x00, 0x00, 0x2F, 0xB0, 0x00, 0x00,
    0x00, 0x00, 0x00, 0x9F, 0x50, 0x00, 0x00, 0x00, 0x00, 0x01, 0xED, 0x00, 0x00, 0x00, 0x00, 0x00,
    0x07, 0xF6, 0x00, 0x00, 0x00, 0x00, 0x00, 0x0D, 0xE1, 0x00, 0x00, 0x00, 0x00, 0x00, 0x5F, 0x80,
    0x00, 0x00, 0x00, 0x00, 0x00, 0xCF, 0x20, 0x00, 0x00, 0x00, 0x00, 0x04, 0xFA, 0x00, 0x00, 0x00,
    0x00, 0x00, 0x0A, 0xF3, 0x00, 0x00, 0x00, 0x00, 0x00, 0x2F, 0xB0, 0x00, 0x00, 0x00, 0x00, 0x00,
    0x9F, 0x40, 0x00, 0x00, 0x00, 0x00, 0x17, 0xBE, 0xFE, 0xC8, 0x20, 0x00, 0x02, 0xDF, 0xDA, 0x89,
    0xCF, 0xF5, 0x00, 0x0C, 0xF6, 0x00, 0x00, 0x03, 0xDF, 0x20, 0x2F, 0xA0, 0x00, 0x00, 0x00, 0x5F,
    0x70, 0x3F, 0x80, 0x00, 0x00, 0x00, 0x3F, 0x80, 0x1E, 0xC0, 0x00, 0x00, 0x00, 0x9F, 0x40, 0x06,
    0xFC, 0x52, 0x01, 0x4A, 0xFA, 0x00, 0x00, 0x4E, 0xFF, 0xFF, 0xFF, 0x70, 0x00, 0x03, 0xDF, 0xDA,
    0x89, 0xBF, 0xE6, 0x00, 0x2E, 0xE4, 0x00, 0x00, 0x03, 0xBF, 0x50, 0x9F, 0x40, 0x00, 0x00, 0x00,
    0x1E, 0xD0, 0xCE, 0x00, 0x00, 0x00, 0x00, 0x0A, 0xF1, 0xCE, 0x00, 0x00, 0x00, 0x00, 0x0A, 0xF2,
    0x9F, 0x40, 0x00, 0x00, 0x00, 0x1E, 0xE0, 0x2F, 0xE4, 0x00, 0x00, 0x02, 0xBF, 0x70, 0x05, 0xEF,
    0xDA, 0x89, 0xBF, 0xF8, 0x00, 0x00, 0x18, 0xCE, 0xFE, 0xC9, 0x30, 0x00, 0x00, 0x05, 0xAE, 0xFE,
    0xB6, 0x00, 0x00, 0x00, 0xAF, 0xEA, 0x89, 0xDF, 0xC1, 0x00, 0x08, 0xF9, 0x10, 0x00, 0x05, 0xFC,
    0x00, 0x1E, 0xC0, 0x00, 0x00, 0x00, 0x6F, 0x60, 0x3F, 0x80, 0x00, 0x00, 0x00, 0x1F, 0xC0, 0x3F,
    0x80, 0x00, 0x00, 0x00, 0x1F, 0xF1, 0x1F, 0xC0, 0x00, 0x00, 0x00, 0x7F, 0xF4, 0x09, 0xF9, 0x10,
    0x00, 0x05, 0xFB, 0xF5, 0x01, 0xBF, 0xEA, 0x89, 0xCF, 0x86, 0xF5, 0x00, 0x06, 0xBE, 0xFD, 0xA4,
    0x07, 0xF4, 0x00, 0x00, 0x00, 0x00, 0x00, 0x09, 0xF3, 0x00, 0x00, 0x00, 0x00, 0x00, 0x0C, 0xE0,
    0x00, 0x00, 0x00, 0x00, 0x00, 0x3F, 0x90, 0x00, 0x00, 0x00, 0x00, 0x01, 0xCF, 0x20, 0x00, 0x20,
    0x00, 0x00, 0x3C, 0xF7, 0x00, 0x01, 0xED, 0x98, 0x9C, 0xFF, 0x60, 0x00, 0x01, 0x7C, 0xDF, 0xEC,
    0x72, 0x00, 0x00, 0x4C, 0x50, 0xAF, 0xC0, 0x5E, 0x70, 0x00, 0x00, 0x00, 0x00, 0x00, 0x00, 0x00,
    0x00, 0x00, 0x00, 0x00, 0x00, 0x00, 0x00, 0x4C, 0x50, 0xAF, 0xC0, 0x5E, 0x70, 0x4C, 0x50, 0xAF,
    0xC0, 0x5E, 0x70, 0x00, 0x00, 0x00, 0x00, 0x00, 0x00, 0x00, 0x00, 0x00, 0x00, 0x00, 0x00, 0x00,
    0x00, 0x00, 0x00, 0x6E, 0x70, 0x9F, 0xC0, 0x2E, 0x80, 0x1F, 0x40, 0x5E, 0x00, 0x8A, 0x00, 0x00,
    0x00, 0x00, 0x00, 0x00, 0x21, 0x00, 0x00, 0x00, 0x00, 0x5B, 0xF2, 0x00, 0x00, 0x02, 0x8E, 0xFC,
    0x60, 0x00, 0x05, 0xBF, 0xE8, 0x20, 0x00, 0x18, 0xEF, 0xB5, 0x00, 0x00, 0x00, 0x5F, 0xC2, 0x00,
    0x00, 0x00, 0x00, 0x2B, 0xFE, 0x82, 0x00, 0x00, 0x00, 0x00, 0x28, 0xEF, 0xB5, 0x00, 0x00, 0x00,
    0x00, 0x05, 0xBF, 0xE8, 0x30, 0x00, 0x00, 0x00, 0x02, 0x8D, 0xF2, 0x00, 0x00, 0x00, 0x00, 0x00,
    0x51, 0x5F, 0xFF, 0xFF, 0xFF, 0xFF, 0xF2, 0x28, 0x88, 0x88, 0x88, 0x88, 0x81, 0x00, 0x00, 0x00,
    0x00, 0x00, 0x00, 0x00, 0x00, 0x00, 0x00, 0x00, 0x00, 0x00, 0x00, 0x00, 0x00, 0x00, 0x00, 0x28,
    0x88, 0x88, 0x88, 0x88, 0x81, 0x5F, 0xFF, 0xFF, 0xFF, 0xFF, 0xF2, 0x21, 0x00, 0x00, 0x00, 0x00,
    0x00, 0x5F, 0xA4, 0x00, 0x00, 0x00, 0x00, 0x17, 0xDF, 0xD7, 0x10, 0x00, 0x00, 0x00, 0x03, 0x9E,
    0xFA, 0x40, 0x00, 0x00, 0x00, 0x01, 0x6C, 0xFD, 0x70, 0x00, 0x00, 0x00, 0x00, 0x4D, 0xF2, 0x00,
    0x00, 0x00, 0x39, 0xEF, 0xA1, 0x00, 0x01, 0x6C, 0xFD, 0x71, 0x00, 0x04, 0xAF, 0xFA, 0x40, 0x00,
    0x00, 0x5F, 0xD7, 0x10, 0x00, 0x00, 0x00, 0x24, 0x00, 0x00, 0x00, 0x00, 0x00, 0x00, 0x38, 0xCE,
    0xFE, 0xB5, 0x00, 0x09, 0xFF, 0xB9, 0x8A, 0xEF, 0xB0, 0x6F, 0x91, 0x00, 0x00, 0x1B, 0xF7, 0x04,
    0x00, 0x00, 0x00, 0x02, 0xFB, 0x00, 0x00, 0x00, 0x00, 0x00, 0xFB, 0x00, 0x00, 0x00, 0x00, 0x04,
    0xF8, 0x00, 0x00, 0x00, 0x00, 0x1D, 0xE1, 0x00, 0x00, 0x00, 0x02, 0xDE, 0x30, 0x00, 0x00, 0x00,
    0x2E, 0xE3, 0x00, 0x00, 0x00, 0x00, 0xCE, 0x30, 0x00, 0x00, 0x00, 0x03, 0xF9, 0x00, 0x00, 0x00,
    0x00, 0x03, 0x84, 0x00, 0x00, 0x00, 0x00, 0x00, 0x00, 0x00, 0x00, 0x00, 0x00, 0x00, 0x00, 0x00,
    0x00, 0x00, 0x00, 0x04, 0xC5, 0x00, 0x00, 0x00, 0x00, 0x0A, 0xFB, 0x00, 0x00, 0x00, 0x00, 0x05,
    0xE6, 0x00, 0x00, 0x00, 0x00, 0x00, 0x15, 0x9C, 0xEF, 0xEC, 0x95, 0x10, 0x00, 0x00, 0x00, 0x00,
    0x00, 0x07, 0xEF, 0xDA, 0x98, 0x9A, 0xDF, 0xE7, 0x00, 0x00, 0x00, 0x00, 0x02, 0xCF, 0xA3, 0x00,
    0x00, 0x00, 0x03, 0xAF, 0xB2, 0x00, 0x00, 0x00, 0x1D, 0xE4, 0x00, 0x00, 0x00, 0x00, 0x00, 0x04,
    0xED, 0x10, 0x00, 0x00, 0xCE, 0x20, 0x00, 0x6B, 0xEE, 0xC6, 0x03, 0xF6, 0x2E, 0xB0, 0x00, 0x06,
    0xF4, 0x00, 0x1B, 0xFD, 0x98, 0xBF, 0xB3, 0xF6, 0x04, 0xF5, 0x00, 0x0D, 0x90, 0x00, 0xAF, 0x70,
    0x00, 0x02, 0xCB, 0xF6, 0x00, 0x9C, 0x00, 0x3F, 0x20, 0x03, 0xF8, 0x00, 0x00, 0x00, 0x1E, 0xF6,
    0x00, 0x3F, 0x20, 0x7D, 0x00, 0x09, 0xF1, 0x00, 0x00, 0x00, 0x08, 0xF6, 0x00, 0x0E, 0x50, 0x9A,
    0x00, 0x0C, 0xC0, 0x00, 0x00, 0x00, 0x04, 0xF6, 0x00, 0x0B, 0x70, 0xB9, 0x00, 0x0D, 0xB0, 0x00,
    0x00, 0x00, 0x03, 0xF6, 0x00, 0x0B, 0x80, 0xB9, 0x00, 0x0C, 0xC0, 0x00, 0x00, 0x00, 0x04, 0xF6,
    0x00, 0x0B, 0x80, 0x9A, 0x00, 0x09, 0xF1, 0x00, 0x00, 0x00, 0x08, 0xF6, 0x00, 0x0D, 0x60, 0x7D,
    0x00, 0x03, 0xF8, 0x00, 0x00, 0x00, 0x2E, 0xF6, 0x00, 0x1F, 0x30, 0x3F, 0x30, 0x00, 0xAF, 0x70,
    0x00, 0x02, 0xCB, 0xF8, 0x00, 0x8D, 0x00, 0x0D, 0x90, 0x00, 0x1B, 0xFD, 0x98, 0xBF, 0xC1, 0xCF,
    0x9A, 0xF5, 0x00, 0x06, 0xF3, 0x00, 0x00, 0x5B, 0xEE, 0xC7, 0x00, 0x2B, 0xED, 0x50, 0x00, 0x00,
    0xCE, 0x20, 0x00, 0x00, 0x00, 0x00, 0x00, 0x00, 0x00, 0x00, 0x00, 0x00, 0x2E, 0xE3, 0x00, 0x00,
    0x00, 0x00, 0x00, 0x00, 0x00, 0x00, 0x00, 0x00, 0x02, 0xCF, 0xA3, 0x00, 0x00, 0x00, 0x06, 0x10,
    0x00, 0x00, 0x00, 0x00, 0x00, 0x18, 0xEF, 0xDA, 0x98, 0xAB, 0xEF, 0x30, 0x00, 0x00, 0x00, 0x00,
    0x00, 0x00, 0x16, 0xAD, 0xEF, 0xEB, 0x72, 0x00, 0x00, 0x00, 0x00, 0x00, 0x00, 0x00, 0x07, 0xFB,
    0x00, 0x00, 0x00, 0x00, 0x00, 0x00, 0x00, 0x0E, 0xFF, 0x20, 0x00, 0x00, 0x00, 0x00, 0x00, 0x00,
    0x6F, 0x7F, 0x90, 0x00, 0x00, 0x00, 0x00, 0x00, 0x00, 0xDD, 0x0A, 0xF1, 0x00, 0x00, 0x00, 0x00,
    0x00, 0x05, 0xF6, 0x04, 0xF8, 0x00, 0x00, 0x00, 0x00, 0x00, 0x0B, 0xE1, 0x00, 0xCE, 0x10, 0x00,
    0x00, 0x00, 0x00, 0x3F, 0x80, 0x00, 0x5F, 0x60, 0x00, 0x00, 0x00, 0x00, 0xAF, 0x10, 0x00, 0x0D,
    0xD0, 0x00, 0x00, 0x00, 0x02, 0xF9, 0x00, 0x00, 0x06, 0xF5, 0x00, 0x00, 0x00, 0x08, 0xF3, 0x00,
    0x00, 0x01, 0xEC, 0x00, 0x00, 0x00, 0x1E, 0xC2, 0x22, 0x22, 0x22, 0x9F, 0x30, 0x00, 0x00, 0x7F,
    0xFF, 0xFF, 0xFF, 0xFF, 0xFF, 0xA0, 0x00, 0x00, 0xDD, 0x55, 0x55, 0x55, 0x55, 0x5B, 0xF2, 0x00,
    0x06, 0xF6, 0x00, 0x00, 0x00, 0x00, 0x03, 0xF9, 0x00, 0x0C, 0xE1, 0x00, 0x00, 0x00, 0x00, 0x00,
    0xCE, 0x10, 0x4F, 0x80, 0x00, 0x00, 0x00, 0x00, 0x00, 0x5F, 0x70, 0xBF, 0x20, 0x00, 0x00, 0x00,
    0x00, 0x00, 0x0E, 0xE0, 0x4F, 0xFF, 0xFF, 0xFF, 0xFD, 0xA5, 0x00, 0x00, 0x4F, 0xB8, 0x88, 0x88,
    0x9B, 0xFF, 0xB0, 0x00, 0x4F, 0x80, 0x00, 0x00, 0x00, 0x1B, 0xF7, 0x00, 0x4F, 0x80, 0x00, 0x00,
    0x00, 0x01, 0xFC, 0x00, 0x4F, 0x80, 0x00, 0x00, 0x00, 0x00, 0xED, 0x00, 0x4F, 0x80, 0x00, 0x00,
    0x00, 0x01, 0xFA, 0x00, 0x4F, 0x80, 0x00, 0x00, 0x00, 0x1B, 0xF4, 0x00, 0x4F, 0xB8, 0x88, 0x88,
    0x9B, 0xFE, 0x50, 0x00, 0x4F, 0xFF, 0xFF, 0xFF, 0xFF, 0xFD, 0x70, 0x00, 0x4F, 0x80, 0x00, 0x00,
    0x01, 0x49, 0xFB, 0x00, 0x4F, 0x80, 0x00, 0x00, 0x00, 0x00, 0x8F, 0x60, 0x4F, 0x80, 0x00, 0x00,
    0x00, 0x00, 0x1F, 0xA0, 0x4F, 0x80, 0x00, 0x00, 0x00, 0x00, 0x0F, 0xB0, 0x4F, 0x80, 0x00, 0x00,
    0x00, 0x00, 0x4F, 0xA0, 0x4F, 0x80, 0x00, 0x00, 0x00, 0x02, 0xDF, 0x40, 0x4F, 0xB8, 0x88, 0x88,
    0x89, 0xBF, 0xF7, 0x00, 0x4F, 0xFF, 0xFF, 0xFF, 0xFE, 0xC9, 0x30, 0x00, 0x00, 0x00, 0x05, 0x9D,
    0xEE, 0xDA, 0x50, 0x00, 0x00, 0x03, 0xCF, 0xEB, 0x98, 0xAE, 0xFC, 0x20, 0x00, 0x5F, 0xF7, 0x10,
    0x00, 0x00, 0x6E, 0xD1, 0x03, 0xEE, 0x30, 0x00, 0x00, 0x00, 0x03, 0x40, 0x0B, 0xF4, 0x00, 0x00,
    0x00, 0x00, 0x00, 0x00, 0x3F, 0xA0, 0x00, 0x00, 0x00, 0x00, 0x00, 0x00, 0x8F, 0x40, 0x00, 0x00,
    0x00, 0x00, 0x00, 0x00, 0xAF, 0x20, 0x00, 0x00, 0x00, 0x00, 0x00, 0x00, 0xBF, 0x00, 0x00, 0x00,
    0x00, 0x00, 0x00, 0x00, 0xAF, 0x20, 0x00, 0x00, 0x00, 0x00, 0x00, 0x00, 0x8F, 0x40, 0x00, 0x00,
    0x00, 0x00, 0x00, 0x00, 0x3F, 0xA0, 0x00, 0x00, 0x00, 0x00, 0x00, 0x00, 0x0B, 0xF4, 0x00, 0x00,
    0x00, 0x00, 0x00, 0x00, 0x03, 0xEE, 0x30, 0x00, 0x00, 0x00, 0x02, 0x20, 0x00, 0x5F, 0xF7, 0x10,
    0x00, 0x00, 0x5E, 0xD1, 0x00, 0x03, 0xDF, 0xEB, 0x98, 0xAE, 0xFD, 0x30, 0x00, 0x00, 0x05, 0xAD,
    0xEE, 0xDA, 0x60, 0x00, 0x4F, 0xFF, 0xFF, 0xFF, 0xEC, 0x94, 0x00, 0x00, 0x00, 0x4F, 0xB8, 0x88,
    0x88, 0x9B, 0xFF, 0xB2, 0x00, 0x00, 0x4F, 0x80, 0x00, 0x00, 0x00, 0x18, 0xFE, 0x30, 0x00, 0x4F,
    0x80, 0x00, 0x00, 0x00, 0x00, 0x4F, 0xD1, 0x00, 0x4F, 0x80, 0x00, 0x00, 0x00, 0x00, 0x06, 0xFA,
    0x00, 0x4F, 0x80, 0x00, 0x00, 0x00, 0x00, 0x00, 0xDF, 0x10, 0x4F, 0x80, 0x00, 0x00, 0x00, 0x00,
    0x00, 0x7F, 0x50, 0x4F, 0x80, 0x00, 0x00, 0x00, 0x00, 0x00, 0x4F, 0x80, 0x4F, 0x80, 0x00, 0x00,
    0x00, 0x00, 0x00, 0x3F, 0x80, 0x4F, 0x80, 0x00, 0x00, 0x00, 0x00, 0x00, 0x4F, 0x80, 0x4F, 0x80,
    0x00, 0x00, 0x00, 0x00, 0x00, 0x7F, 0x50, 0x4F, 0x80, 0x00, 0x00, 0x00, 0x00, 0x00, 0xDF, 0x10,
    0x4F, 0x80, 0x00, 0x00, 0x00, 0x00, 0x06, 0xFA, 0x00, 0x4F, 0x80, 0x00, 0x00, 0x00, 0x00, 0x4F,
    0xD1, 0x00, 0x4F, 0x80, 0x00, 0x00, 0x00, 0x18, 0xFE, 0x30, 0x00, 0x4F, 0xB8, 0x88, 0x88, 0x9B,
    0xFF, 0xB2, 0x00, 0x00, 0x4F, 0xFF, 0xFF, 0xFF, 0xED, 0x94, 0x00, 0x00, 0x00, 0x4F, 0xFF, 0xFF,
    0xFF, 0xFF, 0xFF, 0x40, 0x4F, 0xB8, 0x88, 0x88, 0x88, 0x88, 0x20, 0x4F, 0x80, 0x00, 0x00, 0x00,
    0x00, 0x00, 0x4F, 0x80, 0x00, 0x00, 0x00, 0x00, 0x00, 0x4F, 0x80, 0x00, 0x00, 0x00, 0x00, 0x00,
    0x4F, 0x80, 0x00, 0x00, 0x00, 0x00, 0x00, 0x4F, 0x80, 0x00, 0x00, 0x00, 0x00, 0x00, 0x4F, 0xB8,
    0x88, 0x88, 0x88, 0x82, 0x00, 0x4F, 0xFF, 0xFF, 0xFF, 0xFF, 0xF3, 0x00, 0x4F, 0x80, 0x00, 0x00,
    0x00, 0x00, 0x00, 0x4F, 0x80, 0x00, 0x00, 0x00, 0x00, 0x00, 0x4F, 0x80, 0x00, 0x00, 0x00, 0x00,
    0x00, 0x4F, 0x80, 0x00, 0x00, 0x00, 0x00, 0x00, 0x4F, 0x80, 0x00, 0x00, 0x00, 0x00, 0x00, 0x4F,
    0x80, 0x00, 0x00, 0x00, 0x00, 0x00, 0x4F, 0xB8, 0x88, 0x88, 0x88, 0x88, 0x50, 0x4F, 0xFF, 0xFF,
    0xFF, 0xFF, 0xFF, 0x90, 0x4F, 0xFF, 0xFF, 0xFF, 0xFF, 0xFF, 0x40, 0x4F, 0xB8, 0x88, 0x88, 0x88,
    0x88, 0x20, 0x4F, 0x80, 0x00, 0x00, 0x00, 0x00, 0x00, 0x4F, 0x80, 0x00, 0x00, 0x00, 0x00, 0x00,
    0x4F, 0x80, 0x00, 0x00, 0x00, 0x00, 0x00, 0x4F, 0x80, 0x00, 0x00, 0x00, 0x00, 0x00, 0x4F, 0x80,
    0x00, 0x00, 0x00, 0x00, 0x00, 0x4F, 0x80, 0x00, 0x00, 0x00, 0x00, 0x00, 0x4F, 0xFF, 0xFF, 0xFF,
    0xFF, 0xF3, 0x00, 0x4F, 0xB8, 0x88, 0x88, 0x88, 0x82, 0x00, 0x4F, 0x80, 0x00, 0x00, 0x00, 0x00,
    0x00, 0x4F, 0x80, 0x00, 0x00, 0x00, 0x00, 0x00, 0x4F, 0x80, 0x00, 0x00, 0x00, 0x00, 0x00, 0x4F,
    0x80, 0x00, 0x00, 0x00, 0x00, 0x00, 0x4F, 0x80, 0x00, 0x00, 0x00, 0x00, 0x00, 0x4F, 0x80, 0x00,
    0x00, 0x00, 0x00, 0x00, 0x4F, 0x80, 0x00, 0x00, 0x00, 0x00, 0x00, 0x00, 0x00, 0x04, 0x9D, 0xEF,
    0xDA, 0x61, 0x00, 0x00, 0x03, 0xCF, 0xEB, 0x98, 0xAD, 0xFE, 0x50, 0x00, 0x5E, 0xF7, 0x10, 0x00,
    0x00, 0x4D, 0xF2, 0x03, 0xEE, 0x30, 0x00, 0x00, 0x00, 0x01, 0x40, 0x0B, 0xF4, 0x00, 0x00, 0x00,
    0x00, 0x00, 0x00, 0x3F, 0xA0, 0x00, 0x00, 0x00, 0x00, 0x00, 0x00, 0x8F, 0x40, 0x00, 0x00, 0x00,
    0x00, 0x00, 0x00, 0xAF, 0x20, 0x00, 0x00, 0x00, 0x00, 0x00, 0x00, 0xBF, 0x00, 0x00, 0x00, 0x00,
    0x00, 0x03, 0x82, 0xAF, 0x20, 0x00, 0x00, 0x00, 0x00, 0x07, 0xF4, 0x8F, 0x40, 0x00, 0x00, 0x00,
    0x00, 0x07, 0xF4, 0x3F, 0xA0, 0x00, 0x00, 0x00, 0x00, 0x07, 0xF4, 0x0B, 0xF4, 0x00, 0x00, 0x00,
    0x00, 0x07, 0xF4, 0x03, 0xEE, 0x30, 0x00, 0x00, 0x00, 0x07, 0xF4, 0x00, 0x5F, 0xF7, 0x10, 0x00,
    0x00, 0x3C, 0xF4, 0x00, 0x03, 0xCF, 0xEB, 0x98, 0x9D, 0xFF, 0x70, 0x00, 0x00, 0x05, 0xAD, 0xEF,
    0xDB, 0x71, 0x00, 0x4F, 0x80, 0x00, 0x00, 0x00, 0x00, 0x0F, 0xC0, 0x4F, 0x80, 0x00, 0x00, 0x00,
    0x00, 0x0F, 0xC0, 0x4F, 0x80, 0x00, 0x00, 0x00, 0x00, 0x0F, 0xC0, 0x4F, 0x80, 0x00, 0x00, 0x00,
    0x00, 0x0F, 0xC0, 0x4F, 0x80, 0x00, 0x00, 0x00, 0x00, 0x0F, 0xC0, 0x4F, 0x80, 0x00, 0x00, 0x00,
    0x00, 0x0F, 0xC0, 0x4F, 0x80, 0x00, 0x00, 0x00, 0x00, 0x0F, 0xC0, 0x4F, 0xB8, 0x88, 0x88, 0x88,
    0x88, 0x8F, 0xC0, 0x4F, 0xFF, 0xFF, 0xFF, 0xFF, 0xFF, 0xFF, 0xC0, 0x4F, 0x80, 0x00, 0x00, 0x00,
    0x00, 0x0F, 0xC0, 0x4F, 0x80, 0x00, 0x00, 0x00, 0x00, 0x0F, 0xC0, 0x4F, 0x80, 0x00, 0x00, 0x00,
    0x00, 0x0F, 0xC0, 0x4F, 0x80, 0x00, 0x00, 0x00, 0x00, 0x0F, 0xC0, 0x4F, 0x80, 0x00, 0x00, 0x00,
    0x00, 0x0F, 0xC0, 0x4F, 0x80, 0x00, 0x00, 0x00, 0x00, 0x0F, 0xC0, 0x4F, 0x80, 0x00, 0x00, 0x00,
    0x00, 0x0F, 0xC0, 0x4F, 0x80, 0x00, 0x00, 0x00, 0x00, 0x0F, 0xC0, 0x4F, 0x80, 0x4F, 0x80, 0x4F,
    0x80, 0x4F, 0x80, 0x4F, 0x80, 0x4F, 0x80, 0x4F, 0x80, 0x4F, 0x80, 0x4F, 0x80, 0x4F, 0x80, 0x4F,
    0x80, 0x4F, 0x80, 0x4F, 0x80, 0x4F, 0x80, 0x4F, 0x80, 0x4F, 0x80, 0x4F, 0x80, 0x00, 0x7F, 0xFF,
    0xFF, 0xFF, 0x70, 0x00, 0x48, 0x88, 0x88, 0xAF, 0x70, 0x00, 0x00, 0x00, 0x00, 0x5F, 0x70, 0x00,
    0x00, 0x00, 0x00, 0x5F, 0x70, 0x00, 0x00, 0x00, 0x00, 0x5F, 0x70, 0x00, 0x00, 0x00, 0x00, 0x5F,
    0x70, 0x00, 0x00, 0x00, 0x00, 0x5F, 0x70, 0x00, 0x00, 0x00, 0x00, 0x5F, 0x70, 0x00, 0x00, 0x00,
    0x00, 0x5F, 0x70, 0x00, 0x00, 0x00, 0x00, 0x5F, 0x70, 0x00, 0x00, 0x00, 0x00, 0x5F, 0x70, 0x00,
    0x00, 0x00, 0x00, 0x5F, 0x70, 0x00, 0x00, 0x00, 0x00, 0x6F, 0x60, 0x03, 0x20, 0x00, 0x00, 0x9F,
    0x40, 0x0D, 0xC2, 0x00, 0x03, 0xFE, 0x00, 0x05, 0xFF, 0xA8, 0xAF, 0xF5, 0x00, 0x00, 0x29, 0xDF,
    0xEB, 0x40, 0x00, 0x4F, 0x80, 0x00, 0x00, 0x00, 0x03, 0xED, 0x10, 0x4F, 0x80, 0x00, 0x00, 0x00,
    0x2E, 0xD2, 0x00, 0x4F, 0x80, 0x00, 0x00, 0x02, 0xDE, 0x20, 0x00, 0x4F, 0x80, 0x00, 0x00, 0x2D,
    0xE3, 0x00, 0x00, 0x4F, 0x80, 0x00, 0x01, 0xDE, 0x30, 0x00, 0x00, 0x4F, 0x80, 0x00, 0x1C, 0xF4,
    0x00, 0x00, 0x00, 0x4F, 0x80, 0x01, 0xCF, 0x50, 0x00, 0x00, 0x00, 0x4F, 0x80, 0x1B, 0xF6, 0x00,
    0x00, 0x00, 0x00, 0x4F, 0x80, 0xBF, 0xFB, 0x00, 0x00, 0x00, 0x00, 0x4F, 0x8A, 0xF7, 0xAF, 0x90,
    0x00, 0x00, 0x00, 0x4F, 0xEF, 0x80, 0x0C, 0xF7, 0x00, 0x00, 0x00, 0x4F, 0xF8, 0x00, 0x01, 0xDF,
    0x50, 0x00, 0x00, 0x4F, 0xA0, 0x00, 0x00, 0x2E, 0xE3, 0x00, 0x00, 0x4F, 0x80, 0x00, 0x00, 0x04,
    0xFD, 0x10, 0x00, 0x4F, 0x80, 0x00, 0x00, 0x00, 0x5F, 0xC0, 0x00, 0x4F, 0x80, 0x00, 0x00, 0x00,
    0x07, 0xFA, 0x00, 0x4F, 0x80, 0x00, 0x00, 0x00, 0x00, 0x9F, 0x80, 0x4F, 0x80, 0x00, 0x00, 0x00,
    0x00, 0x4F, 0x80, 0x00, 0x00, 0x00, 0x00, 0x4F, 0x80, 0x00, 0x00, 0x00, 0x00, 0x4F, 0x80, 0x00,
    0x00, 0x00, 0x00, 0x4F, 0x80, 0x00, 0x00, 0x00, 0x00, 0x4F, 0x80, 0x00, 0x00, 0x00, 0x00, 0x4F,
    0x80, 0x00, 0x00, 0x00, 0x00, 0x4F, 0x80, 0x00, 0x00, 0x00, 0x00, 0x4F, 0x80, 0x00, 0x00, 0x00,
    0x00, 0x4F, 0x80, 0x00, 0x00, 0x00, 0x00, 0x4F, 0x80, 0x00, 0x00, 0x00, 0x00, 0x4F, 0x80, 0x00,
    0x00, 0x00, 0x00, 0x4F, 0x80, 0x00, 0x00, 0x00, 0x00, 0x4F, 0x80, 0x00, 0x00, 0x00, 0x00, 0x4F,
    0x80, 0x00, 0x00, 0x00, 0x00, 0x4F, 0xB8, 0x88, 0x88, 0x88, 0x87, 0x4F, 0xFF, 0xFF, 0xFF, 0xFF,
    0xFE, 0x4F, 0x70, 0x00, 0x00, 0x00, 0x00, 0x00, 0x00, 0x9F, 0x30, 0x4F, 0xE2, 0x00, 0x00, 0x00,
    0x00, 0x00, 0x02, 0xFF, 0x30, 0x4F, 0xFA, 0x00, 0x00, 0x00, 0x00, 0x00, 0x0B, 0xFF, 0x30, 0x4F,
    0xEF, 0x30, 0x00, 0x00, 0x00, 0x00, 0x4F, 0xEF, 0x30, 0x4F, 0x8E, 0xC0, 0x00, 0x00, 0x00, 0x00,
    0xDD, 0x8F, 0x30, 0x4F, 0x77, 0xF6, 0x00, 0x00, 0x00, 0x06, 0xF5, 0x8F, 0x30, 0x4F, 0x70, 0xDE,
    0x10, 0x00, 0x00, 0x1E, 0xB0, 0x8F, 0x30, 0x4F, 0x70, 0x4F, 0x80, 0x00, 0x00, 0x9F, 0x30, 0x8F,
    0x30, 0x4F, 0x70, 0x0A, 0xF2, 0x00, 0x02, 0xF8, 0x00, 0x8F, 0x30, 0x4F, 0x70, 0x02, 0xEB, 0x00,
    0x0B, 0xE1, 0x00, 0x8F, 0x30, 0x4F, 0x70, 0x00, 0x8F, 0x40, 0x4F, 0x60, 0x00, 0x8F, 0x30, 0x4F,
    0x70, 0x00, 0x1D, 0xD1, 0xDC, 0x00, 0x00, 0x8F, 0x30, 0x4F, 0x70, 0x00, 0x05, 0xFC, 0xF4, 0x00,
    0x00, 0x8F, 0x30, 0x4F, 0x70, 0x00, 0x00, 0xBF, 0xA0, 0x00, 0x00, 0x8F, 0x30, 0x4F, 0x70, 0x00,
    0x00, 0x2C, 0x20, 0x00, 0x00, 0x8F, 0x30, 0x4F, 0x70, 0x00, 0x00, 0x00, 0x00, 0x00, 0x00, 0x8F,
    0x30, 0x4F, 0x70, 0x00, 0x00, 0x00, 0x00, 0x00, 0x00, 0x8F, 0x30, 0x4F, 0x90, 0x00, 0x00, 0x00,
    0x00, 0x0F, 0xC0, 0x4F, 0xF6, 0x00, 0x00, 0x00, 0x00, 0x0F, 0xC0, 0x4F, 0xFF, 0x30, 0x00, 0x00,
    0x00, 0x0F, 0xC0, 0x4F, 0xCF, 0xD1, 0x00, 0x00, 0x00, 0x0F, 0xC0, 0x4F, 0x88, 0xFB, 0x00, 0x00,
    0x00, 0x0F, 0xC0, 0x4F, 0x80, 0xBF, 0x80, 0x00, 0x00, 0x0F, 0xC0, 0x4F, 0x80, 0x1D, 0xF5, 0x00,
    0x00, 0x0F, 0xC0, 0x4F, 0x80, 0x03, 0xFE, 0x20, 0x00, 0x0F, 0xC0, 0x4F, 0x80, 0x00, 0x6F, 0xC1,
    0x00, 0x0F, 0xC0, 0x4F, 0x80, 0x00, 0x09, 0xFA, 0x00, 0x0F, 0xC0, 0x4F, 0x80, 0x00, 0x00, 0xCF,
    0x60, 0x0F, 0xC0, 0x4F, 0x80, 0x00, 0x00, 0x2E, 0xF4, 0x0F, 0xC0, 0x4F, 0x80, 0x00, 0x00, 0x04,
    0xFE, 0x1F, 0xC0, 0x4F, 0x80, 0x00, 0x00, 0x00, 0x7F, 0xBF, 0xC0, 0x4F, 0x80, 0x00, 0x00, 0x00,
    0x0A, 0xFF, 0xC0, 0x4F, 0x80, 0x00, 0x00, 0x00, 0x01, 0xCF, 0xC0, 0x4F, 0x80, 0x00, 0x00, 0x00,
    0x00, 0x2E, 0xC0, 0x00, 0x00, 0x05, 0x9D, 0xEE, 0xDA, 0x50, 0x00, 0x00, 0x00, 0x03, 0xCF, 0xEB,
    0x99, 0xAE, 0xFD, 0x40, 0x00, 0x00, 0x5F, 0xE6, 0x10, 0x00, 0x00, 0x5E, 0xF6, 0x00, 0x03, 0xEE,
    0x30, 0x00, 0x00, 0x00, 0x02, 0xDF, 0x40, 0x0B, 0xF4, 0x00, 0x00, 0x00, 0x00, 0x00, 0x3E, 0xD0,
    0x3F, 0xA0, 0x00, 0x00, 0x00, 0x00, 0x00, 0x09, 0xF5, 0x8F, 0x40, 0x00, 0x00, 0x00, 0x00, 0x00,
    0x03, 0xFA, 0xAF, 0x20, 0x00, 0x00, 0x00, 0x00, 0x00, 0x00, 0xFC, 0xBF, 0x00, 0x00, 0x00, 0x00,
    0x00, 0x00, 0x00, 0xED, 0xAF, 0x20, 0x00, 0x00, 0x00, 0x00, 0x00, 0x00, 0xFC, 0x8F, 0x40, 0x00,
    0x00, 0x00, 0x00, 0x00, 0x03, 0xFA, 0x3F, 0xA0, 0x00, 0x00, 0x00, 0x00, 0x00, 0x09, 0xF5, 0x0B,
    0xF4, 0x00, 0x00, 0x00, 0x00, 0x00, 0x2E, 0xD0, 0x03, 0xEE, 0x30, 0x00, 0x00, 0x00, 0x02, 0xDF,
    0x40, 0x00, 0x5F, 0xE6, 0x10, 0x00, 0x00, 0x5E, 0xF6, 0x00, 0x00, 0x03, 0xDF, 0xEB, 0x98, 0xAE,
    0xFD, 0x40, 0x00, 0x00, 0x00, 0x05, 0xAD, 0xEE, 0xDA, 0x60, 0x00, 0x00, 0x4F, 0xFF, 0xFF, 0xFF,
    0xDA, 0x50, 0x00, 0x4F, 0xB8, 0x88, 0x88, 0xAE, 0xFC, 0x20, 0x4F, 0x80, 0x00, 0x00, 0x00, 0x7F,
    0xD1, 0x4F, 0x80, 0x00, 0x00, 0x00, 0x08, 0xF7, 0x4F, 0x80, 0x00, 0x00, 0x00, 0x01, 0xFB, 0x4F,
    0x80, 0x00, 0x00, 0x00, 0x00, 0xED, 0x4F, 0x80, 0x00, 0x00, 0x00, 0x00, 0xEC, 0x4F, 0x80, 0x00,
    0x00, 0x00, 0x03, 0xFA, 0x4F, 0x80, 0x00, 0x00, 0x00, 0x1C, 0xF4, 0x4F, 0x80, 0x00, 0x00, 0x26,
    0xDF, 0x80, 0x4F, 0xFF, 0xFF, 0xFF, 0xFF, 0xD5, 0x00, 0x4F, 0xB8, 0x88, 0x87, 0x63, 0x00, 0x00,
    0x4F, 0x80, 0x00, 0x00, 0x00, 0x00, 0x00, 0x4F, 0x80, 0x00, 0x00, 0x00, 0x00, 0x00, 0x4F, 0x80,
    0x00, 0x00, 0x00, 0x00, 0x00, 0x4F, 0x80, 0x00, 0x00, 0x00, 0x00, 0x00, 0x4F, 0x80, 0x00, 0x00,
    0x00, 0x00, 0x00, 0x00, 0x00, 0x05, 0x9D, 0xEE, 0xDA, 0x50, 0x00, 0x00, 0x00, 0x00, 0x03, 0xCF,
    0xEB, 0x99, 0xAE, 0xFD, 0x40, 0x00, 0x00, 0x00, 0x5F, 0xE7, 0x10, 0x00, 0x00, 0x6E, 0xF6, 0x00,
    0x00, 0x03, 0xEE, 0x30, 0x00, 0x00, 0x00, 0x02, 0xDF, 0x40, 0x00, 0x0B, 0xF4, 0x00, 0x00, 0x00,
    0x00, 0x00, 0x3E, 0xD0, 0x00, 0x3F, 0xA0, 0x00, 0x00, 0x00, 0x00, 0x00, 0x09, 0xF5, 0x00, 0x8F,
    0x40, 0x00, 0x00, 0x00, 0x00, 0x00, 0x03, 0xFA, 0x00, 0xAF, 0x20, 0x00, 0x00, 0x00, 0x00, 0x00,
    0x00, 0xFC, 0x00, 0xBF, 0x00, 0x00, 0x00, 0x00, 0x00, 0x00, 0x00, 0xED, 0x00, 0xAF, 0x20, 0x00,
    0x00, 0x00, 0x00, 0x00, 0x00, 0xFC, 0x00, 0x8F, 0x40, 0x00, 0x00, 0x00, 0x00, 0x00, 0x03, 0xFA,
    0x00, 0x3F, 0xA0, 0x00, 0x00, 0x00, 0x00, 0x00, 0x09, 0xF5, 0x00, 0x0C, 0xF4, 0x00, 0x00, 0x00,
    0x00, 0x00, 0x3E, 0xD0, 0x00, 0x03, 0xFE, 0x30, 0x00, 0x00, 0x00, 0x02, 0xDF, 0x40, 0x00, 0x00,
    0x5F, 0xE6, 0x10, 0x00, 0x00, 0x5E, 0xF6, 0x00, 0x00, 0x00, 0x04, 0xDF, 0xEB, 0x98, 0xAE, 0xFD,
    0x50, 0x00, 0x00, 0x00, 0x00, 0x05, 0xAD, 0xFF, 0xFB, 0x61, 0x00, 0x00, 0x00, 0x00, 0x00, 0x00,
    0x00, 0x0B, 0xF9, 0x00, 0x00, 0x05, 0x10, 0x00, 0x00, 0x00, 0x00, 0x01, 0xBF, 0xB3, 0x02, 0x8F,
    0x70, 0x00, 0x00, 0x00, 0x00, 0x00, 0x08, 0xEF, 0xFF, 0xF9, 0x00, 0x00, 0x00, 0x00, 0x00, 0x00,
    0x00, 0x15, 0x76, 0x20, 0x00, 0x4F, 0xFF, 0xFF, 0xFF, 0xDA, 0x50, 0x00, 0x00, 0x4F, 0xB8, 0x88,
    0x88, 0xAE, 0xFC, 0x20, 0x00, 0x4F, 0x80, 0x00, 0x00, 0x00, 0x7F, 0xD1, 0x00, 0x4F, 0x80, 0x00,
    0x00, 0x00, 0x07, 0xF7, 0x00, 0x4F, 0x80, 0x00, 0x00, 0x00, 0x01, 0xFB, 0x00, 0x4F, 0x80, 0x00,
    0x00, 0x00, 0x00, 0xED, 0x00, 0x4F, 0x80, 0x00, 0x00, 0x00, 0x00, 0xED, 0x00, 0x4F, 0x80, 0x00,
    0x00, 0x00, 0x03, 0xFA, 0x00, 0x4F, 0x80, 0x00, 0x00, 0x00, 0x1C, 0xF4, 0x00, 0x4F, 0x80, 0x00,
    0x00, 0x26, 0xDF, 0x70, 0x00, 0x4F, 0xFF, 0xFF, 0xFF, 0xFF, 0xD5, 0x00, 0x00, 0x4F, 0xB8, 0x88,
    0x87, 0xAF, 0x50, 0x00, 0x00, 0x4F, 0x80, 0x00, 0x00, 0x1D, 0xE2, 0x00, 0x00, 0x4F, 0x80, 0x00,
    0x00, 0x03, 0xFB, 0x00, 0x00, 0x4F, 0x80, 0x00, 0x00, 0x00, 0x8F, 0x60, 0x00, 0x4F, 0x80, 0x00,
    0x00, 0x00, 0x0C, 0xE2, 0x00, 0x4F, 0x80, 0x00, 0x00, 0x00, 0x03, 0xFC, 0x00, 0x00, 0x17, 0xBD,
    0xFE, 0xC9, 0x40, 0x00, 0x02, 0xDF, 0xC9, 0x89, 0xBF, 0xFA, 0x00, 0x0D, 0xF5, 0x00, 0x00, 0x01,
    0x77, 0x00, 0x4F, 0x80, 0x00, 0x00, 0x00, 0x00, 0x00, 0x7F, 0x50, 0x00, 0x00, 0x00, 0x00, 0x00,
    0x5F, 0x80, 0x00, 0x00, 0x00, 0x00, 0x00, 0x1E, 0xF6, 0x00, 0x00, 0x00, 0x00, 0x00, 0x04, 0xEF,
    0xE9, 0x51, 0x00, 0x00, 0x00, 0x00, 0x16, 0xCF, 0xFF, 0xC6, 0x10, 0x00, 0x00, 0x00, 0x01, 0x59,
    0xEF, 0xE4, 0x00, 0x00, 0x00, 0x00, 0x00, 0x05, 0xEF, 0x20, 0x00, 0x00, 0x00, 0x00, 0x00, 0x6F,
    0x80, 0x00, 0x00, 0x00, 0x00, 0x00, 0x2F, 0x90, 0x22, 0x00, 0x00, 0x00, 0x00, 0x5F, 0x70, 0xAE,
    0x61, 0x00, 0x00, 0x03, 0xEE, 0x10, 0x2C, 0xFF, 0xB9, 0x89, 0xCF, 0xE4, 0x00, 0x00, 0x49, 0xCE,
    0xFE, 0xC7, 0x10, 0x00, 0xEF, 0xFF, 0xFF, 0xFF, 0xFF, 0xFF, 0xFA, 0x78, 0x88, 0x88, 0xFD, 0x88,
    0x88, 0x85, 0x00, 0x00, 0x00, 0xFC, 0x00, 0x00, 0x00, 0x00, 0x00, 0x00, 0xFC, 0x00, 0x00, 0x00,
    0x00, 0x00, 0x00, 0xFC, 0x00, 0x00, 0x00, 0x00, 0x00, 0x00, 0xFC, 0x00, 0x00, 0x00, 0x00, 0x00,
    0x00, 0xFC, 0x00, 0x00, 0x00, 0x00, 0x00, 0x00, 0xFC, 0x00, 0x00, 0x00, 0x00, 0x00, 0x00, 0xFC,
    0x00, 0x00, 0x00, 0x00, 0x00, 0x00, 0xFC, 0x00, 0x00, 0x00, 0x00, 0x00, 0x00, 0xFC, 0x00, 0x00,
    0x00, 0x00, 0x00, 0x00, 0xFC, 0x00, 0x00, 0x00, 0x00, 0x00, 0x00, 0xFC, 0x00, 0x00, 0x00, 0x00,
    0x00, 0x00, 0xFC, 0x00, 0x00, 0x00, 0x00, 0x00, 0x00, 0xFC, 0x00, 0x00, 0x00, 0x00, 0x00, 0x00,
    0xFC, 0x00, 0x00, 0x00, 0x00, 0x00, 0x00, 0xFC, 0x00, 0x00, 0x00, 0x6F, 0x60, 0x00, 0x00, 0x00,
    0x00, 0x5F, 0x60, 0x6F, 0x60, 0x00, 0x00, 0x00, 0x00, 0x5F, 0x60, 0x6F, 0x60, 0x00, 0x00, 0x00,
    0x00, 0x5F, 0x60, 0x6F, 0x60, 0x00, 0x00, 0x00, 0x00, 0x5F, 0x60, 0x6F, 0x60, 0x00, 0x00, 0x00,
    0x00, 0x5F, 0x60, 0x6F, 0x60, 0x00, 0x00, 0x00, 0x00, 0x5F, 0x60, 0x6F, 0x60, 0x00, 0x00, 0x00,
    0x00, 0x5F, 0x60, 0x6F, 0x60, 0x00, 0x00, 0x00, 0x00, 0x5F, 0x60, 0x6F, 0x60, 0x00, 0x00, 0x00,
    0x00, 0x5F, 0x60, 0x6F, 0x60, 0x00, 0x00, 0x00, 0x00, 0x5F, 0x60, 0x5F, 0x60, 0x00, 0x00, 0x00,
    0x00, 0x6F, 0x50, 0x4F, 0x80, 0x00, 0x00, 0x00, 0x00, 0x8F, 0x30, 0x1F, 0xC0, 0x00, 0x00, 0x00,
    0x00, 0xCF, 0x00, 0x0A, 0xF5, 0x00, 0x00, 0x00, 0x04, 0xF9, 0x00, 0x02, 0xEE, 0x50, 0x00, 0x00,
    0x5E, 0xE2, 0x00, 0x00, 0x3E, 0xFD, 0x98, 0x9C, 0xFE, 0x30, 0x00, 0x00, 0x01, 0x7B, 0xEF, 0xEB,
    0x71, 0x00, 0x00, 0xBF, 0x30, 0x00, 0x00, 0x00, 0x00, 0x00, 0x5F, 0x70, 0x4F, 0xA0, 0x00, 0x00,
    0x00, 0x00, 0x00, 0xBF, 0x10, 0x0C, 0xF1, 0x00, 0x00, 0x00, 0x00, 0x03, 0xF9, 0x00, 0x06, 0xF8,
    0x00, 0x00, 0x00, 0x00, 0x09, 0xF3, 0x00, 0x00, 0xEE, 0x00, 0x00, 0x00, 0x00, 0x1F, 0xB0, 0x00,
    0x00, 0x8F, 0x60, 0x00, 0x00, 0x00, 0x8F, 0x40, 0x00, 0x00, 0x2F, 0xC0, 0x00, 0x00, 0x00, 0xED,
    0x00, 0x00, 0x00, 0x0A, 0xF4, 0x00, 0x00, 0x06, 0xF6, 0x00, 0x00, 0x00, 0x03, 0xFA, 0x00, 0x00,
    0x0C, 0xE1, 0x00, 0x00, 0x00, 0x00, 0xCF, 0x20, 0x00, 0x4F, 0x80, 0x00, 0x00, 0x00, 0x00, 0x5F,
    0x80, 0x00, 0xBF, 0x20, 0x00, 0x00, 0x00, 0x00, 0x0D, 0xE1, 0x02, 0xFA, 0x00, 0x00, 0x00, 0x00,
    0x00, 0x07, 0xF6, 0x09, 0xF3, 0x00, 0x00, 0x00, 0x00, 0x00, 0x01, 0xED, 0x1E, 0xC0, 0x00, 0x00,
    0x00, 0x00, 0x00, 0x00, 0x9F, 0xBF, 0x50, 0x00, 0x00, 0x00, 0x00, 0x00, 0x00, 0x2F, 0xFD, 0x00,
    0x00, 0x00, 0x00, 0x00, 0x00, 0x00, 0x0B, 0xF7, 0x00, 0x00, 0x00, 0x00, 0x0E, 0xD0, 0x00, 0x00,
    0x00, 0x00, 0x9F, 0x60, 0x00, 0x00, 0x00, 0x01, 0xF9, 0x09, 0xF3, 0x00, 0x00, 0x00, 0x00, 0xEF,
    0xB0, 0x00, 0x00, 0x00, 0x06, 0xF4, 0x04, 0xF8, 0x00, 0x00, 0x00, 0x04, 0xFE, 0xF1, 0x00, 0x00,
    0x00, 0x0B, 0xE0, 0x00, 0xED, 0x00, 0x00, 0x00, 0x09, 0xF6, 0xF6, 0x00, 0x00, 0x00, 0x1F, 0x90,
    0x00, 0x9F, 0x30, 0x00, 0x00, 0x0E, 0xB1, 0xEB, 0x00, 0x00, 0x00, 0x6F, 0x40, 0x00, 0x4F, 0x80,
    0x00, 0x00, 0x5F, 0x50, 0xAF, 0x10, 0x00, 0x00, 0xBE, 0x00, 0x00, 0x0E, 0xD0, 0x00, 0x00, 0xAE,
    0x10, 0x5F, 0x60, 0x00, 0x01, 0xF9, 0x00, 0x00, 0x09, 0xF3, 0x00, 0x01, 0xEA, 0x00, 0x1E, 0xB0,
    0x00, 0x06, 0xF4, 0x00, 0x00, 0x04, 0xF8, 0x00, 0x05, 0xF5, 0x00, 0x0A, 0xF1, 0x00, 0x0B, 0xE0,
    0x00, 0x00, 0x00, 0xED, 0x00, 0x0A, 0xE0, 0x00, 0x05, 0xF6, 0x00, 0x1F, 0xA0, 0x00, 0x00, 0x00,
    0x9F, 0x30, 0x1F, 0xA0, 0x00, 0x00, 0xEB, 0x00, 0x6F, 0x50, 0x00, 0x00, 0x00, 0x4F, 0x80, 0x6F,
    0x40, 0x00, 0x00, 0x9F, 0x20, 0xBE, 0x00, 0x00, 0x00, 0x00, 0x0E, 0xD0, 0xBE, 0x00, 0x00, 0x00,
    0x4F, 0x61, 0xFA, 0x00, 0x00, 0x00, 0x00, 0x09, 0xF4, 0xF9, 0x00, 0x00, 0x00, 0x0E, 0xC6, 0xF5,
    0x00, 0x00, 0x00, 0x00, 0x04, 0xFD, 0xF4, 0x00, 0x00, 0x00, 0x09, 0xFD, 0xE0, 0x00, 0x00, 0x00,
    0x00, 0x00, 0xEF, 0xE0, 0x00, 0x00, 0x00, 0x04, 0xFF, 0xA0, 0x00, 0x00, 0x00, 0x00, 0x00, 0x9F,
    0x90, 0x00, 0x00, 0x00, 0x00, 0xDF, 0x50, 0x00, 0x00, 0x0C, 0xF3, 0x00, 0x00, 0x00, 0x00, 0x6F,
    0x80, 0x02, 0xED, 0x10, 0x00, 0x00, 0x02, 0xEC, 0x00, 0x00, 0x6F, 0xA0, 0x00, 0x00, 0x0C, 0xE2,
    0x00, 0x00, 0x0A, 0xF6, 0x00, 0x00, 0x9F, 0x50, 0x00, 0x00, 0x01, 0xDE, 0x20, 0x04, 0xFA, 0x00,
    0x00, 0x00, 0x00, 0x4F, 0xC0, 0x1E, 0xD1, 0x00, 0x00, 0x00, 0x00, 0x08, 0xF8, 0xBF, 0x30, 0x00,
    0x00, 0x00, 0x00, 0x00, 0xCF, 0xF7, 0x00, 0x00, 0x00, 0x00, 0x00, 0x00, 0x6F, 0xF2, 0x00, 0x00,
    0x00, 0x00, 0x00, 0x02, 0xED, 0xFC, 0x00, 0x00, 0x00, 0x00, 0x00, 0x0C, 0xF3, 0x7F, 0x80, 0x00,
    0x00, 0x00, 0x00, 0x8F, 0x70, 0x0B, 0xF5, 0x00, 0x00, 0x00, 0x04, 0xFB, 0x00, 0x02, 0xEE, 0x20,
    0x00, 0x00, 0x2E, 0xE1, 0x00, 0x00, 0x4F, 0xB0, 0x00, 0x00, 0xBF, 0x40, 0x00, 0x00, 0x08, 0xF8,
    0x00, 0x07, 0xF8, 0x00, 0x00, 0x00, 0x00, 0xCF, 0x40, 0x4F, 0xC0, 0x00, 0x00, 0x00, 0x00, 0x2E,
    0xD1, 0xAF, 0x30, 0x00, 0x00, 0x00, 0x00, 0x0D, 0xD1, 0x2E, 0xC0, 0x00, 0x00, 0x00, 0x00, 0x7F,
    0x50, 0x07, 0xF6, 0x00, 0x00, 0x00, 0x02, 0xEB, 0x00, 0x00, 0xDE, 0x10, 0x00, 0x00, 0x0A, 0xF2,
    0x00, 0x00, 0x4F, 0x90, 0x00, 0x00, 0x4F, 0x80, 0x00, 0x00, 0x0A, 0xF4, 0x00, 0x00, 0xDD, 0x10,
    0x00, 0x00, 0x02, 0xEC, 0x00, 0x07, 0xF5, 0x00, 0x00, 0x00, 0x00, 0x7F, 0x70, 0x2E, 0xB0, 0x00,
    0x00, 0x00, 0x00, 0x0D, 0xE1, 0xAF, 0x20, 0x00, 0x00, 0x00, 0x00, 0x04, 0xFC, 0xF7, 0x00, 0x00,
    0x00, 0x00, 0x00, 0x00, 0xAF, 0xD0, 0x00, 0x00, 0x00, 0x00, 0x00, 0x00, 0x4F, 0x80, 0x00, 0x00,
    0x00, 0x00, 0x00, 0x00, 0x4F, 0x80, 0x00, 0x00, 0x00, 0x00, 0x00, 0x00, 0x4F, 0x80, 0x00, 0x00,
    0x00, 0x00, 0x00, 0x00, 0x4F, 0x80, 0x00, 0x00, 0x00, 0x00, 0x00, 0x00, 0x4F, 0x80, 0x00, 0x00,
    0x00, 0x00, 0x00, 0x00, 0x4F, 0x80, 0x00, 0x00, 0x00, 0xBF, 0xFF, 0xFF, 0xFF, 0xFF, 0xFF, 0xF8,
    0x68, 0x88, 0x88, 0x88, 0x88, 0x8F, 0xF5, 0x00, 0x00, 0x00, 0x00, 0x00, 0x8F, 0x80, 0x00, 0x00,
    0x00, 0x00, 0x05, 0xFB, 0x00, 0x00, 0x00, 0x00, 0x00, 0x2E, 0xE1, 0x00, 0x00, 0x00, 0x00, 0x01,
    0xDF, 0x40, 0x00, 0x00, 0x00, 0x00, 0x0A, 0xF7, 0x00, 0x00, 0x00, 0x00, 0x00, 0x7F, 0xA0, 0x00,
    0x00, 0x00, 0x00, 0x04, 0xFD, 0x10, 0x00, 0x00, 0x00, 0x00, 0x2E, 0xE2, 0x00, 0x00, 0x00, 0x00,
    0x00, 0xCF, 0x50, 0x00, 0x00, 0x00, 0x00, 0x09, 0xF8, 0x00, 0x00, 0x00, 0x00, 0x00, 0x5F, 0xB0,
    0x00, 0x00, 0x00, 0x00, 0x03, 0xEE, 0x10, 0x00, 0x00, 0x00, 0x00, 0x1D, 0xF4, 0x00, 0x00, 0x00,
    0x00, 0x00, 0xAF, 0xC8, 0x88, 0x88, 0x88, 0x88, 0x87, 0xEF, 0xFF, 0xFF, 0xFF, 0xFF, 0xFF, 0xFD,
    0x4F, 0xFF, 0xF2, 0x4F, 0xB8, 0x81, 0x4F, 0x70, 0x00, 0x4F, 0x70, 0x00, 0x4F, 0x70, 0x00, 0x4F,
    0x70, 0x00, 0x4F, 0x70, 0x00, 0x4F, 0x70, 0x00, 0x4F, 0x70, 0x00, 0x4F, 0x70, 0x00, 0x4F, 0x70,
    0x00, 0x4F, 0x70, 0x00, 0x4F, 0x70, 0x00, 0x4F, 0x70, 0x00, 0x4F, 0x70, 0x00, 0x4F, 0x70, 0x00,
    0x4F, 0x70, 0x00, 0x4F, 0x70, 0x00, 0x4F, 0x70, 0x00, 0x4F, 0x70, 0x00, 0x4F, 0x70, 0x00, 0x4F,
    0xB8, 0x81, 0x4F, 0xFF, 0xF2, 0xAD, 0x00, 0x00, 0x00, 0x00, 0x5F, 0x40, 0x00, 0x00, 0x00, 0x1E,
    0x90, 0x00, 0x00, 0x00, 0x0A, 0xE0, 0x00, 0x00, 0x00, 0x04, 0xF4, 0x00, 0x00, 0x00, 0x00, 0xE9,
    0x00, 0x00, 0x00, 0x00, 0x9E, 0x00, 0x00, 0x00, 0x00, 0x4F, 0x50, 0x00, 0x00, 0x00, 0x0E, 0xA0,
    0x00, 0x00, 0x00, 0x09, 0xE1, 0x00, 0x00, 0x00, 0x03, 0xF5, 0x00, 0x00, 0x00, 0x00, 0xDA, 0x00,
    0x00, 0x00, 0x00, 0x8F, 0x10, 0x00, 0x00, 0x00, 0x3F, 0x60, 0x00, 0x00, 0x00, 0x0D, 0xB0, 0x00,
    0x00, 0x00, 0x08, 0xF1, 0x00, 0x00, 0x00, 0x02, 0xF6, 0x00, 0x00, 0x00, 0x00, 0xCB, 0x00, 0x00,
    0x00, 0x00, 0x7F, 0x10, 0x00, 0x00, 0x00, 0x2F, 0x70, 0x00, 0x00, 0x00, 0x0C, 0xC0, 0x00, 0x00,
    0x00, 0x07, 0xF2, 0x00, 0x00, 0x00, 0x02, 0xF7, 0x8F, 0xFF, 0xD0, 0x48, 0x8E, 0xD0, 0x00, 0x0C,
    0xD0, 0x00, 0x0C, 0xD0, 0x00, 0x0C, 0xD0, 0x00, 0x0C, 0xD0, 0x00, 0x0C, 0xD0, 0x00, 0x0C, 0xD0,
    0x00, 0x0C, 0xD0, 0x00, 0x0C, 0xD0, 0x00, 0x0C, 0xD0, 0x00, 0x0C, 0xD0, 0x00, 0x0C, 0xD0, 0x00,
    0x0C, 0xD0, 0x00, 0x0C, 0xD0, 0x00, 0x0C, 0xD0, 0x00, 0x0C, 0xD0, 0x00, 0x0C, 0xD0, 0x00, 0x0C,
    0xD0, 0x00, 0x0C, 0xD0, 0x00, 0x0C, 0xD0, 0x48, 0x8E, 0xD0, 0x8F, 0xFF, 0xD0, 0x00, 0x01, 0xED,
    0x00, 0x00, 0x00, 0x07, 0xEF, 0x40, 0x00, 0x00, 0x0D, 0x7A, 0xA0, 0x00, 0x00, 0x4F, 0x14, 0xF2,
    0x00, 0x00, 0xBA, 0x00, 0xD8, 0x00, 0x02, 0xF4, 0x00, 0x7E, 0x00, 0x08, 0xD0, 0x00, 0x1E, 0x50,
    0x1E, 0x60, 0x00, 0x09, 0xC0, 0x6E, 0x10, 0x00, 0x03, 0xF3, 0xC9, 0x00, 0x00, 0x00, 0xC9, 0x88,
    0x88, 0x88, 0x88, 0x88, 0x88, 0xFF, 0xFF, 0xFF, 0xFF, 0xFF, 0xFF, 0x4E, 0xD2, 0x00, 0x02, 0xCE,
    0x30, 0x00, 0x08, 0xE4, 0x00, 0x5A, 0xDF, 0xEC, 0x70, 0x00, 0x2C, 0xFD, 0x98, 0xAD, 0xFB, 0x00,
    0x0B, 0x40, 0x00, 0x00, 0xAF, 0x60, 0x00, 0x00, 0x00, 0x00, 0x1F, 0xB0, 0x00, 0x00, 0x00, 0x00,
    0x0D, 0xD0, 0x00, 0x15, 0x78, 0x88, 0x8E, 0xE0, 0x06, 0xFF, 0xFF, 0xFF, 0xFF, 0xE0, 0x4F, 0xC4,
    0x10, 0x00, 0x0C, 0xE0, 0x9F, 0x30, 0x00, 0x00, 0x0C, 0xE0, 0xAF, 0x10, 0x00, 0x00, 0x2E, 0xE0,
    0x7F, 0x80, 0x00, 0x02, 0xCF, 0xE0, 0x1C, 0xFD, 0x98, 0xBF, 0xAB, 0xE0, 0x01, 0x8D, 0xFE, 0xC6,
    0x0B, 0xE0, 0x9F, 0x10, 0x00, 0x00, 0x00, 0x00, 0x00, 0x9F, 0x10, 0x00, 0x00, 0x00, 0x00, 0x00,
    0x9F, 0x10, 0x00, 0x00, 0x00, 0x00, 0x00, 0x9F, 0x10, 0x00, 0x00, 0x00, 0x00, 0x00, 0x9F, 0x10,
    0x00, 0x00, 0x00, 0x00, 0x00, 0x9F, 0x11, 0x7C, 0xEE, 0xC6, 0x10, 0x00, 0x9F, 0x3D, 0xFB, 0x89,
    0xDF, 0xD2, 0x00, 0x9F, 0xDC, 0x20, 0x00, 0x06, 0xFD, 0x10, 0x9F, 0xD1, 0x00, 0x00, 0x00, 0x7F,
    0x80, 0x9F, 0x70, 0x00, 0x00, 0x00, 0x0E, 0xD0, 0x9F, 0x30, 0x00, 0x00, 0x00, 0x0A, 0xF1, 0x9F,
    0x10, 0x00, 0x00, 0x00, 0x08, 0xF2, 0x9F, 0x30, 0x00, 0x00, 0x00, 0x0A, 0xF1, 0x9F, 0x70, 0x00,
    0x00, 0x00, 0x0E, 0xD0, 0x9F, 0xD1, 0x00, 0x00, 0x00, 0x7F, 0x70, 0x9F, 0xDC, 0x20, 0x00, 0x06,
    0xFD, 0x10, 0x9F, 0x2D, 0xFA, 0x89, 0xDF, 0xC2, 0x00, 0x9F, 0x01, 0x7C, 0xEE, 0xC6, 0x10, 0x00,
    0x00, 0x04, 0xAD, 0xFE, 0xB5, 0x00, 0x00, 0x9F, 0xEA, 0x89, 0xEF, 0x90, 0x09, 0xFA, 0x10, 0x00,
    0x09, 0xF4, 0x3F, 0xB0, 0x00, 0x00, 0x00, 0x30, 0x9F, 0x30, 0x00, 0x00, 0x00, 0x00, 0xCE, 0x00,
    0x00, 0x00, 0x00, 0x00, 0xDD, 0x00, 0x00, 0x00, 0x00, 0x00, 0xCE, 0x00, 0x00, 0x00, 0x00, 0x00,
    0x9F, 0x30, 0x00, 0x00, 0x00, 0x00, 0x3F, 0xB0, 0x00, 0x00, 0x00, 0x20, 0x09, 0xF9, 0x10, 0x00,
    0x08, 0xF4, 0x00, 0x9F, 0xEA, 0x89, 0xDF, 0xA0, 0x00, 0x04, 0xAD, 0xFE, 0xB5, 0x00, 0x00, 0x00,
    0x00, 0x00, 0x00, 0x0C, 0xD0, 0x00, 0x00, 0x00, 0x00, 0x00, 0x0C, 0xD0, 0x00, 0x00, 0x00, 0x00,
    0x00, 0x0C, 0xD0, 0x00, 0x00, 0x00, 0x00, 0x00, 0x0C, 0xD0, 0x00, 0x00, 0x00, 0x00, 0x00, 0x0C,
    0xD0, 0x00, 0x05, 0xBD, 0xFD, 0x92, 0x0C, 0xD0, 0x01, 0xAF, 0xEA, 0x8A, 0xEE, 0x4C, 0xD0, 0x09,
    0xFA, 0x10, 0x00, 0x19, 0xEE, 0xD0, 0x3F, 0xB0, 0x00, 0x00, 0x00, 0xAF, 0xD0, 0x9F, 0x30, 0x00,
    0x00, 0x00, 0x3F, 0xD0, 0xCE, 0x00, 0x00, 0x00, 0x00, 0x0D, 0xD0, 0xDD, 0x00, 0x00, 0x00, 0x00,
    0x0C, 0xD0, 0xCE, 0x00, 0x00, 0x00, 0x00, 0x0D, 0xD0, 0x9F, 0x30, 0x00, 0x00, 0x00, 0x3F, 0xD0,
    0x3F, 0xB0, 0x00, 0x00, 0x00, 0xAF, 0xD0, 0x09, 0xF9, 0x10, 0x00, 0x09, 0xFD, 0xD0, 0x00, 0xAF,
    0xEA, 0x8A, 0xEE, 0x5B, 0xD0, 0x00, 0x05, 0xBD, 0xFD, 0x92, 0x0B, 0xD0, 0x00, 0x05, 0xBE, 0xED,
    0x82, 0x00, 0x00, 0x01, 0xAF, 0xD9, 0x8A, 0xFE, 0x40, 0x00, 0x0A, 0xF6, 0x00, 0x00, 0x2B, 0xF2,
    0x00, 0x4F, 0x70, 0x00, 0x00, 0x01, 0xDB, 0x00, 0x9F, 0x10, 0x00, 0x00, 0x00, 0x7F, 0x10, 0xCE,
    0x88, 0x88, 0x88, 0x88, 0xAF, 0x40, 0xDF, 0xFF, 0xFF, 0xFF, 0xFF, 0xFF, 0x50, 0xCD, 0x00, 0x00,
    0x00, 0x00, 0x00, 0x00, 0x9F, 0x20, 0x00, 0x00, 0x00, 0x00, 0x00, 0x3F, 0xA0, 0x00, 0x00, 0x00,
    0x00, 0x00, 0x09, 0xFA, 0x10, 0x00, 0x04, 0xD4, 0x00, 0x00, 0x9F, 0xEA, 0x89, 0xCF, 0xD2, 0x00,
    0x00, 0x04, 0xAD, 0xFE, 0xB6, 0x00, 0x00, 0x00, 0x01, 0x8D, 0xED, 0x70, 0x00, 0x0A, 0xFB, 0x8A,
    0xA0, 0x00, 0x2F, 0x90, 0x00, 0x00, 0x00, 0x5F, 0x50, 0x00, 0x00, 0x00, 0x5F, 0x50, 0x00, 0x00,
    0x9F, 0xFF, 0xFF, 0xFF, 0x30, 0x58, 0xAF, 0xA8, 0x88, 0x20, 0x00, 0x5F, 0x60, 0x00, 0x00, 0x00,
    0x5F, 0x60, 0x00, 0x00, 0x00, 0x5F, 0x60, 0x00, 0x00, 0x00, 0x5F, 0x60, 0x00, 0x00, 0x00, 0x5F,
    0x60, 0x00, 0x00, 0x00, 0x5F, 0x60, 0x00, 0x00, 0x00, 0x5F, 0x60, 0x00, 0x00, 0x00, 0x5F, 0x60,
    0x00, 0x00, 0x00, 0x5F, 0x60, 0x00, 0x00, 0x00, 0x5F, 0x60, 0x00, 0x00, 0x00, 0x5F, 0x60, 0x00,
    0x00, 0x00, 0x04, 0xAD, 0xFD, 0x93, 0x08, 0xF1, 0x01, 0xAF, 0xEA, 0x89, 0xEF, 0x68, 0xF1, 0x09,
    0xFA, 0x10, 0x00, 0x07, 0xFC, 0xF1, 0x3F, 0xB0, 0x00, 0x00, 0x00, 0x8F, 0xF1, 0x9F, 0x30, 0x00,
    0x00, 0x00, 0x1E, 0xF1, 0xCE, 0x00, 0x00, 0x00, 0x00, 0x0B, 0xF1, 0xDD, 0x00, 0x00, 0x00, 0x00,
    0x09, 0xF1, 0xCE, 0x00, 0x00, 0x00, 0x00, 0x0B, 0xF1, 0x9F, 0x30, 0x00, 0x00, 0x00, 0x1E, 0xF1,
    0x3F, 0xB0, 0x00, 0x00, 0x00, 0x8F, 0xF1, 0x09, 0xFA, 0x10, 0x00, 0x07, 0xFD, 0xF1, 0x00, 0xAF,
    0xEA, 0x89, 0xDF, 0x7A, 0xF1, 0x00, 0x04, 0xAD, 0xFD, 0xA3, 0x0A, 0xF0, 0x00, 0x00, 0x00, 0x00,
    0x00, 0x0C, 0xD0, 0x00, 0x00, 0x00, 0x00, 0x00, 0x2F, 0x90, 0x0A, 0x92, 0x00, 0x00, 0x02, 0xCF,
    0x20, 0x08, 0xFF, 0xC9, 0x88, 0xBF, 0xF5, 0x00, 0x00, 0x28, 0xBE, 0xFE, 0xD9, 0x20, 0x00, 0x9F,
    0x10, 0x00, 0x00, 0x00, 0x00, 0x9F, 0x10, 0x00, 0x00, 0x00, 0x00, 0x9F, 0x10, 0x00, 0x00, 0x00,
    0x00, 0x9F, 0x10, 0x00, 0x00, 0x00, 0x00, 0x9F, 0x10, 0x00, 0x00, 0x00, 0x00, 0x9F, 0x12, 0x8D,
    0xEE, 0xB5, 0x00, 0x9F, 0x5E, 0xE9, 0x8A, 0xEF, 0x90, 0x9F, 0xE9, 0x00, 0x00, 0x1C, 0xF5, 0x9F,
    0xB0, 0x00, 0x00, 0x03, 0xFB, 0x9F, 0x50, 0x00, 0x00, 0x00, 0xDE, 0x9F, 0x20, 0x00, 0x00, 0x00,
    0xBF, 0x9F, 0x10, 0x00, 0x00, 0x00, 0xBF, 0x9F, 0x10, 0x00, 0x00, 0x00, 0xBF, 0x9F, 0x10, 0x00,
    0x00, 0x00, 0xBF, 0x9F, 0x10, 0x00, 0x00, 0x00, 0xBF, 0x9F, 0x10, 0x00, 0x00, 0x00, 0xBF, 0x9F,
    0x10, 0x00, 0x00, 0x00, 0xBF, 0x9F, 0x10, 0x00, 0x00, 0x00, 0xBF, 0xAE, 0x40, 0xCF, 0x50, 0x01,
    0x00, 0x00, 0x00, 0x00, 0x00, 0x9F, 0x10, 0x9F, 0x10, 0x9F, 0x10, 0x9F, 0x10, 0x9F, 0x10, 0x9F,
    0x10, 0x9F, 0x10, 0x9F, 0x10, 0x9F, 0x10, 0x9F, 0x10, 0x9F, 0x10, 0x9F, 0x10, 0x9F, 0x10, 0x00,
    0x00, 0x09, 0xE5, 0x00, 0x00, 0x0B, 0xF6, 0x00, 0x00, 0x00, 0x20, 0x00, 0x00, 0x00, 0x00, 0x00,
    0x00, 0x00, 0x00, 0x00, 0x00, 0x08, 0xF3, 0x00, 0x00, 0x08, 0xF3, 0x00, 0x00, 0x08, 0xF3, 0x00,
    0x00, 0x08, 0xF3, 0x00, 0x00, 0x08, 0xF3, 0x00, 0x00, 0x08, 0xF3, 0x00, 0x00, 0x08, 0xF3, 0x00,
    0x00, 0x08, 0xF3, 0x00, 0x00, 0x08, 0xF3, 0x00, 0x00, 0x08, 0xF3, 0x00, 0x00, 0x08, 0xF3, 0x00,
    0x00, 0x08, 0xF3, 0x00, 0x00, 0x08, 0xF3, 0x00, 0x00, 0x08, 0xF3, 0x00, 0x00, 0x08, 0xF2, 0x00,
    0x00, 0x0C, 0xE0, 0x0D, 0xA8, 0xCF, 0x70, 0x08, 0xDF, 0xD7, 0x00, 0x9F, 0x10, 0x00, 0x00, 0x00,
    0x00, 0x00, 0x9F, 0x10, 0x00, 0x00, 0x00, 0x00, 0x00, 0x9F, 0x10, 0x00, 0x00, 0x00, 0x00, 0x00,
    0x9F, 0x10, 0x00, 0x00, 0x00, 0x00, 0x00, 0x9F, 0x10, 0x00, 0x00, 0x00, 0x00, 0x00, 0x9F, 0x10,
    0x00, 0x00, 0x1C, 0xE4, 0x00, 0x9F, 0x10, 0x00, 0x02, 0xDE, 0x40, 0x00, 0x9F, 0x10, 0x00, 0x2D,
    0xE4, 0x00, 0x00, 0x9F, 0x10, 0x03, 0xEE, 0x40, 0x00, 0x00, 0x9F, 0x10, 0x3E, 0xE4, 0x00, 0x00,
    0x00, 0x9F, 0x14, 0xEF, 0x90, 0x00, 0x00, 0x00, 0x9F, 0x5E, 0xED, 0xF4, 0x00, 0x00, 0x00, 0x9F,
    0xFD, 0x23, 0xFE, 0x10, 0x00, 0x00, 0x9F, 0xD2, 0x00, 0x6F, 0xB0, 0x00, 0x00, 0x9F, 0x20, 0x00,
    0x09, 0xF8, 0x00, 0x00, 0x9F, 0x10, 0x00, 0x00, 0xCF, 0x50, 0x00, 0x9F, 0x10, 0x00, 0x00, 0x2E,
    0xE2, 0x00, 0x9F, 0x10, 0x00, 0x00, 0x04, 0xFC, 0x10, 0x9F, 0x10, 0x9F, 0x10, 0x9F, 0x10, 0x9F,
    0x10, 0x9F, 0x10, 0x9F, 0x10, 0x9F, 0x10, 0x9F, 0x10, 0x9F, 0x10, 0x9F, 0x10, 0x9F, 0x10, 0x9F,
    0x10, 0x9F, 0x10, 0x9F, 0x10, 0x9F, 0x10, 0x9F, 0x10, 0x9F, 0x10, 0x9F, 0x10, 0x9F, 0x02, 0x9D,
    0xFE, 0xA3, 0x00, 0x06, 0xCE, 0xFD, 0x71, 0x00, 0x9F, 0x4E, 0xD9, 0x8A, 0xFF, 0x51, 0xCF, 0xB8,
    0x9D, 0xFC, 0x10, 0x9F, 0xE8, 0x00, 0x00, 0x3E, 0xEB, 0xE3, 0x00, 0x00, 0x9F, 0x90, 0x9F, 0xB0,
    0x00, 0x00, 0x07, 0xFF, 0x40, 0x00, 0x00, 0x1E, 0xE0, 0x9F, 0x50, 0x00, 0x00, 0x03, 0xFD, 0x00,
    0x00, 0x00, 0x0A, 0xF2, 0x9F, 0x20, 0x00, 0x00, 0x01, 0xFB, 0x00, 0x00, 0x00, 0x08, 0xF3, 0x9F,
    0x10, 0x00, 0x00, 0x01, 0xFA, 0x00, 0x00, 0x00, 0x08, 0xF3, 0x9F, 0x10, 0x00, 0x00, 0x01, 0xFA,
    0x00, 0x00, 0x00, 0x08, 0xF3, 0x9F, 0x10, 0x00, 0x00, 0x01, 0xFA, 0x00, 0x00, 0x00, 0x08, 0xF3,
    0x9F, 0x10, 0x00, 0x00, 0x01, 0xFA, 0x00, 0x00, 0x00, 0x08, 0xF3, 0x9F, 0x10, 0x00, 0x00, 0x01,
    0xFA, 0x00, 0x00, 0x00, 0x08, 0xF3, 0x9F, 0x10, 0x00, 0x00, 0x01, 0xFA, 0x00, 0x00, 0x00, 0x08,
    0xF3, 0x9F, 0x10, 0x00, 0x00, 0x01, 0xFA, 0x00, 0x00, 0x00, 0x08, 0xF3, 0x9F, 0x02, 0x8D, 0xEE,
    0xB5, 0x00, 0x9F, 0x4E, 0xE9, 0x8A, 0xEF, 0x90, 0x9F, 0xE9, 0x00, 0x00, 0x1C, 0xF5, 0x9F, 0xB0,
    0x00, 0x00, 0x03, 0xFB, 0x9F, 0x50, 0x00, 0x00, 0x00, 0xDE, 0x9F, 0x20, 0x00, 0x00, 0x00, 0xBF,
    0x9F, 0x10, 0x00, 0x00, 0x00, 0xBF, 0x9F, 0x10, 0x00, 0x00, 0x00, 0xBF, 0x9F, 0x10, 0x00, 0x00,
    0x00, 0xBF, 0x9F, 0x10, 0x00, 0x00, 0x00, 0xBF, 0x9F, 0x10, 0x00, 0x00, 0x00, 0xBF, 0x9F, 0x10,
    0x00, 0x00, 0x00, 0xBF, 0x9F, 0x10, 0x00, 0x00, 0x00, 0xBF, 0x00, 0x04, 0xAD, 0xFD, 0xA4, 0x00,
    0x00, 0x00, 0x9F, 0xEA, 0x8A, 0xEF, 0xA1, 0x00, 0x09, 0xFA, 0x10, 0x00, 0x19, 0xF9, 0x00, 0x3F,
    0xB0, 0x00, 0x00, 0x00, 0xAF, 0x40, 0x9F, 0x30, 0x00, 0x00, 0x00, 0x3F, 0xA0, 0xCE, 0x00, 0x00,
    0x00, 0x00, 0x0D, 0xC0, 0xDD, 0x00, 0x00, 0x00, 0x00, 0x0C, 0xE0, 0xCE, 0x00, 0x00, 0x00, 0x00,
    0x0D, 0xC0, 0x9F, 0x30, 0x00, 0x00, 0x00, 0x3F, 0x90, 0x3F, 0xB0, 0x00, 0x00, 0x00, 0xAF, 0x30,
    0x09, 0xF9, 0x10, 0x00, 0x09, 0xF9, 0x00, 0x00, 0x9F, 0xEA, 0x8A, 0xEF, 0xA1, 0x00, 0x00, 0x04,
    0xAD, 0xFD, 0xA4, 0x00, 0x00, 0x9F, 0x01, 0x7C, 0xEE, 0xC6, 0x10, 0x00, 0x9F, 0x2D, 0xFB, 0x89,
    0xDF, 0xD2, 0x00, 0x9F, 0xCC, 0x20, 0x00, 0x06, 0xFD, 0x10, 0x9F, 0xD1, 0x00, 0x00, 0x00, 0x7F,
    0x80, 0x9F, 0x70, 0x00, 0x00, 0x00, 0x0E, 0xD0, 0x9F, 0x30, 0x00, 0x00, 0x00, 0x0A, 0xF1, 0x9F,
    0x10, 0x00, 0x00, 0x00, 0x08, 0xF2, 0x9F, 0x30, 0x00, 0x00, 0x00, 0x0A, 0xF1, 0x9F, 0x70, 0x00,
    0x00, 0x00, 0x0E, 0xD0, 0x9F, 0xD1, 0x00, 0x00, 0x00, 0x7F, 0x70, 0x9F, 0xDC, 0x20, 0x00, 0x06,
    0xFD, 0x10, 0x9F, 0x3D, 0xFA, 0x89, 0xDF, 0xC2, 0x00, 0x9F, 0x11, 0x7C, 0xEE, 0xC6, 0x10, 0x00,
    0x9F, 0x10, 0x00, 0x00, 0x00, 0x00, 0x00, 0x9F, 0x10, 0x00, 0x00, 0x00, 0x00, 0x00, 0x9F, 0x10,
    0x00, 0x00, 0x00, 0x00, 0x00, 0x9F, 0x10, 0x00, 0x00, 0x00, 0x00, 0x00, 0x9F, 0x10, 0x00, 0x00,
    0x00, 0x00, 0x00, 0x00, 0x05, 0xBD, 0xFD, 0x92, 0x0B, 0xD0, 0x01, 0xAF, 0xEA, 0x8A, 0xEE, 0x5B,
    0xD0, 0x09, 0xFA, 0x10, 0x00, 0x19, 0xED, 0xD0, 0x3F, 0xB0, 0x00, 0x00, 0x00, 0xAF, 0xD0, 0x9F,
    0x30, 0x00, 0x00, 0x00, 0x3F, 0xD0, 0xCE, 0x00, 0x00, 0x00, 0x00, 0x0D, 0xD0, 0xDD, 0x00, 0x00,
    0x00, 0x00, 0x0C, 0xD0, 0xCE, 0x00, 0x00, 0x00, 0x00, 0x0D, 0xD0, 0x9F, 0x30, 0x00, 0x00, 0x00,
    0x2F, 0xD0, 0x3F, 0xB0, 0x00, 0x00, 0x00, 0xAF, 0xD0, 0x09, 0xF9, 0x10, 0x00, 0x09, 0xEE, 0xD0,
    0x00, 0xAF, 0xEA, 0x8A, 0xEE, 0x5C, 0xD0, 0x00, 0x05, 0xBD, 0xFD, 0x92, 0x0C, 0xD0, 0x00, 0x00,
    0x00, 0x00, 0x00, 0x0C, 0xD0, 0x00, 0x00, 0x00, 0x00, 0x00, 0x0C, 0xD0, 0x00, 0x00, 0x00, 0x00,
    0x00, 0x0C, 0xD0, 0x00, 0x00, 0x00, 0x00, 0x00, 0x0C, 0xD0, 0x00, 0x00, 0x00, 0x00, 0x00, 0x0C,
    0xD0, 0x9F, 0x02, 0x9D, 0xB0, 0x9F, 0x4E, 0xD9, 0x60, 0x9F, 0xD8, 0x00, 0x00, 0x9F, 0xB0, 0x00,
    0x00, 0x9F, 0x50, 0x00, 0x00, 0x9F, 0x20, 0x00, 0x00, 0x9F, 0x10, 0x00, 0x00, 0x9F, 0x10, 0x00,
    0x00, 0x9F, 0x10, 0x00, 0x00, 0x9F, 0x10, 0x00, 0x00, 0x9F, 0x10, 0x00, 0x00, 0x9F, 0x10, 0x00,
    0x00, 0x9F, 0x10, 0x00, 0x00, 0x00, 0x29, 0xDE, 0xFD, 0xA5, 0x00, 0x02, 0xEF, 0xB9, 0x8A, 0xEF,
    0x50, 0x0A, 0xF4, 0x00, 0x00, 0x06, 0x00, 0x0D, 0xD0, 0x00, 0x00, 0x00, 0x00, 0x0C, 0xE2, 0x00,
    0x00, 0x00, 0x00, 0x05, 0xFE, 0x95, 0x20, 0x00, 0x00, 0x00, 0x4B, 0xFF, 0xFE, 0x93, 0x00, 0x00,
    0x00, 0x14, 0x7A, 0xEF, 0x50, 0x00, 0x00, 0x00, 0x00, 0x2E, 0xD0, 0x00, 0x00, 0x00, 0x00, 0x0C,
    0xE0, 0x0A, 0x40, 0x00, 0x00, 0x3F, 0xB0, 0x2E, 0xFD, 0xA8, 0x8A, 0xFE, 0x30, 0x01, 0x6B, 0xEF,
    0xED, 0x82, 0x00, 0x00, 0x5F, 0x60, 0x00, 0x00, 0x00, 0x5F, 0x60, 0x00, 0x00, 0x00, 0x5F, 0x60,
    0x00, 0x00, 0x9F, 0xFF, 0xFF, 0xFF, 0x30, 0x58, 0xAF, 0xA8, 0x88, 0x20, 0x00, 0x5F, 0x60, 0x00,
    0x00, 0x00, 0x5F, 0x60, 0x00, 0x00, 0x00, 0x5F, 0x60, 0x00, 0x00, 0x00, 0x5F, 0x60, 0x00, 0x00,
    0x00, 0x5F, 0x60, 0x00, 0x00, 0x00, 0x5F, 0x60, 0x00, 0x00, 0x00, 0x5F, 0x60, 0x00, 0x00, 0x00,
    0x5F, 0x60, 0x00, 0x00, 0x00, 0x2F, 0xB0, 0x00, 0x00, 0x00, 0x0B, 0xFB, 0x8A, 0xB0, 0x00, 0x01,
    0x9D, 0xEC, 0x60, 0xBE, 0x00, 0x00, 0x00, 0x00, 0xEB, 0xBE, 0x00, 0x00, 0x00, 0x00, 0xEB, 0xBE,
    0x00, 0x00, 0x00, 0x00, 0xEB, 0xBE, 0x00, 0x00, 0x00, 0x00, 0xEB, 0xBE, 0x00, 0x00, 0x00, 0x00,
    0xEB, 0xBE, 0x00, 0x00, 0x00, 0x00, 0xEB, 0xBE, 0x00, 0x00, 0x00, 0x00, 0xEB, 0xBF, 0x00, 0x00,
    0x00, 0x00, 0xFB, 0xAF, 0x10, 0x00, 0x00, 0x03, 0xFB, 0x7F, 0x60, 0x00, 0x00, 0x09, 0xFB, 0x2F,
    0xE2, 0x00, 0x00, 0x6F, 0xEB, 0x06, 0xFF, 0xA8, 0x9D, 0xF6, 0xDB, 0x00, 0x3A, 0xEF, 0xEA, 0x30,
    0xDB, 0xBE, 0x10, 0x00, 0x00, 0x00, 0x0E, 0xC0, 0x5F, 0x70, 0x00, 0x00, 0x00, 0x5F, 0x50, 0x0D,
    0xD0, 0x00, 0x00, 0x00, 0xCD, 0x00, 0x07, 0xF4, 0x00, 0x00, 0x03, 0xF7, 0x00, 0x01, 0xEB, 0x00,
    0x00, 0x0A, 0xF1, 0x00, 0x00, 0x9F, 0x20, 0x00, 0x1F, 0x90, 0x00, 0x00, 0x3F, 0x90, 0x00, 0x7F,
    0x30, 0x00, 0x00, 0x0B, 0xE1, 0x00, 0xEB, 0x00, 0x00, 0x00, 0x05, 0xF6, 0x05, 0xF5, 0x00, 0x00,
    0x00, 0x00, 0xDD, 0x0C, 0xD0, 0x00, 0x00, 0x00, 0x00, 0x7F, 0x7F, 0x70, 0x00, 0x00, 0x00, 0x00,
    0x1E, 0xFE, 0x10, 0x00, 0x00, 0x00, 0x00, 0x09, 0xF9, 0x00, 0x00, 0x00, 0xAE, 0x10, 0x00, 0x00,
    0x05, 0xF7, 0x00, 0x00, 0x00, 0x0D, 0xB0, 0x4F, 0x50, 0x00, 0x00, 0x0B, 0xFD, 0x00, 0x00, 0x00,
    0x3F, 0x50, 0x0D, 0xB0, 0x00, 0x00, 0x1F, 0xDF, 0x30, 0x00, 0x00, 0x8E, 0x10, 0x08, 0xF1, 0x00,
    0x00, 0x7F, 0x4F, 0x90, 0x00, 0x00, 0xE9, 0x00, 0x03, 0xF6, 0x00, 0x00, 0xCC, 0x0A, 0xE0, 0x00,
    0x04, 0xF4, 0x00, 0x00, 0xCC, 0x00, 0x03, 0xF6, 0x05, 0xF5, 0x00, 0x0A, 0xD0, 0x00, 0x00, 0x7F,
    0x20, 0x08, 0xE1, 0x00, 0xEA, 0x00, 0x1E, 0x80, 0x00, 0x00, 0x1F, 0x70, 0x0E, 0xA0, 0x00, 0x8F,
    0x10, 0x6F, 0x20, 0x00, 0x00, 0x0B, 0xD0, 0x4F, 0x40, 0x00, 0x3F, 0x60, 0xBC, 0x00, 0x00, 0x00,
    0x05, 0xF3, 0xAD, 0x00, 0x00, 0x0C, 0xC2, 0xF6, 0x00, 0x00, 0x00, 0x00, 0xE9, 0xF7, 0x00, 0x00,
    0x06, 0xF9, 0xF1, 0x00, 0x00, 0x00, 0x00, 0x9F, 0xF2, 0x00, 0x00, 0x01, 0xFF, 0xA0, 0x00, 0x00,
    0x00, 0x00, 0x4F, 0xB0, 0x00, 0x00, 0x00, 0xAF, 0x50, 0x00, 0x00, 0x1D, 0xD1, 0x00, 0x00, 0x03,
    0xFB, 0x00, 0x03, 0xFB, 0x00, 0x00, 0x1D, 0xD1, 0x00, 0x00, 0x7F, 0x70, 0x00, 0xAF, 0x30, 0x00,
    0x00, 0x0A, 0xF3, 0x06, 0xF7, 0x00, 0x00, 0x00, 0x01, 0xDD, 0x3E, 0xB0, 0x00, 0x00, 0x00, 0x00,
    0x3F, 0xFD, 0x10, 0x00, 0x00, 0x00, 0x00, 0x0B, 0xF8, 0x00, 0x00, 0x00, 0x00, 0x00, 0x6F, 0xEF,
    0x30, 0x00, 0x00, 0x00, 0x03, 0xFB, 0x1D, 0xD1, 0x00, 0x00, 0x00, 0x1D, 0xE1, 0x03, 0xFA, 0x00,
    0x00, 0x00, 0xAF, 0x40, 0x00, 0x7F, 0x70, 0x00, 0x06, 0xF8, 0x00, 0x00, 0x0B, 0xF3, 0x00, 0x3F,
    0xB0, 0x00, 0x00, 0x01, 0xDD, 0x10, 0x0B, 0xE1, 0x00, 0x00, 0x00, 0x00, 0xDC, 0x05, 0xF6, 0x00,
    0x00, 0x00, 0x05, 0xF5, 0x00, 0xDD, 0x00, 0x00, 0x00, 0x0C, 0xD0, 0x00, 0x7F, 0x40, 0x00, 0x00,
    0x3F, 0x70, 0x00, 0x1E, 0xB0, 0x00, 0x00, 0x9E, 0x10, 0x00, 0x09, 0xF2, 0x00, 0x01, 0xE9, 0x00,
    0x00, 0x03, 0xF8, 0x00, 0x07, 0xF3, 0x00, 0x00, 0x00, 0xBE, 0x10, 0x0D, 0xB0, 0x00, 0x00, 0x00,
    0x5F, 0x60, 0x5F, 0x50, 0x00, 0x00, 0x00, 0x0D, 0xC0, 0xBD, 0x00, 0x00, 0x00, 0x00, 0x07, 0xF6,
    0xF7, 0x00, 0x00, 0x00, 0x00, 0x01, 0xEF, 0xE1, 0x00, 0x00, 0x00, 0x00, 0x00, 0x9F, 0x90, 0x00,
    0x00, 0x00, 0x00, 0x00, 0x8F, 0x20, 0x00, 0x00, 0x00, 0x00, 0x01, 0xEB, 0x00, 0x00, 0x00, 0x03,
    0x00, 0x09, 0xF4, 0x00, 0x00, 0x00, 0x6F, 0xB8, 0xBF, 0x90, 0x00, 0x00, 0x00, 0x19, 0xDF, 0xD7,
    0x00, 0x00, 0x00, 0x00, 0xDF, 0xFF, 0xFF, 0xFF, 0xFF, 0x20, 0x78, 0x88, 0x88, 0x89, 0xFD, 0x10,
    0x00, 0x00, 0x00, 0x0C, 0xE2, 0x00, 0x00, 0x00, 0x00, 0x9F, 0x50, 0x00, 0x00, 0x00, 0x05, 0xF9,
    0x00, 0x00, 0x00, 0x00, 0x2E, 0xC0, 0x00, 0x00, 0x00, 0x01, 0xDE, 0x20, 0x00, 0x00, 0x00, 0x0A,
    0xF4, 0x00, 0x00, 0x00, 0x00, 0x6F, 0x70, 0x00, 0x00, 0x00, 0x03, 0xFB, 0x00, 0x00, 0x00, 0x00,
    0x1D, 0xD1, 0x00, 0x00, 0x00, 0x00, 0xBF, 0xA8, 0x88, 0x88, 0x88, 0x20, 0xFF, 0xFF, 0xFF, 0xFF,
    0xFF, 0x40, 0x00, 0x05, 0xCF, 0x80, 0x00, 0x3F, 0xE9, 0x40, 0x00, 0x8F, 0x40, 0x00, 0x00, 0xAF,
    0x10, 0x00, 0x00, 0xAF, 0x10, 0x00, 0x00, 0xAF, 0x10, 0x00, 0x00, 0xAF, 0x10, 0x00, 0x00, 0xAF,
    0x10, 0x00, 0x00, 0xAF, 0x10, 0x00, 0x00, 0xAF, 0x10, 0x00, 0x01, 0xDE, 0x00, 0x00, 0x8F, 0xF6,
    0x00, 0x00, 0x49, 0xFB, 0x00, 0x00, 0x00, 0xBF, 0x00, 0x00, 0x00, 0xAF, 0x10, 0x00, 0x00, 0xAF,
    0x10, 0x00, 0x00, 0xAF, 0x10, 0x00, 0x00, 0xAF, 0x10, 0x00, 0x00, 0xAF, 0x10, 0x00, 0x00, 0xAF,
    0x10, 0x00, 0x00, 0x8F, 0x40, 0x00, 0x00, 0x4F, 0xE9, 0x40, 0x00, 0x06, 0xDF, 0x80, 0x4F, 0x50,
    0x4F, 0x50, 0x4F, 0x50, 0x4F, 0x50, 0x4F, 0x50, 0x4F, 0x50, 0x4F, 0x50, 0x4F, 0x50, 0x4F, 0x50,
    0x4F, 0x50, 0x4F, 0x50, 0x4F, 0x50, 0x4F, 0x50, 0x4F, 0x50, 0x4F, 0x50, 0x4F, 0x50, 0x4F, 0x50,
    0x4F, 0x50, 0x4F, 0x50, 0x4F, 0x50, 0x4F, 0x50, 0x4F, 0x50, 0x4F, 0x50, 0x8F, 0xD6, 0x00, 0x00,
    0x49, 0xEF, 0x40, 0x00, 0x00, 0x4F, 0x90, 0x00, 0x00, 0x1F, 0xA0, 0x00, 0x00, 0x0F, 0xA0, 0x00,
    0x00, 0x0F, 0xA0, 0x00, 0x00, 0x0F, 0xA0, 0x00, 0x00, 0x0F, 0xA0, 0x00, 0x00, 0x0F, 0xA0, 0x00,
    0x00, 0x0F, 0xA0, 0x00, 0x00, 0x0E, 0xD1, 0x00, 0x00, 0x06, 0xFF, 0x90, 0x00, 0x0B, 0xF9, 0x40,
    0x00, 0x0F, 0xB0, 0x00, 0x00, 0x0F, 0xA0, 0x00, 0x00, 0x0F, 0xA0, 0x00, 0x00, 0x0F, 0xA0, 0x00,
    0x00, 0x0F, 0xA0, 0x00, 0x00, 0x0F, 0xA0, 0x00, 0x00, 0x1F, 0xA0, 0x00, 0x00, 0x4F, 0x90, 0x00,
    0x49, 0xEF, 0x40, 0x00, 0x8F, 0xD6, 0x00, 0x00, 0x03, 0xCF, 0xC3, 0x00, 0x00, 0xE4, 0x0D, 0xD8,
    0xCF, 0x60, 0x04, 0xF1, 0x4E, 0x10, 0x09, 0xFB, 0x9E, 0xA0, 0x7B, 0x00, 0x00, 0x6D, 0xEA, 0x10,
};
static const hp_glyph plua_glyphs_prop_32[95] = {
    {0, 0, 0, 0, 8, 0},
    {4, 22, 2, 9, 8, 0},
    {8, 8, 2, 9, 12, 44},
    {22, 22, 0, 9, 22, 76},
    {18, 31, 1, 4, 20, 318},
    {25, 22, 1, 9, 27, 597},
    {20, 23, 1, 9, 21, 883},
    {3, 8, 2, 9, 6, 1113},
    {7, 30, 3, 7, 11, 1129},
    {7, 30, 1, 7, 11, 1249},
    {12, 12, 0, 7, 12, 1369},
    {15, 14, 2, 13, 18, 1441},
    {5, 8, 1, 28, 7, 1553},
    {10, 2, 1, 21, 12, 1577},
    {5, 3, 1, 28, 7, 1587},
    {13, 30, -1, 4, 11, 1596},
    {19, 22, 1, 9, 21, 1806},
    {8, 22, 0, 9, 12, 2026},
    {17, 22, 0, 9, 18, 2114},
    {17, 22, 0, 9, 18, 2312},
    {20, 22, 1, 9, 21, 2510},
    {17, 22, 0, 9, 18, 2730},
    {18, 22, 1, 9, 19, 2928},
    {17, 22, 1, 9, 19, 3126},
    {18, 22, 1, 9, 20, 3324},
    {17, 22, 1, 9, 19, 3522},
    {5, 17, 1, 14, 7, 3720},
    {5, 22, 1, 14, 7, 3771},
    {15, 14, 2, 13, 18, 3837},
    {15, 9, 2, 15, 18, 3949},
    {15, 14, 2, 13, 18, 4021},
    {16, 22, 0, 9, 18, 4133},
    {31, 28, 1, 9, 33, 4309},
    {23, 22, 0, 9, 23, 4757},
    {20, 22, 3, 9, 24, 5021},
    {21, 22, 1, 9, 23, 5241},
    {22, 22, 3, 9, 26, 5483},
    {17, 22, 3, 9, 21, 5725},
    {17, 22, 3, 9, 20, 5923},
    {21, 22, 1, 9, 25, 6121},
    {20, 22, 3, 9, 26, 6363},
    {4, 22, 3, 9, 10, 6583},
    {14, 22, -1, 9, 16, 6627},
    {20, 22, 3, 9, 23, 6781},
    {16, 22, 3, 9, 19, 7001},
    {24, 22, 3, 9, 31, 7177},
    {20, 22, 3, 9, 26, 7441},
    {25, 22, 1, 9, 27, 7661},
    {19, 22, 3, 9, 23, 7947},
    {26, 26, 1, 9, 27, 8167},
    {19, 22, 3, 9, 23, 8505},
    {18, 22, 1, 9, 20, 8725},
    {19, 22, 0, 9, 18, 8923},
    {19, 22, 3, 9, 25, 9143},
    {23, 22, 0, 9, 22, 9363},
    {34, 22, 1, 9, 36, 9627},
    {21, 22, 0, 9, 21, 10001},
    {21, 22, 0, 9, 20, 10243},
    {19, 22, 1, 9, 21, 10485},
    {7, 30, 3, 7, 10, 10705},
    {14, 30, -2, 4, 11, 10825},
    {7, 30, 0, 7, 10, 11035},
    {14, 14, 2, 12, 18, 11155},
    {16, 2, 0, 31, 16, 11253},
    {8, 4, 4, 8, 19, 11269},
    {15, 17, 1, 14, 19, 11285},
    {18, 24, 3, 7, 22, 11421},
    {16, 17, 1, 14, 18, 11637},
    {18, 24, 1, 7, 22, 11773},
    {17, 17, 1, 14, 19, 11989},
    {12, 24, 0, 7, 11, 12142},
    {18, 23, 1, 14, 22, 12286},
    {16, 24, 3, 7, 22, 12493},
    {4, 24, 2, 7, 9, 12685},
    {10, 30, -3, 7, 9, 12733},
    {16, 24, 3, 7, 19, 12883},
    {3, 24, 3, 7, 9, 13075},
    {28, 17, 3, 14, 34, 13123},
    {16, 17, 3, 14, 22, 13361},
    {18, 17, 1, 14, 20, 13497},
    {18, 23, 3, 14, 22, 13650},
    {18, 23, 1, 14, 22, 13857},
    {9, 17, 3, 14, 13, 14064},
    {15, 17, 0, 14, 16, 14149},
    {12, 21, 0, 10, 13, 14285},
    {16, 17, 3, 14, 22, 14411},
    {18, 17, 0, 14, 17, 14547},
    {28, 17, 0, 14, 28, 14700},
    {17, 17, 0, 14, 17, 14938},
    {19, 23, -1, 14, 17, 15091},
    {15, 17, 1, 14, 16, 15321},
    {10, 30, 1, 7, 11, 15457},
    {3, 30, 3, 7, 9, 15607},
    {9, 30, 0, 7, 11, 15667},
    {15, 5, 2, 17, 18, 15817}
};
static const unsigned char plua_bits_prop_32[15857] = {
    0x3F, 0xF7, 0x2F, 0xF7, 0x2F, 0xF6, 0x1F, 0xF6, 0x1F, 0xF5, 0x0F, 0xF5, 0x0F, 0xF5, 0x0F, 0xF4,
    0x0E, 0xF4, 0x0E, 0xF3, 0x0D, 0xF3, 0x0D, 0xF2, 0x0D, 0xF2, 0x0C, 0xF2, 0x0C, 0xF1, 0x0B, 0xF1,
    0x00, 0x00, 0x00, 0x00, 0x00, 0x00, 0x2D, 0xE5, 0x7F, 0xFC, 0x2C, 0xE5, 0xCF, 0x30, 0x05, 0xFA,
    0xCF, 0x30, 0x04, 0xFA, 0xBF, 0x20, 0x04, 0xFA, 0xBF, 0x20, 0x04, 0xF9, 0xBF, 0x20, 0x04, 0xF9,
    0xAF, 0x20, 0x03, 0xF9, 0xAF, 0x10, 0x03, 0xF8, 0xAF, 0x10, 0x03, 0xF8, 0x00, 0x00, 0x00, 0x09,
    0xF3, 0x00, 0x00, 0x04, 0xF7, 0x00, 0x00, 0x00, 0x00, 0x00, 0x0B, 0xF1, 0x00, 0x00, 0x06, 0xF5,
    0x00, 0x00, 0x00, 0x00, 0x00, 0x0C, 0xE0, 0x00, 0x00, 0x08, 0xF3, 0x00, 0x00, 0x00, 0x00, 0x00,
    0x0E, 0xC0, 0x00, 0x00, 0x0A, 0xF1, 0x00, 0x00, 0x00, 0x00, 0x00, 0x1F, 0xA0, 0x00, 0x00, 0x0B,
    0xF0, 0x00, 0x00, 0x00, 0x00, 0x00, 0x3F, 0x80, 0x00, 0x00, 0x0D, 0xD0, 0x00, 0x00, 0x01, 0xFF,
    0xFF, 0xFF, 0xFF, 0xFF, 0xFF, 0xFF, 0xFF, 0xFF, 0xF5, 0x01, 0xFF, 0xFF, 0xFF, 0xFF, 0xFF, 0xFF,
    0xFF, 0xFF, 0xFF, 0xF5, 0x00, 0x00, 0x00, 0x8F, 0x30, 0x00, 0x00, 0x3F, 0x80, 0x00, 0x00, 0x00,
    0x00, 0x00, 0xAF, 0x10, 0x00, 0x00, 0x5F, 0x60, 0x00, 0x00, 0x00, 0x00, 0x00, 0xCE, 0x00, 0x00,
    0x00, 0x8F, 0x30, 0x00, 0x00, 0x00, 0x00, 0x00, 0xEC, 0x00, 0x00, 0x00, 0xAF, 0x10, 0x00, 0x00,
    0x00, 0x00, 0x01, 0xFA, 0x00, 0x00, 0x00, 0xCE, 0x00, 0x00, 0x00, 0x00, 0x00, 0x03, 0xF8, 0x00,
    0x00, 0x00, 0xEC, 0x00, 0x00, 0x00, 0x1F, 0xFF, 0xFF, 0xFF, 0xFF, 0xFF, 0xFF, 0xFF, 0xFF, 0xFF,
    0x40, 0x1F, 0xFF, 0xFF, 0xFF, 0xFF, 0xFF, 0xFF, 0xFF, 0xFF, 0xFF, 0x40, 0x00, 0x00, 0x09, 0xF3,
    0x00, 0x00, 0x04, 0xF7, 0x00, 0x00, 0x00, 0x00, 0x00, 0x0B, 0xF1, 0x00, 0x00, 0x06, 0xF5, 0x00,
    0x00, 0x00, 0x00, 0x00, 0x0D, 0xE0, 0x00, 0x00, 0x08, 0xF3, 0x00, 0x00, 0x00, 0x00, 0x00, 0x0E,
    0xC0, 0x00, 0x00, 0x0A, 0xF1, 0x00, 0x00, 0x00, 0x00, 0x00, 0x1F, 0xA0, 0x00, 0x00, 0x0B, 0xF0,
    0x00, 0x00, 0x00, 0x00, 0x00, 0x3F, 0x80, 0x00, 0x00, 0x0D, 0xD0, 0x00, 0x00, 0x00, 0x00, 0x00,
    0x00, 0x00, 0x66, 0x00, 0x00, 0x00, 0x00, 0x00, 0x00, 0x00, 0x00, 0xDB, 0x00, 0x00, 0x00, 0x00,
    0x00, 0x00, 0x00, 0x00, 0xDB, 0x00, 0x00, 0x00, 0x00, 0x00, 0x00, 0x00, 0x00, 0xDB, 0x00, 0x00,
    0x00, 0x00, 0x00, 0x00, 0x00, 0x00, 0xDB, 0x00, 0x00, 0x00, 0x00, 0x00, 0x00, 0x49, 0xDE, 0xFF,
    0xED, 0xA6, 0x10, 0x00, 0x00, 0x1A, 0xFF, 0xFF, 0xFF, 0xFF, 0xFF, 0xE8, 0x10, 0x00, 0xBF, 0xFB,
    0x51, 0xDB, 0x13, 0x7D, 0xFE, 0x10, 0x06, 0xFF, 0x60, 0x00, 0xDB, 0x00, 0x00, 0x58, 0x00, 0x0B,
    0xFB, 0x00, 0x00, 0xDB, 0x00, 0x00, 0x00, 0x00, 0x0E, 0xF7, 0x00, 0x00, 0xDB, 0x00, 0x00, 0x00,
    0x00, 0x0D, 0xF7, 0x00, 0x00, 0xDB, 0x00, 0x00, 0x00, 0x00, 0x0B, 0xFC, 0x00, 0x00, 0xDB, 0x00,
    0x00, 0x00, 0x00, 0x05, 0xFF, 0xB2, 0x00, 0xDB, 0x00, 0x00, 0x00, 0x00, 0x00, 0x8F, 0xFF, 0xA5,
    0xDB, 0x00, 0x00, 0x00, 0x00, 0x00, 0x05, 0xCF, 0xFF, 0xFE, 0x84, 0x00, 0x00, 0x00, 0x00, 0x00,
    0x04, 0x8D, 0xFF, 0xFF, 0xE9, 0x20, 0x00, 0x00, 0x00, 0x00, 0x00, 0xDD, 0xAE, 0xFF, 0xF7, 0x00,
    0x00, 0x00, 0x00, 0x00, 0xDB, 0x00, 0x5D, 0xFF, 0x60, 0x00, 0x00, 0x00, 0x00, 0xDB, 0x00, 0x01,
    0xCF, 0xD0, 0x00, 0x00, 0x00, 0x00, 0xDB, 0x00, 0x00, 0x5F, 0xF1, 0x00, 0x00, 0x00, 0x00, 0xDB,
    0x00, 0x00, 0x3F, 0xF2, 0x04, 0x00, 0x00, 0x00, 0xDB, 0x00, 0x00, 0x6F, 0xF0, 0x2F, 0xA2, 0x00,
    0x00, 0xDB, 0x00, 0x02, 0xDF, 0x90, 0x3E, 0xFF, 0xA6, 0x21, 0xDB, 0x02, 0x6E, 0xFD, 0x10, 0x01,
    0x9F, 0xFF, 0xFF, 0xFF, 0xFF, 0xFF, 0xC2, 0x00, 0x00, 0x02, 0x6A, 0xDE, 0xFF, 0xED, 0xA5, 0x00,
    0x00, 0x00, 0x00, 0x00, 0x00, 0xDB, 0x00, 0x00, 0x00, 0x00, 0x00, 0x00, 0x00, 0x00, 0xDB, 0x00,
    0x00, 0x00, 0x00, 0x00, 0x00, 0x00, 0x00, 0xDB, 0x00, 0x00, 0x00, 0x00, 0x00, 0x00, 0x00, 0x00,
    0x65, 0x00, 0x00, 0x00, 0x00, 0x00, 0x29, 0xEF, 0xD8, 0x10, 0x00, 0x00, 0x00, 0x00, 0x6F, 0x80,
    0x00, 0x00, 0x03, 0xEF, 0xFF, 0xFF, 0xD1, 0x00, 0x00, 0x00, 0x02, 0xEC, 0x00, 0x00, 0x00, 0x0D,
    0xF8, 0x20, 0x2A, 0xFA, 0x00, 0x00, 0x00, 0x0B, 0xE2, 0x00, 0x00, 0x00, 0x5F, 0x90, 0x00, 0x00,
    0xCF, 0x20, 0x00, 0x00, 0x7F, 0x60, 0x00, 0x00, 0x00, 0x8F, 0x20, 0x00, 0x00, 0x6F, 0x50, 0x00,
    0x03, 0xFB, 0x00, 0x00, 0x00, 0x00, 0xAF, 0x00, 0x00, 0x00, 0x3F, 0x60, 0x00, 0x0C, 0xE2, 0x00,
    0x00, 0x00, 0x00, 0x9F, 0x00, 0x00, 0x00, 0x3F, 0x60, 0x00, 0x8F, 0x50, 0x00, 0x00, 0x00, 0x00,
    0x7F, 0x30, 0x00, 0x00, 0x6F, 0x40, 0x04, 0xFA, 0x00, 0x00, 0x00, 0x00, 0x00, 0x2F, 0xA0, 0x00,
    0x00, 0xDE, 0x00, 0x1D, 0xD1, 0x00, 0x00, 0x00, 0x00, 0x00, 0x09, 0xF8, 0x20, 0x3B, 0xF6, 0x00,
    0xAF, 0x40, 0x00, 0x00, 0x00, 0x00, 0x00, 0x01, 0xAF, 0xFF, 0xFF, 0x80, 0x05, 0xF8, 0x00, 0x3B,
    0xEE, 0xC6, 0x00, 0x00, 0x00, 0x04, 0x89, 0x72, 0x00, 0x2E, 0xC0, 0x05, 0xFE, 0xAA, 0xDF, 0x90,
    0x00, 0x00, 0x00, 0x00, 0x00, 0x00, 0xBF, 0x30, 0x2E, 0xC1, 0x00, 0x09, 0xF5, 0x00, 0x00, 0x00,
    0x00, 0x00, 0x06, 0xF7, 0x00, 0x8F, 0x30, 0x00, 0x01, 0xEC, 0x00, 0x00, 0x00, 0x00, 0x00, 0x2E,
    0xB0, 0x00, 0xCD, 0x00, 0x00, 0x00, 0x9F, 0x10, 0x00, 0x00, 0x00, 0x00, 0xCE, 0x20, 0x00, 0xDB,
    0x00, 0x00, 0x00, 0x7F, 0x20, 0x00, 0x00, 0x00, 0x08, 0xF6, 0x00, 0x00, 0xDB, 0x00, 0x00, 0x00,
    0x8F, 0x20, 0x00, 0x00, 0x00, 0x3F, 0xA0, 0x00, 0x00, 0xCE, 0x00, 0x00, 0x00, 0xAF, 0x10, 0x00,
    0x00, 0x01, 0xDE, 0x10, 0x00, 0x00, 0x8F, 0x60, 0x00, 0x02, 0xFC, 0x00, 0x00, 0x00, 0x09, 0xF5,
    0x00, 0x00, 0x00, 0x2E, 0xE6, 0x10, 0x4D, 0xF5, 0x00, 0x00, 0x00, 0x4F, 0x90, 0x00, 0x00, 0x00,
    0x05, 0xFF, 0xFF, 0xFF, 0x90, 0x00, 0x00, 0x01, 0xED, 0x10, 0x00, 0x00, 0x00, 0x00, 0x3B, 0xEE,
    0xC6, 0x00, 0x00, 0x00, 0x00, 0x02, 0x9D, 0xEF, 0xD9, 0x20, 0x00, 0x00, 0x00, 0x00, 0x00, 0x4E,
    0xFF, 0xFF, 0xFF, 0xE3, 0x00, 0x00, 0x00, 0x00, 0x01, 0xEF, 0xC4, 0x11, 0x4C, 0xFD, 0x00, 0x00,
    0x00, 0x00, 0x07, 0xFD, 0x10, 0x00, 0x01, 0xEF, 0x20, 0x00, 0x00, 0x00, 0x09, 0xF9, 0x00, 0x00,
    0x00, 0xBF, 0x40, 0x00, 0x00, 0x00, 0x08, 0xF9, 0x00, 0x00, 0x00, 0xDF, 0x20, 0x00, 0x00, 0x00,
    0x04, 0xFC, 0x00, 0x00, 0x05, 0xFA, 0x00, 0x00, 0x00, 0x00, 0x00, 0xCF, 0x60, 0x00, 0x4E, 0xD1,
    0x00, 0x00, 0x00, 0x00, 0x00, 0x2E, 0xF4, 0x19, 0xFB, 0x10, 0x00, 0x00, 0x00, 0x00, 0x00, 0x03,
    0xFE, 0xEE, 0x60, 0x00, 0x00, 0x00, 0x00, 0x00, 0x00, 0x2B, 0xFF, 0xFA, 0x00, 0x00, 0x00, 0x00,
    0x00, 0x00, 0x06, 0xEF, 0xA5, 0xEF, 0xA0, 0x00, 0x00, 0x00, 0x00, 0x00, 0x8F, 0xE5, 0x00, 0x3E,
    0xFA, 0x00, 0x00, 0x3C, 0x60, 0x06, 0xFD, 0x20, 0x00, 0x02, 0xDF, 0xB0, 0x00, 0x7F, 0x80, 0x1E,
    0xF4, 0x00, 0x00, 0x00, 0x2D, 0xFB, 0x10, 0xCF, 0x30, 0x5F, 0xE0, 0x00, 0x00, 0x00, 0x02, 0xDF,
    0xB5, 0xFC, 0x00, 0x6F, 0xD0, 0x00, 0x00, 0x00, 0x00, 0x2D, 0xFF, 0xF4, 0x00, 0x4F, 0xF2, 0x00,
    0x00, 0x00, 0x00, 0x02, 0xEF, 0xE1, 0x00, 0x1E, 0xFB, 0x10, 0x00, 0x00, 0x00, 0x1B, 0xFF, 0xFC,
    0x10, 0x05, 0xFF, 0xD6, 0x20, 0x01, 0x49, 0xEF, 0xC3, 0xCF, 0xC1, 0x00, 0x5E, 0xFF, 0xFF, 0xFF,
    0xFF, 0xF9, 0x10, 0x1C, 0xFB, 0x00, 0x01, 0x6A, 0xDE, 0xFD, 0xB7, 0x20, 0x00, 0x01, 0xC4, 0x00,
    0x00, 0x00, 0x00, 0x00, 0x00, 0x00, 0x00, 0x00, 0x00, 0xCF, 0x30, 0xCF, 0x30, 0xBF, 0x20, 0xBF,
    0x20, 0xBF, 0x20, 0xAF, 0x20, 0xAF, 0x10, 0xAF, 0x10, 0x00, 0x03, 0xFE, 0x10, 0x00, 0x0B, 0xF7,
    0x00, 0x00, 0x3F, 0xE1, 0x00, 0x00, 0xAF, 0x80, 0x00, 0x00, 0xEF, 0x30, 0x00, 0x05, 0xFE, 0x00,
    0x00, 0x09, 0xF9, 0x00, 0x00, 0x0D, 0xF5, 0x00, 0x00, 0x1F, 0xF3, 0x00, 0x00, 0x3F, 0xF0, 0x00,
    0x00, 0x6F, 0xD0, 0x00, 0x00, 0x7F, 0xB0, 0x00, 0x00, 0x8F, 0xA0, 0x00, 0x00, 0x9F, 0xA0, 0x00,
    0x00, 0xAF, 0x90, 0x00, 0x00, 0xAF, 0x90, 0x00, 0x00, 0x9F, 0xA0, 0x00, 0x00, 0x8F, 0xA0, 0x00,
    0x00, 0x7F, 0xB0, 0x00, 0x00, 0x6F, 0xD0, 0x00, 0x00, 0x3F, 0xF0, 0x00, 0x00, 0x1F, 0xF3, 0x00,
    0x00, 0x0D, 0xF5, 0x00, 0x00, 0x09, 0xF9, 0x00, 0x00, 0x04, 0xFE, 0x00, 0x00, 0x00, 0xEF, 0x30,
    0x00, 0x00, 0xAF, 0x80, 0x00, 0x00, 0x3F, 0xE1, 0x00, 0x00, 0x0B, 0xF7, 0x00, 0x00, 0x03, 0xFE,
    0x10, 0x7F, 0xB0, 0x00, 0x00, 0x0D, 0xF3, 0x00, 0x00, 0x07, 0xFB, 0x00, 0x00, 0x01, 0xFF, 0x30,
    0x00, 0x00, 0xAF, 0x70, 0x00, 0x00, 0x5F, 0xC0, 0x00, 0x00, 0x1F, 0xF2, 0x00, 0x00, 0x0D, 0xF5,
    0x00, 0x00, 0x0A, 0xF8, 0x00, 0x00, 0x07, 0xFB, 0x00, 0x00, 0x05, 0xFE, 0x00, 0x00, 0x03, 0xFF,
    0x00, 0x00, 0x03, 0xFF, 0x10, 0x00, 0x02, 0xFF, 0x20, 0x00, 0x01, 0xFF, 0x30, 0x00, 0x01, 0xFF,
    0x30, 0x00, 0x02, 0xFF, 0x20, 0x00, 0x03, 0xFF, 0x10, 0x00, 0x03, 0xFF, 0x00, 0x00, 0x05, 0xFE,
    0x00, 0x00, 0x07, 0xFB, 0x00, 0x00, 0x0A, 0xF8, 0x00, 0x00, 0x0D, 0xF5, 0x00, 0x00, 0x1F, 0xF2,
    0x00, 0x00, 0x5F, 0xC0, 0x00, 0x00, 0xAF, 0x70, 0x00, 0x01, 0xFF, 0x20, 0x00, 0x07, 0xFB, 0x00,
    0x00, 0x0D, 0xF3, 0x00, 0x00, 0x7F, 0xB0, 0x00, 0x00, 0x00, 0x00, 0x08, 0xE0, 0x00, 0x00, 0x00,
    0x00, 0x08, 0xE0, 0x00, 0x00, 0x07, 0x20, 0x08, 0xE0, 0x00, 0x71, 0x2F, 0xE7, 0x08, 0xE0, 0x4D,
    0xF7, 0x03, 0xBF, 0xDB, 0xEA, 0xFE, 0x60, 0x00, 0x05, 0xDF, 0xFF, 0x81, 0x00, 0x00, 0x05, 0xDF,
    0xFF, 0x81, 0x00, 0x02, 0xBF, 0xDB, 0xEA, 0xFD, 0x50, 0x2F, 0xF8, 0x18, 0xE0, 0x4D, 0xF6, 0x07,
    0x20, 0x08, 0xE0, 0x00, 0x71, 0x00, 0x00, 0x08, 0xE0, 0x00, 0x00, 0x00, 0x00, 0x08, 0xE0, 0x00,
    0x00, 0x00, 0x00, 0x00, 0xCF, 0x30, 0x00, 0x00, 0x00, 0x00, 0x00, 0x00, 0xCF, 0x30, 0x00, 0x00,
    0x00, 0x00, 0x00, 0x00, 0xCF, 0x30, 0x00, 0x00, 0x00, 0x00, 0x00, 0x00, 0xCF, 0x30, 0x00, 0x00,
    0x00, 0x00, 0x00, 0x00, 0xCF, 0x30, 0x00, 0x00, 0x00, 0x00, 0x00, 0x00, 0xCF, 0x30, 0x00, 0x00,
    0x00, 0xBF, 0xFF, 0xFF, 0xFF, 0xFF, 0xFF, 0xFF, 0x20, 0xCF, 0xFF, 0xFF, 0xFF, 0xFF, 0xFF, 0xFF,
    0x20, 0x00, 0x00, 0x00, 0xCF, 0x30, 0x00, 0x00, 0x00, 0x00, 0x00, 0x00, 0xCF, 0x30, 0x00, 0x00,
    0x00, 0x00, 0x00, 0x00, 0xCF, 0x30, 0x00, 0x00, 0x00, 0x00, 0x00, 0x00, 0xCF, 0x30, 0x00, 0x00,
    0x00, 0x00, 0x00, 0x00, 0xCF, 0x30, 0x00, 0x00, 0x00, 0x00, 0x00, 0x00, 0xCF, 0x30, 0x00, 0x00,
    0x00, 0x0A, 0xE8, 0x00, 0x3F, 0xFF, 0x10, 0x1E, 0xFF, 0x00, 0x05, 0xFA, 0x00, 0x06, 0xF6, 0x00,
    0x09, 0xF1, 0x00, 0x0D, 0xC0, 0x00, 0x1F, 0x70, 0x00, 0x1F, 0xFF, 0xFF, 0xFF, 0xF4, 0x1F, 0xFF,
    0xFF, 0xFF, 0xF4, 0x1B, 0xE9, 0x00, 0x4F, 0xFF, 0x10, 0x1B, 0xE9, 0x00, 0x00, 0x00, 0x00, 0x00,
    0x00, 0x6F, 0xA0, 0x00, 0x00, 0x00, 0x00, 0x00, 0xCF, 0x50, 0x00, 0x00, 0x00, 0x00, 0x02, 0xFE,
    0x00, 0x00, 0x00, 0x00, 0x00, 0x07, 0xF9, 0x00, 0x00, 0x00, 0x00, 0x00, 0x0C, 0xF4, 0x00, 0x00,
    0x00, 0x00, 0x00, 0x3F, 0xD0, 0x00, 0x00, 0x00, 0x00, 0x00, 0x8F, 0x80, 0x00, 0x00, 0x00, 0x00,
    0x00, 0xDF, 0x30, 0x00, 0x00, 0x00, 0x00, 0x03, 0xFD, 0x00, 0x00, 0x00, 0x00, 0x00, 0x09, 0xF7,
    0x00, 0x00, 0x00, 0x00, 0x00, 0x0E, 0xF2, 0x00, 0x00, 0x00, 0x00, 0x00, 0x4F, 0xC0, 0x00, 0x00,
    0x00, 0x00, 0x00, 0xAF, 0x70, 0x00, 0x00, 0x00, 0x00, 0x01, 0xEF, 0x10, 0x00, 0x00, 0x00, 0x00,
    0x05, 0xFB, 0x00, 0x00, 0x00, 0x00, 0x00, 0x0A, 0xF6, 0x00, 0x00, 0x00, 0x00, 0x00, 0x1F, 0xF1,
    0x00, 0x00, 0x00, 0x00, 0x00, 0x6F, 0xA0, 0x00, 0x00, 0x00, 0x00, 0x00, 0xBF, 0x50, 0x00, 0x00,
    0x00, 0x00, 0x02, 0xFE, 0x00, 0x00, 0x00, 0x00, 0x00, 0x07, 0xF9, 0x00, 0x00, 0x00, 0x00, 0x00,
    0x0C, 0xF4, 0x00, 0x00, 0x00, 0x00, 0x00, 0x2F, 0xE0, 0x00, 0x00, 0x00, 0x00, 0x00, 0x8F, 0x90,
    0x00, 0x00, 0x00, 0x00, 0x00, 0xDF, 0x30, 0x00, 0x00, 0x00, 0x00, 0x03, 0xFD, 0x00, 0x00, 0x00,
    0x00, 0x00, 0x09, 0xF8, 0x00, 0x00, 0x00, 0x00, 0x00, 0x0E, 0xF2, 0x00, 0x00, 0x00, 0x00, 0x00,
    0x4F, 0xC0, 0x00, 0x00, 0x00, 0x00, 0x00, 0x9F, 0x70, 0x00, 0x00, 0x00, 0x00, 0x00, 0x00, 0x00,
    0x01, 0x7B, 0xEF, 0xEC, 0x82, 0x00, 0x00, 0x00, 0x00, 0x00, 0x5E, 0xFF, 0xFF, 0xFF, 0xFE, 0x70,
    0x00, 0x00, 0x00, 0x06, 0xFF, 0xC6, 0x20, 0x15, 0xBF, 0xF9, 0x00, 0x00, 0x00, 0x4F, 0xF9, 0x00,
    0x00, 0x00, 0x07, 0xFF, 0x60, 0x00, 0x00, 0xDF, 0xB0, 0x00, 0x00, 0x00, 0x00, 0x8F, 0xE1, 0x00,
    0x05, 0xFF, 0x20, 0x00, 0x00, 0x00, 0x00, 0x0D, 0xF8, 0x00, 0x0B, 0xFA, 0x00, 0x00, 0x00, 0x00,
    0x00, 0x08, 0xFE, 0x00, 0x0E, 0xF6, 0x00, 0x00, 0x00, 0x00, 0x00, 0x03, 0xFF, 0x30, 0x2F, 0xF3,
    0x00, 0x00, 0x00, 0x00, 0x00, 0x00, 0xFF, 0x50, 0x4F, 0xF1, 0x00, 0x00, 0x00, 0x00, 0x00, 0x00,
    0xEF, 0x70, 0x5F, 0xF0, 0x00, 0x00, 0x00, 0x00, 0x00, 0x00, 0xDF, 0x80, 0x5F, 0xF0, 0x00, 0x00,
    0x00, 0x00, 0x00, 0x00, 0xDF, 0x80, 0x4F, 0xF1, 0x00, 0x00, 0x00, 0x00, 0x00, 0x00, 0xEF, 0x70,
    0x2F, 0xF3, 0x00, 0x00, 0x00, 0x00, 0x00, 0x00, 0xFF, 0x50, 0x0E, 0xF6, 0x00, 0x00, 0x00, 0x00,
    0x00, 0x03, 0xFF, 0x30, 0x0B, 0xFA, 0x00, 0x00, 0x00, 0x00, 0x00, 0x08, 0xFE, 0x00, 0x05, 0xFF,
    0x20, 0x00, 0x00, 0x00, 0x00, 0x0D, 0xF8, 0x00, 0x00, 0xDF, 0xB0, 0x00, 0x00, 0x00, 0x00, 0x8F,
    0xE1, 0x00, 0x00, 0x4F, 0xF9, 0x00, 0x00, 0x00, 0x07, 0xFF, 0x60, 0x00, 0x00, 0x06, 0xFF, 0xC6,
    0x20, 0x15, 0xBF, 0xF9, 0x00, 0x00, 0x00, 0x00, 0x5E, 0xFF, 0xFF, 0xFF, 0xFE, 0x70, 0x00, 0x00,
    0x00, 0x00, 0x01, 0x7B, 0xEF, 0xEC, 0x82, 0x00, 0x00, 0x00, 0xBF, 0xFF, 0xFF, 0xFD, 0xBF, 0xFF,
    0xFF, 0xFD, 0x00, 0x00, 0x07, 0xFD, 0x00, 0x00, 0x07, 0xFD, 0x00, 0x00, 0x07, 0xFD, 0x00, 0x00,
    0x07, 0xFD, 0x00, 0x00, 0x07, 0xFD, 0x00, 0x00, 0x07, 0xFD, 0x00, 0x00, 0x07, 0xFD, 0x00, 0x00,
    0x07, 0xFD, 0x00, 0x00, 0x07, 0xFD, 0x00, 0x00, 0x07, 0xFD, 0x00, 0x00, 0x07, 0xFD, 0x00, 0x00,
    0x07, 0xFD, 0x00, 0x00, 0x07, 0xFD, 0x00, 0x00, 0x07, 0xFD, 0x00, 0x00, 0x07, 0xFD, 0x00, 0x00,
    0x07, 0xFD, 0x00, 0x00, 0x07, 0xFD, 0x00, 0x00, 0x07, 0xFD, 0x00, 0x00, 0x07, 0xFD, 0x00, 0x00,
    0x07, 0xFD, 0x00, 0x01, 0x59, 0xCE, 0xFE, 0xC9, 0x30, 0x00, 0x00, 0x00, 0x6E, 0xFF, 0xFF, 0xFF,
    0xFF, 0xFA, 0x10, 0x00, 0x0A, 0xFF, 0xC6, 0x21, 0x01, 0x4A, 0xFF, 0xC0, 0x00, 0x2D, 0xF6, 0x00,
    0x00, 0x00, 0x00, 0x6F, 0xF6, 0x00, 0x01, 0x40, 0x00, 0x00, 0x00, 0x00, 0x0B, 0xFB, 0x00, 0x00,
    0x00, 0x00, 0x00, 0x00, 0x00, 0x07, 0xFD, 0x00, 0x00, 0x00, 0x00, 0x00, 0x00, 0x00, 0x07, 0xFD,
    0x00, 0x00, 0x00, 0x00, 0x00, 0x00, 0x00, 0x0A, 0xFB, 0x00, 0x00, 0x00, 0x00, 0x00, 0x00, 0x00,
    0x1E, 0xF6, 0x00, 0x00, 0x00, 0x00, 0x00, 0x00, 0x00, 0xAF, 0xD1, 0x00, 0x00, 0x00, 0x00, 0x00,
    0x00, 0x07, 0xFF, 0x40, 0x00, 0x00, 0x00, 0x00, 0x00, 0x00, 0x7F, 0xF7, 0x00, 0x00, 0x00, 0x00,
    0x00, 0x00, 0x07, 0xFF, 0x70, 0x00, 0x00, 0x00, 0x00, 0x00, 0x00, 0x8F, 0xF7, 0x00, 0x00, 0x00,
    0x00, 0x00, 0x00, 0x08, 0xFF, 0x60, 0x00, 0x00, 0x00, 0x00, 0x00, 0x00, 0x9F, 0xF5, 0x00, 0x00,
    0x00, 0x00, 0x00, 0x00, 0x0A, 0xFF, 0x50, 0x00, 0x00, 0x00, 0x00, 0x00, 0x00, 0xAF, 0xF4, 0x00,
    0x00, 0x00, 0x00, 0x00, 0x00, 0x0B, 0xFE, 0x40, 0x00, 0x00, 0x00, 0x00, 0x00, 0x01, 0xBF, 0xE4,
    0x00, 0x00, 0x00, 0x00, 0x00, 0x00, 0x0A, 0xFF, 0xFF, 0xFF, 0xFF, 0xFF, 0xFF, 0xFF, 0xE0, 0x0B,
    0xFF, 0xFF, 0xFF, 0xFF, 0xFF, 0xFF, 0xFF, 0xE0, 0x0C, 0xFF, 0xFF, 0xFF, 0xFF, 0xFF, 0xFF, 0xF9,
    0x00, 0x0C, 0xFF, 0xFF, 0xFF, 0xFF, 0xFF, 0xFF, 0xF8, 0x00, 0x00, 0x00, 0x00, 0x00, 0x00, 0x00,
    0xCF, 0xC1, 0x00, 0x00, 0x00, 0x00, 0x00, 0x00, 0x0A, 0xFD, 0x10, 0x00, 0x00, 0x00, 0x00, 0x00,
    0x00, 0x8F, 0xE3, 0x00, 0x00, 0x00, 0x00, 0x00, 0x00, 0x06, 0xFF, 0x40, 0x00, 0x00, 0x00, 0x00,
    0x00, 0x00, 0x4F, 0xF6, 0x00, 0x00, 0x00, 0x00, 0x00, 0x00, 0x02, 0xEF, 0x90, 0x00, 0x00, 0x00,
    0x00, 0x00, 0x00, 0x1D, 0xFB, 0x00, 0x00, 0x00, 0x00, 0x00, 0x00, 0x00, 0x8F, 0xFF, 0xEB, 0x71,
    0x00, 0x00, 0x00, 0x00, 0x00, 0x8F, 0xFF, 0xFF, 0xFE, 0x50, 0x00, 0x00, 0x00, 0x00, 0x00, 0x01,
    0x49, 0xFF, 0xF4, 0x00, 0x00, 0x00, 0x00, 0x00, 0x00, 0x00, 0x3E, 0xFD, 0x00, 0x00, 0x00, 0x00,
    0x00, 0x00, 0x00, 0x06, 0xFF, 0x40, 0x00, 0x00, 0x00, 0x00, 0x00, 0x00, 0x00, 0xFF, 0x60, 0x00,
    0x00, 0x00, 0x00, 0x00, 0x00, 0x00, 0xEF, 0x70, 0x00, 0x00, 0x00, 0x00, 0x00, 0x00, 0x01, 0xFF,
    0x50, 0x05, 0x00, 0x00, 0x00, 0x00, 0x00, 0x06, 0xFF, 0x10, 0x4F, 0xB2, 0x00, 0x00, 0x00, 0x00,
    0x3E, 0xF9, 0x00, 0x5F, 0xFF, 0xA6, 0x21, 0x01, 0x38, 0xFF, 0xD1, 0x00, 0x03, 0xAF, 0xFF, 0xFF,
    0xFF, 0xFF, 0xFA, 0x10, 0x00, 0x00, 0x02, 0x7A, 0xDE, 0xFE, 0xC8, 0x30, 0x00, 0x00, 0x00, 0x00,
    0x00, 0x00, 0x00, 0x04, 0xFF, 0x50, 0x00, 0x00, 0x00, 0x00, 0x00, 0x00, 0x00, 0x2E, 0xF7, 0x00,
    0x00, 0x00, 0x00, 0x00, 0x00, 0x00, 0x01, 0xDF, 0xA0, 0x00, 0x00, 0x00, 0x00, 0x00, 0x00, 0x00,
    0x0B, 0xFC, 0x10, 0x00, 0x00, 0x00, 0x00, 0x00, 0x00, 0x00, 0x8F, 0xE2, 0x00, 0x00, 0x00, 0x00,
    0x00, 0x00, 0x00, 0x06, 0xFF, 0x40, 0x00, 0x00, 0x00, 0x00, 0x00, 0x00, 0x00, 0x3F, 0xF6, 0x00,
    0x00, 0x00, 0x00, 0x00, 0x00, 0x00, 0x02, 0xEF, 0x90, 0x00, 0x00, 0x00, 0x00, 0x00, 0x00, 0x00,
    0x1C, 0xFB, 0x00, 0x00, 0x00, 0x00, 0x00, 0x00, 0x00, 0x00, 0xAF, 0xD1, 0x00, 0x00, 0x0F, 0xF3,
    0x00, 0x00, 0x00, 0x08, 0xFE, 0x30, 0x00, 0x00, 0x0F, 0xF3, 0x00, 0x00, 0x00, 0x5F, 0xF5, 0x00,
    0x00, 0x00, 0x0F, 0xF3, 0x00, 0x00, 0x03, 0xEF, 0x70, 0x00, 0x00, 0x00, 0x0F, 0xF3, 0x00, 0x00,
    0x1D, 0xFA, 0x00, 0x00, 0x00, 0x00, 0x0F, 0xF3, 0x00, 0x00, 0xAF, 0xFF, 0xFF, 0xFF, 0xFF, 0xFF,
    0xFF, 0xFF, 0xFF, 0xFB, 0xBF, 0xFF, 0xFF, 0xFF, 0xFF, 0xFF, 0xFF, 0xFF, 0xFF, 0xFB, 0x01, 0x11,
    0x11, 0x11, 0x11, 0x11, 0x2F, 0xF4, 0x11, 0x10, 0x00, 0x00, 0x00, 0x00, 0x00, 0x00, 0x1F, 0xF3,
    0x00, 0x00, 0x00, 0x00, 0x00, 0x00, 0x00, 0x00, 0x1F, 0xF3, 0x00, 0x00, 0x00, 0x00, 0x00, 0x00,
    0x00, 0x00, 0x1F, 0xF3, 0x00, 0x00, 0x00, 0x00, 0x00, 0x00, 0x00, 0x00, 0x1F, 0xF3, 0x00, 0x00,
    0x00, 0x00, 0x00, 0x00, 0x00, 0x00, 0x1F, 0xF3, 0x00, 0x00, 0x00, 0x0A, 0xFF, 0xFF, 0xFF, 0xFF,
    0xFF, 0xFA, 0x00, 0x00, 0x0B, 0xFF, 0xFF, 0xFF, 0xFF, 0xFF, 0xFA, 0x00, 0x00, 0x0D, 0xF6, 0x00,
    0x00, 0x00, 0x00, 0x00, 0x00, 0x00, 0x0E, 0xF4, 0x00, 0x00, 0x00, 0x00, 0x00, 0x00, 0x00, 0x1F,
    0xF2, 0x00, 0x00, 0x00, 0x00, 0x00, 0x00, 0x00, 0x2F, 0xF1, 0x00, 0x00, 0x00, 0x00, 0x00, 0x00,
    0x00, 0x4F, 0xE0, 0x00, 0x00, 0x00, 0x00, 0x00, 0x00, 0x00, 0x6F, 0xD0, 0x00, 0x00, 0x00, 0x00,
    0x00, 0x00, 0x00, 0x7F, 0xB0, 0x00, 0x00, 0x00, 0x00, 0x00, 0x00, 0x00, 0x9F, 0xFF, 0xFF, 0xFE,
    0xC9, 0x50, 0x00, 0x00, 0x00, 0xAF, 0xFF, 0xFF, 0xFF, 0xFF, 0xFE, 0x60, 0x00, 0x00, 0x00, 0x00,
    0x00, 0x02, 0x49, 0xEF, 0xF7, 0x00, 0x00, 0x00, 0x00, 0x00, 0x00, 0x00, 0x1B, 0xFF, 0x20, 0x00,
    0x00, 0x00, 0x00, 0x00, 0x00, 0x01, 0xEF, 0x80, 0x00, 0x00, 0x00, 0x00, 0x00, 0x00, 0x00, 0x9F,
    0xB0, 0x00, 0x00, 0x00, 0x00, 0x00, 0x00, 0x00, 0x7F, 0xC0, 0x00, 0x00, 0x00, 0x00, 0x00, 0x00,
    0x00, 0x9F, 0xB0, 0x02, 0x10, 0x00, 0x00, 0x00, 0x00, 0x01, 0xEF, 0x80, 0x0C, 0xD4, 0x00, 0x00,
    0x00, 0x00, 0x0A, 0xFF, 0x20, 0x1D, 0xFF, 0xC7, 0x31, 0x00, 0x26, 0xDF, 0xF5, 0x00, 0x01, 0x8E,
    0xFF, 0xFF, 0xFF, 0xFF, 0xFE, 0x50, 0x00, 0x00, 0x01, 0x59, 0xCE, 0xFE, 0xDA, 0x61, 0x00, 0x00,
    0x00, 0x00, 0x00, 0x38, 0xBE, 0xFF, 0xEB, 0x82, 0x00, 0x00, 0x00, 0x2A, 0xFF, 0xFF, 0xFF, 0xFF,
    0xFE, 0x10, 0x00, 0x03, 0xEF, 0xF9, 0x51, 0x01, 0x24, 0x97, 0x00, 0x00, 0x2E, 0xFC, 0x20, 0x00,
    0x00, 0x00, 0x00, 0x00, 0x00, 0xBF, 0xC1, 0x00, 0x00, 0x00, 0x00, 0x00, 0x00, 0x04, 0xFF, 0x20,
    0x00, 0x00, 0x00, 0x00, 0x00, 0x00, 0x0A, 0xFA, 0x00, 0x00, 0x00, 0x00, 0x00, 0x00, 0x00, 0x0E,
    0xF5, 0x00, 0x00, 0x00, 0x00, 0x00, 0x00, 0x00, 0x2F, 0xF2, 0x00, 0x4A, 0xDE, 0xEC, 0x94, 0x00,
    0x00, 0x4F, 0xF1, 0x2B, 0xFF, 0xFF, 0xFF, 0xFF, 0xA1, 0x00, 0x5F, 0xF1, 0xDF, 0xB5, 0x20, 0x14,
    0x9F, 0xFC, 0x10, 0x5F, 0xFA, 0xF7, 0x00, 0x00, 0x00, 0x04, 0xEF, 0x90, 0x4F, 0xFF, 0x90, 0x00,
    0x00, 0x00, 0x00, 0x6F, 0xF1, 0x3F, 0xFF, 0x20, 0x00, 0x00, 0x00, 0x00, 0x1E, 0xF5, 0x0F, 0xFE,
    0x00, 0x00, 0x00, 0x00, 0x00, 0x0C, 0xF7, 0x0C, 0xFD, 0x00, 0x00, 0x00, 0x00, 0x00, 0x0C, 0xF7,
    0x07, 0xFF, 0x10, 0x00, 0x00, 0x00, 0x00, 0x0E, 0xF5, 0x01, 0xEF, 0x90, 0x00, 0x00, 0x00, 0x00,
    0x6F, 0xF1, 0x00, 0x6F, 0xF6, 0x00, 0x00, 0x00, 0x03, 0xEF, 0x80, 0x00, 0x09, 0xFF, 0xB5, 0x20,
    0x13, 0x8F, 0xFB, 0x00, 0x00, 0x00, 0x7E, 0xFF, 0xFF, 0xFF, 0xFF, 0x91, 0x00, 0x00, 0x00, 0x02,
    0x7B, 0xDF, 0xEC, 0x93, 0x00, 0x00, 0xFF, 0xFF, 0xFF, 0xFF, 0xFF, 0xFF, 0xFF, 0xFF, 0x70, 0xFF,
    0xFF, 0xFF, 0xFF, 0xFF, 0xFF, 0xFF, 0xFF, 0x60, 0xFF, 0x40, 0x00, 0x00, 0x00, 0x00, 0x07, 0xFF,
    0x10, 0xFF, 0x40, 0x00, 0x00, 0x00, 0x00, 0x0D, 0xF9, 0x00, 0xFF, 0x40, 0x00, 0x00, 0x00, 0x00,
    0x6F, 0xF2, 0x00, 0xFF, 0x40, 0x00, 0x00, 0x00, 0x00, 0xCF, 0xA0, 0x00, 0x22, 0x00, 0x00, 0x00,
    0x00, 0x04, 0xFF, 0x30, 0x00, 0x00, 0x00, 0x00, 0x00, 0x00, 0x0B, 0xFB, 0x00, 0x00, 0x00, 0x00,
    0x00, 0x00, 0x00, 0x3F, 0xF4, 0x00, 0x00, 0x00, 0x00, 0x00, 0x00, 0x00, 0xAF, 0xC0, 0x00, 0x00,
    0x00, 0x00, 0x00, 0x00, 0x02, 0xFF, 0x60, 0x00, 0x00, 0x00, 0x00, 0x00, 0x00, 0x09, 0xFD, 0x00,
    0x00, 0x00, 0x00, 0x00, 0x00, 0x00, 0x1E, 0xF7, 0x00, 0x00, 0x00, 0x00, 0x00, 0x00, 0x00, 0x8F,
    0xE1, 0x00, 0x00, 0x00, 0x00, 0x00, 0x00, 0x01, 0xEF, 0x80, 0x00, 0x00, 0x00, 0x00, 0x00, 0x00,
    0x06, 0xFF, 0x20, 0x00, 0x00, 0x00, 0x00, 0x00, 0x00, 0x0D, 0xF9, 0x00, 0x00, 0x00, 0x00, 0x00,
    0x00, 0x00, 0x5F, 0xF2, 0x00, 0x00, 0x00, 0x00, 0x00, 0x00, 0x00, 0xCF, 0xB0, 0x00, 0x00, 0x00,
    0x00, 0x00, 0x00, 0x04, 0xFF, 0x40, 0x00, 0x00, 0x00, 0x00, 0x00, 0x00, 0x0B, 0xFC, 0x00, 0x00,
    0x00, 0x00, 0x00, 0x00, 0x00, 0x3F, 0xF5, 0x00, 0x00, 0x00, 0x00, 0x00, 0x00, 0x00, 0x17, 0xBD,
    0xEF, 0xEC, 0x84, 0x00, 0x00, 0x00, 0x08, 0xEF, 0xFF, 0xFF, 0xFF, 0xFF, 0xB2, 0x00, 0x00, 0x9F,
    0xFB, 0x52, 0x00, 0x14, 0x9F, 0xFD, 0x10, 0x03, 0xFF, 0x70, 0x00, 0x00, 0x00, 0x03, 0xEF, 0x90,
    0x08, 0xFD, 0x00, 0x00, 0x00, 0x00, 0x00, 0x7F, 0xE0, 0x09, 0xFA, 0x00, 0x00, 0x00, 0x00, 0x00,
    0x4F, 0xF1, 0x07, 0xFC, 0x00, 0x00, 0x00, 0x00, 0x00, 0x7F, 0xE0, 0x02, 0xFF, 0x70, 0x00, 0x00,
    0x00, 0x02, 0xEF, 0x80, 0x00, 0x6F, 0xFB, 0x52, 0x00, 0x14, 0x8E, 0xFB, 0x10, 0x00, 0x04, 0xBF,
    0xFF, 0xFF, 0xFF, 0xFE, 0x70, 0x00, 0x00, 0x06, 0xDF, 0xFF, 0xFF, 0xFF, 0xFF, 0x92, 0x00, 0x01,
    0xBF, 0xFA, 0x52, 0x10, 0x14, 0x8E, 0xFE, 0x30, 0x0A, 0xFE, 0x40, 0x00, 0x00, 0x00, 0x01, 0xCF,
    0xE1, 0x2F, 0xF6, 0x00, 0x00, 0x00, 0x00, 0x00, 0x1E, 0xF8, 0x6F, 0xF0, 0x00, 0x00, 0x00, 0x00,
    0x00, 0x09, 0xFC, 0x7F, 0xE0, 0x00, 0x00, 0x00, 0x00, 0x00, 0x08, 0xFD, 0x6F, 0xF0, 0x00, 0x00,
    0x00, 0x00, 0x00, 0x09, 0xFC, 0x2F, 0xF6, 0x00, 0x00, 0x00, 0x00, 0x00, 0x1E, 0xF8, 0x0A, 0xFE,
    0x40, 0x00, 0x00, 0x00, 0x01, 0xBF, 0xE2, 0x01, 0xDF, 0xFA, 0x52, 0x00, 0x13, 0x8E, 0xFF, 0x50,
    0x00, 0x1A, 0xFF, 0xFF, 0xFF, 0xFF, 0xFF, 0xD4, 0x00, 0x00, 0x00, 0x38, 0xBE, 0xEF, 0xEC, 0x94,
    0x00, 0x00, 0x00, 0x01, 0x7B, 0xDF, 0xED, 0x94, 0x00, 0x00, 0x00, 0x00, 0x6E, 0xFF, 0xFF, 0xFF,
    0xFF, 0xC2, 0x00, 0x00, 0x07, 0xFF, 0xB5, 0x10, 0x13, 0x7D, 0xFE, 0x30, 0x00, 0x3F, 0xF7, 0x00,
    0x00, 0x00, 0x01, 0xBF, 0xD1, 0x00, 0xAF, 0xB0, 0x00, 0x00, 0x00, 0x00, 0x1D, 0xF8, 0x00, 0xEF,
    0x60, 0x00, 0x00, 0x00, 0x00, 0x08, 0xFE, 0x00, 0xFF, 0x40, 0x00, 0x00, 0x00, 0x00, 0x06, 0xFF,
    0x40, 0xDF, 0x60, 0x00, 0x00, 0x00, 0x00, 0x08, 0xFF, 0x70, 0xBF, 0xB0, 0x00, 0x00, 0x00, 0x00,
    0x1E, 0xFF, 0xA0, 0x4F, 0xF8, 0x00, 0x00, 0x00, 0x01, 0xBF, 0xCF, 0xB0, 0x09, 0xFF, 0xC5, 0x20,
    0x13, 0x7E, 0xF9, 0x8F, 0xC0, 0x00, 0x7F, 0xFF, 0xFF, 0xFF, 0xFF, 0x80, 0x8F, 0xC0, 0x00, 0x02,
    0x7C, 0xDE, 0xDC, 0x72, 0x00, 0x9F, 0xB0, 0x00, 0x00, 0x00, 0x00, 0x00, 0x00, 0x00, 0xBF, 0x90,
    0x00, 0x00, 0x00, 0x00, 0x00, 0x00, 0x00, 0xEF, 0x60, 0x00, 0x00, 0x00, 0x00, 0x00, 0x00, 0x04,
    0xFF, 0x20, 0x00, 0x00, 0x00, 0x00, 0x00, 0x00, 0x0B, 0xFB, 0x00, 0x00, 0x00, 0x00, 0x00, 0x00,
    0x00, 0x7F, 0xF3, 0x00, 0x00, 0x00, 0x00, 0x00, 0x00, 0x08, 0xFF, 0x80, 0x00, 0x01, 0xC6, 0x31,
    0x01, 0x37, 0xDF, 0xF9, 0x00, 0x00, 0x08, 0xFF, 0xFF, 0xFF, 0xFF, 0xFE, 0x50, 0x00, 0x00, 0x00,
    0x5A, 0xDE, 0xFE, 0xDA, 0x50, 0x00, 0x00, 0x00, 0x1B, 0xE9, 0x00, 0x4F, 0xFF, 0x10, 0x1B, 0xE9,
    0x00, 0x00, 0x00, 0x00, 0x00, 0x00, 0x00, 0x00, 0x00, 0x00, 0x00, 0x00, 0x00, 0x00, 0x00, 0x00,
    0x00, 0x00, 0x00, 0x00, 0x00, 0x00, 0x00, 0x00, 0x00, 0x00, 0x00, 0x00, 0x00, 0x00, 0x00, 0x00,
    0x00, 0x00, 0x1B, 0xE9, 0x00, 0x4F, 0xFF, 0x10, 0x1B, 0xE9, 0x00, 0x1B, 0xE9, 0x00, 0x4F, 0xFF,
    0x10, 0x1B, 0xE9, 0x00, 0x00, 0x00, 0x00, 0x00, 0x00, 0x00, 0x00, 0x00, 0x00, 0x00, 0x00, 0x00,
    0x00, 0x00, 0x00, 0x00, 0x00, 0x00, 0x00, 0x00, 0x00, 0x00, 0x00, 0x00, 0x00, 0x00, 0x00, 0x00,
    0x00, 0x00, 0x00, 0x00, 0x00, 0x0A, 0xE8, 0x00, 0x3F, 0xFF, 0x10, 0x1E, 0xFF, 0x00, 0x05, 0xFA,
    0x00, 0x06, 0xF6, 0x00, 0x09, 0xF1, 0x00, 0x0D, 0xC0, 0x00, 0x1F, 0x70, 0x00, 0x00, 0x00, 0x00,
    0x00, 0x00, 0x00, 0x39, 0x20, 0x00, 0x00, 0x00, 0x00, 0x01, 0x6C, 0xFF, 0x20, 0x00, 0x00, 0x00,
    0x03, 0x9E, 0xFF, 0xC6, 0x00, 0x00, 0x00, 0x16, 0xCF, 0xFE, 0x93, 0x00, 0x00, 0x00, 0x28, 0xEF,
    0xFC, 0x61, 0x00, 0x00, 0x00, 0x5B, 0xFF, 0xE9, 0x30, 0x00, 0x00, 0x00, 0x00, 0xCF, 0xD6, 0x10,
    0x00, 0x00, 0x00, 0x00, 0x00, 0xBF, 0xFC, 0x61, 0x00, 0x00, 0x00, 0x00, 0x00, 0x06, 0xCF, 0xFE,
    0x93, 0x00, 0x00, 0x00, 0x00, 0x00, 0x02, 0x9E, 0xFF, 0xC6, 0x10, 0x00, 0x00, 0x00, 0x00, 0x00,
    0x5C, 0xFF, 0xE9, 0x30, 0x00, 0x00, 0x00, 0x00, 0x00, 0x28, 0xEF, 0xFC, 0x10, 0x00, 0x00, 0x00,
    0x00, 0x00, 0x05, 0xBF, 0x20, 0x00, 0x00, 0x00, 0x00, 0x00, 0x00, 0x02, 0x10, 0xCF, 0xFF, 0xFF,
    0xFF, 0xFF, 0xFF, 0xFF, 0x20, 0xBF, 0xFF, 0xFF, 0xFF, 0xFF, 0xFF, 0xFF, 0x20, 0x00, 0x00, 0x00,
    0x00, 0x00, 0x00, 0x00, 0x00, 0x00, 0x00, 0x00, 0x00, 0x00, 0x00, 0x00, 0x00, 0x00, 0x00, 0x00,
    0x00, 0x00, 0x00, 0x00, 0x00, 0x00, 0x00, 0x00, 0x00, 0x00, 0x00, 0x00, 0x00, 0x00, 0x00, 0x00,
    0x00, 0x00, 0x00, 0x00, 0x00, 0xBF, 0xFF, 0xFF, 0xFF, 0xFF, 0xFF, 0xFF, 0x20, 0xCF, 0xFF, 0xFF,
    0xFF, 0xFF, 0xFF, 0xFF, 0x20, 0x85, 0x00, 0x00, 0x00, 0x00, 0x00, 0x00, 0x00, 0xCF, 0xE8, 0x20,
    0x00, 0x00, 0x00, 0x00, 0x00, 0x4A, 0xFF, 0xFB, 0x50, 0x00, 0x00, 0x00, 0x00, 0x00, 0x17, 0xDF,
    0xFE, 0x82, 0x00, 0x00, 0x00, 0x00, 0x00, 0x03, 0x9E, 0xFF, 0xB5, 0x00, 0x00, 0x00, 0x00, 0x00,
    0x01, 0x6C, 0xFF, 0xE8, 0x10, 0x00, 0x00, 0x00, 0x00, 0x00, 0x3A, 0xFF, 0x20, 0x00, 0x00, 0x00,
    0x00, 0x03, 0x9E, 0xFF, 0x20, 0x00, 0x00, 0x00, 0x16, 0xCF, 0xFE, 0x82, 0x00, 0x00, 0x00, 0x4A,
    0xEF, 0xFB, 0x50, 0x00, 0x00, 0x01, 0x7D, 0xFF, 0xE8, 0x20, 0x00, 0x00, 0x00, 0x8F, 0xFF, 0xB5,
    0x00, 0x00, 0x00, 0x00, 0x00, 0xCE, 0x82, 0x00, 0x00, 0x00, 0x00, 0x00, 0x00, 0x30, 0x00, 0x00,
    0x00, 0x00, 0x00, 0x00, 0x00, 0x00, 0x01, 0x6A, 0xDE, 0xFE, 0xC9, 0x30, 0x00, 0x00, 0x7E, 0xFF,
    0xFF, 0xFF, 0xFF, 0xFA, 0x10, 0x0B, 0xFF, 0xB6, 0x21, 0x01, 0x5B, 0xFF, 0xB0, 0x4E, 0xE5, 0x00,
    0x00, 0x00, 0x00, 0x8F, 0xF5, 0x02, 0x30, 0x00, 0x00, 0x00, 0x00, 0x0D, 0xFA, 0x00, 0x00, 0x00,
    0x00, 0x00, 0x00, 0x0A, 0xFB, 0x00, 0x00, 0x00, 0x00, 0x00, 0x00, 0x0B, 0xFA, 0x00, 0x00, 0x00,
    0x00, 0x00, 0x00, 0x1E, 0xF6, 0x00, 0x00, 0x00, 0x00, 0x00, 0x00, 0xBF, 0xD1, 0x00, 0x00, 0x00,
    0x00, 0x00, 0x0A, 0xFE, 0x30, 0x00, 0x00, 0x00, 0x00, 0x01, 0xBF, 0xE3, 0x00, 0x00, 0x00, 0x00,
    0x00, 0x1C, 0xFD, 0x20, 0x00, 0x00, 0x00, 0x00, 0x00, 0xAF, 0xE2, 0x00, 0x00, 0x00, 0x00, 0x00,
    0x02, 0xFF, 0x60, 0x00, 0x00, 0x00, 0x00, 0x00, 0x06, 0xFF, 0x00, 0x00, 0x00, 0x00, 0x00, 0x00,
    0x03, 0x87, 0x00, 0x00, 0x00, 0x00, 0x00, 0x00, 0x00, 0x00, 0x00, 0x00, 0x00, 0x00, 0x00, 0x00,
    0x00, 0x00, 0x00, 0x00, 0x00, 0x00, 0x00, 0x00, 0x00, 0x00, 0x00, 0x00, 0x00, 0x00, 0x00, 0x00,
    0x07, 0xEC, 0x10, 0x00, 0x00, 0x00, 0x00, 0x00, 0x0E, 0xFF, 0x50, 0x00, 0x00, 0x00, 0x00, 0x00,
    0x07, 0xEC, 0x10, 0x00, 0x00, 0x00, 0x00, 0x00, 0x00, 0x00, 0x48, 0xBD, 0xEF, 0xED, 0xB8, 0x41,
    0x00, 0x00, 0x00, 0x00, 0x00, 0x00, 0x00, 0x00, 0x01, 0x7E, 0xFF, 0xFF, 0xFF, 0xFF, 0xFF, 0xFE,
    0x82, 0x00, 0x00, 0x00, 0x00, 0x00, 0x00, 0x00, 0x5E, 0xFF, 0xC7, 0x42, 0x10, 0x01, 0x46, 0xBF,
    0xFF, 0x80, 0x00, 0x00, 0x00, 0x00, 0x00, 0x09, 0xFF, 0xA3, 0x00, 0x00, 0x00, 0x00, 0x00, 0x01,
    0x8E, 0xFB, 0x10, 0x00, 0x00, 0x00, 0x00, 0xAF, 0xD4, 0x00, 0x00, 0x00, 0x00, 0x00, 0x00, 0x00,
    0x02, 0xBF, 0xC1, 0x00, 0x00, 0x00, 0x08, 0xFC, 0x10, 0x00, 0x02, 0x9D, 0xEE, 0xC9, 0x20, 0x08,
    0xF8, 0x09, 0xFB, 0x00, 0x00, 0x00, 0x4F, 0xD1, 0x00, 0x00, 0x7F, 0xFF, 0xFF, 0xFF, 0xF7, 0x08,
    0xF8, 0x00, 0xBF, 0x60, 0x00, 0x00, 0xCF, 0x40, 0x00, 0x09, 0xFF, 0xA4, 0x10, 0x26, 0xCF, 0x88,
    0xF8, 0x00, 0x1E, 0xE1, 0x00, 0x05, 0xFA, 0x00, 0x00, 0x6F, 0xF5, 0x00, 0x00, 0x00, 0x09, 0xFC,
    0xF8, 0x00, 0x06, 0xF7, 0x00, 0x0A, 0xF3, 0x00, 0x01, 0xEF, 0x70, 0x00, 0x00, 0x00, 0x00, 0xBF,
    0xF8, 0x00, 0x00, 0xEC, 0x00, 0x0E, 0xD0, 0x00, 0x06, 0xFD, 0x00, 0x00, 0x00, 0x00, 0x00, 0x2F,
    0xF8, 0x00, 0x00, 0xAF, 0x10, 0x2F, 0xA0, 0x00, 0x0A, 0xF8, 0x00, 0x00, 0x00, 0x00, 0x00, 0x0C,
    0xF8, 0x00, 0x00, 0x7F, 0x40, 0x4F, 0x80, 0x00, 0x0C, 0xF6, 0x00, 0x00, 0x00, 0x00, 0x00, 0x0A,
    0xF8, 0x00, 0x00, 0x5F, 0x50, 0x5F, 0x70, 0x00, 0x0C, 0xF4, 0x00, 0x00, 0x00, 0x00, 0x00, 0x08,
    0xF8, 0x00, 0x00, 0x4F, 0x60, 0x5F, 0x70, 0x00, 0x0C, 0xF6, 0x00, 0x00, 0x00, 0x00, 0x00, 0x0A,
    0xF8, 0x00, 0x00, 0x4F, 0x60, 0x4F, 0x80, 0x00, 0x0A, 0xF8, 0x00, 0x00, 0x00, 0x00, 0x00, 0x0C,
    0xF8, 0x00, 0x00, 0x5F, 0x50, 0x2F, 0xA0, 0x00, 0x06, 0xFD, 0x00, 0x00, 0x00, 0x00, 0x00, 0x3F,
    0xF8, 0x00, 0x00, 0x8F, 0x30, 0x0E, 0xE0, 0x00, 0x01, 0xEF, 0x70, 0x00, 0x00, 0x00, 0x00, 0xBF,
    0xF8, 0x00, 0x00, 0xCE, 0x00, 0x0A, 0xF4, 0x00, 0x00, 0x6F, 0xF6, 0x00, 0x00, 0x00, 0x09, 0xFC,
    0xFA, 0x00, 0x03, 0xF9, 0x00, 0x04, 0xFB, 0x00, 0x00, 0x09, 0xFF, 0xB4, 0x10, 0x26, 0xCF, 0xA4,
    0xFF, 0x40, 0x4D, 0xF2, 0x00, 0x00, 0xCF, 0x40, 0x00, 0x00, 0x7F, 0xFF, 0xFF, 0xFF, 0xF8, 0x00,
    0xCF, 0xFF, 0xFF, 0x60, 0x00, 0x00, 0x4F, 0xE2, 0x00, 0x00, 0x02, 0x9D, 0xFE, 0xD9, 0x30, 0x00,
    0x19, 0xEE, 0xB4, 0x00, 0x00, 0x00, 0x08, 0xFD, 0x10, 0x00, 0x00, 0x00, 0x00, 0x00, 0x00, 0x00,
    0x00, 0x00, 0x00, 0x00, 0x00, 0x00, 0x00, 0xBF, 0xE4, 0x00, 0x00, 0x00, 0x00, 0x00, 0x00, 0x00,
    0x00, 0x00, 0x00, 0x00, 0x00, 0x00, 0x00, 0x1A, 0xFF, 0xA3, 0x00, 0x00, 0x00, 0x00, 0x00, 0x01,
    0x00, 0x00, 0x00, 0x00, 0x00, 0x00, 0x00, 0x00, 0x6E, 0xFF, 0xC8, 0x42, 0x10, 0x02, 0x47, 0xBD,
    0x00, 0x00, 0x00, 0x00, 0x00, 0x00, 0x00, 0x00, 0x01, 0x8E, 0xFF, 0xFF, 0xFF, 0xFF, 0xFF, 0xF9,
    0x10, 0x00, 0x00, 0x00, 0x00, 0x00, 0x00, 0x00, 0x00, 0x01, 0x59, 0xBD, 0xFF, 0xEC, 0xA6, 0x10,
    0x00, 0x00, 0x00, 0x00, 0x00, 0x00, 0x00, 0x00, 0x00, 0x00, 0xEF, 0xD0, 0x00, 0x00, 0x00, 0x00,
    0x00, 0x00, 0x00, 0x00, 0x00, 0x06, 0xFF, 0xF5, 0x00, 0x00, 0x00, 0x00, 0x00, 0x00, 0x00, 0x00,
    0x00, 0x0D, 0xFC, 0xFC, 0x00, 0x00, 0x00, 0x00, 0x00, 0x00, 0x00, 0x00, 0x00, 0x5F, 0xE2, 0xEF,
    0x40, 0x00, 0x00, 0x00, 0x00, 0x00, 0x00, 0x00, 0x00, 0xCF, 0x70, 0x9F, 0xB0, 0x00, 0x00, 0x00,
    0x00, 0x00, 0x00, 0x00, 0x04, 0xFE, 0x10, 0x2F, 0xF3, 0x00, 0x00, 0x00, 0x00, 0x00, 0x00, 0x00,
    0x0B, 0xF8, 0x00, 0x0A, 0xFA, 0x00, 0x00, 0x00, 0x00, 0x00, 0x00, 0x00, 0x3F, 0xF2, 0x00, 0x03,
    0xFF, 0x20, 0x00, 0x00, 0x00, 0x00, 0x00, 0x00, 0xAF, 0xA0, 0x00, 0x00, 0xBF, 0x90, 0x00, 0x00,
    0x00, 0x00, 0x00, 0x02, 0xFF, 0x30, 0x00, 0x00, 0x4F, 0xF1, 0x00, 0x00, 0x00, 0x00, 0x00, 0x09,
    0xFB, 0x00, 0x00, 0x00, 0x0C, 0xF8, 0x00, 0x00, 0x00, 0x00, 0x00, 0x1F, 0xF4, 0x00, 0x00, 0x00,
    0x05, 0xFE, 0x10, 0x00, 0x00, 0x00, 0x00, 0x8F, 0xC0, 0x00, 0x00, 0x00, 0x00, 0xDF, 0x70, 0x00,
    0x00, 0x00, 0x01, 0xEF, 0x50, 0x00, 0x00, 0x00, 0x00, 0x6F, 0xD0, 0x00, 0x00, 0x00, 0x07, 0xFF,
    0xEE, 0xEE, 0xEE, 0xEE, 0xEE, 0xEF, 0xF6, 0x00, 0x00, 0x00, 0x0D, 0xFF, 0xFF, 0xFF, 0xFF, 0xFF,
    0xFF, 0xFF, 0xFD, 0x00, 0x00, 0x00, 0x6F, 0xE1, 0x00, 0x00, 0x00, 0x00, 0x00, 0x01, 0xFF, 0x50,
    0x00, 0x00, 0xDF, 0x80, 0x00, 0x00, 0x00, 0x00, 0x00, 0x00, 0x9F, 0xC0, 0x00, 0x05, 0xFF, 0x20,
    0x00, 0x00, 0x00, 0x00, 0x00, 0x00, 0x2F, 0xF4, 0x00, 0x0C, 0xFA, 0x00, 0x00, 0x00, 0x00, 0x00,
    0x00, 0x00, 0x0B, 0xFB, 0x00, 0x4F, 0xF3, 0x00, 0x00, 0x00, 0x00, 0x00, 0x00, 0x00, 0x04, 0xFF,
    0x30, 0xBF, 0xB0, 0x00, 0x00, 0x00, 0x00, 0x00, 0x00, 0x00, 0x00, 0xCF, 0xA0, 0x5F, 0xFF, 0xFF,
    0xFF, 0xFF, 0xFE, 0xCA, 0x50, 0x00, 0x00, 0x5F, 0xFF, 0xFF, 0xFF, 0xFF, 0xFF, 0xFF, 0xFD, 0x30,
    0x00, 0x5F, 0xF0, 0x00, 0x00, 0x00, 0x01, 0x49, 0xFF, 0xE3, 0x00, 0x5F, 0xF0, 0x00, 0x00, 0x00,
    0x00, 0x00, 0x3E, 0xFB, 0x00, 0x5F, 0xF0, 0x00, 0x00, 0x00, 0x00, 0x00, 0x07, 0xFF, 0x10, 0x5F,
    0xF0, 0x00, 0x00, 0x00, 0x00, 0x00, 0x04, 0xFF, 0x20, 0x5F, 0xF0, 0x00, 0x00, 0x00, 0x00, 0x00,
    0x04, 0xFF, 0x10, 0x5F, 0xF0, 0x00, 0x00, 0x00, 0x00, 0x00, 0x07, 0xFD, 0x00, 0x5F, 0xF0, 0x00,
    0x00, 0x00, 0x00, 0x00, 0x3E, 0xF6, 0x00, 0x5F, 0xF0, 0x00, 0x00, 0x00, 0x01, 0x49, 0xFF, 0xA0,
    0x00, 0x5F, 0xFF, 0xFF, 0xFF, 0xFF, 0xFF, 0xFF, 0xF6, 0x00, 0x00, 0x5F, 0xFF, 0xFF, 0xFF, 0xFF,
    0xFF, 0xFF, 0xFE, 0x91, 0x00, 0x5F, 0xF0, 0x00, 0x00, 0x00, 0x00, 0x14, 0x8E, 0xFD, 0x20, 0x5F,
    0xF0, 0x00, 0x00, 0x00, 0x00, 0x00, 0x02, 0xDF, 0xB0, 0x5F, 0xF0, 0x00, 0x00, 0x00, 0x00, 0x00,
    0x00, 0x4F, 0xF2, 0x5F, 0xF0, 0x00, 0x00, 0x00, 0x00, 0x00, 0x00, 0x1F, 0xF5, 0x5F, 0xF0, 0x00,
    0x00, 0x00, 0x00, 0x00, 0x00, 0x1F, 0xF5, 0x5F, 0xF0, 0x00, 0x00, 0x00, 0x00, 0x00, 0x00, 0x4F,
    0xF3, 0x5F, 0xF0, 0x00, 0x00, 0x00, 0x00, 0x00, 0x01, 0xDF, 0xD0, 0x5F, 0xF0, 0x00, 0x00, 0x00,
    0x00, 0x14, 0x8E, 0xFF, 0x40, 0x5F, 0xFF, 0xFF, 0xFF, 0xFF, 0xFF, 0xFF, 0xFF, 0xD4, 0x00, 0x5F,
    0xFF, 0xFF, 0xFF, 0xFF, 0xFF, 0xEC, 0x95, 0x00, 0x00, 0x00, 0x00, 0x00, 0x01, 0x6A, 0xDE, 0xFE,
    0xC9, 0x51, 0x00, 0x00, 0x00, 0x00, 0x01, 0x9E, 0xFF, 0xFF, 0xFF, 0xFF, 0xFE, 0x70, 0x00, 0x00,
    0x00, 0x4E, 0xFF, 0xC6, 0x31, 0x01, 0x37, 0xCF, 0xFC, 0x10, 0x00, 0x05, 0xFF, 0xE4, 0x00, 0x00,
    0x00, 0x00, 0x05, 0xEE, 0x30, 0x00, 0x3F, 0xFC, 0x10, 0x00, 0x00, 0x00, 0x00, 0x00, 0x23, 0x00,
    0x00, 0xCF, 0xD1, 0x00, 0x00, 0x00, 0x00, 0x00, 0x00, 0x00, 0x00, 0x06, 0xFF, 0x30, 0x00, 0x00,
    0x00, 0x00, 0x00, 0x00, 0x00, 0x00, 0x0B, 0xFA, 0x00, 0x00, 0x00, 0x00, 0x00, 0x00, 0x00, 0x00,
    0x00, 0x1F, 0xF5, 0x00, 0x00, 0x00, 0x00, 0x00, 0x00, 0x00, 0x00, 0x00, 0x3F, 0xF2, 0x00, 0x00,
    0x00, 0x00, 0x00, 0x00, 0x00, 0x00, 0x00, 0x4F, 0xF0, 0x00, 0x00, 0x00, 0x00, 0x00, 0x00, 0x00,
    0x00, 0x00, 0x4F, 0xF0, 0x00, 0x00, 0x00, 0x00, 0x00, 0x00, 0x00, 0x00, 0x00, 0x3F, 0xF2, 0x00,
    0x00, 0x00, 0x00, 0x00, 0x00, 0x00, 0x00, 0x00, 0x1F, 0xF5, 0x00, 0x00, 0x00, 0x00, 0x00, 0x00,
    0x00, 0x00, 0x00, 0x0B, 0xFA, 0x00, 0x00, 0x00, 0x00, 0x00, 0x00, 0x00, 0x00, 0x00, 0x06, 0xFF,
    0x30, 0x00, 0x00, 0x00, 0x00, 0x00, 0x00, 0x00, 0x00, 0x00, 0xCF, 0xD1, 0x00, 0x00, 0x00, 0x00,
    0x00, 0x00, 0x00, 0x00, 0x00, 0x3F, 0xFC, 0x10, 0x00, 0x00, 0x00, 0x00, 0x00, 0x23, 0x00, 0x00,
    0x05, 0xFF, 0xE4, 0x00, 0x00, 0x00, 0x00, 0x05, 0xEE, 0x40, 0x00, 0x00, 0x4E, 0xFF, 0xB6, 0x31,
    0x01, 0x37, 0xCF, 0xFB, 0x10, 0x00, 0x00, 0x01, 0x9F, 0xFF, 0xFF, 0xFF, 0xFF, 0xFE, 0x70, 0x00,
    0x00, 0x00, 0x00, 0x01, 0x6A, 0xDE, 0xFE, 0xC9, 0x51, 0x00, 0x00, 0x5F, 0xFF, 0xFF, 0xFF, 0xFF,
    0xED, 0xB8, 0x40, 0x00, 0x00, 0x00, 0x5F, 0xFF, 0xFF, 0xFF, 0xFF, 0xFF, 0xFF, 0xFD, 0x50, 0x00,
    0x00, 0x5F, 0xF0, 0x00, 0x00, 0x00, 0x02, 0x59, 0xEF, 0xFA, 0x10, 0x00, 0x5F, 0xF0, 0x00, 0x00,
    0x00, 0x00, 0x00, 0x1A, 0xFF, 0xC1, 0x00, 0x5F, 0xF0, 0x00, 0x00, 0x00, 0x00, 0x00, 0x00, 0x5F,
    0xFB, 0x00, 0x5F, 0xF0, 0x00, 0x00, 0x00, 0x00, 0x00, 0x00, 0x07, 0xFF, 0x60, 0x5F, 0xF0, 0x00,
    0x00, 0x00, 0x00, 0x00, 0x00, 0x00, 0xBF, 0xD0, 0x5F, 0xF0, 0x00, 0x00, 0x00, 0x00, 0x00, 0x00,
    0x00, 0x3F, 0xF4, 0x5F, 0xF0, 0x00, 0x00, 0x00, 0x00, 0x00, 0x00, 0x00, 0x0D, 0xF7, 0x5F, 0xF0,
    0x00, 0x00, 0x00, 0x00, 0x00, 0x00, 0x00, 0x0A, 0xFA, 0x5F, 0xF0, 0x00, 0x00, 0x00, 0x00, 0x00,
    0x00, 0x00, 0x09, 0xFB, 0x5F, 0xF0, 0x00, 0x00, 0x00, 0x00, 0x00, 0x00, 0x00, 0x09, 0xFB, 0x5F,
    0xF0, 0x00, 0x00, 0x00, 0x00, 0x00, 0x00, 0x00, 0x0A, 0xFA, 0x5F, 0xF0, 0x00, 0x00, 0x00, 0x00,
    0x00, 0x00, 0x00, 0x0D, 0xF7, 0x5F, 0xF0, 0x00, 0x00, 0x00, 0x00, 0x00, 0x00, 0x00, 0x3F, 0xF4,
    0x5F, 0xF0, 0x00, 0x00, 0x00, 0x00, 0x00, 0x00, 0x00, 0xBF, 0xD0, 0x5F, 0xF0, 0x00, 0x00, 0x00,
    0x00, 0x00, 0x00, 0x07, 0xFF, 0x60, 0x5F, 0xF0, 0x00, 0x00, 0x00, 0x00, 0x00, 0x00, 0x5F, 0xFB,
    0x00, 0x5F, 0xF0, 0x00, 0x00, 0x00, 0x00, 0x00, 0x19, 0xFF, 0xC1, 0x00, 0x5F, 0xF0, 0x00, 0x00,
    0x00, 0x02, 0x59, 0xEF, 0xFA, 0x10, 0x00, 0x5F, 0xFF, 0xFF, 0xFF, 0xFF, 0xFF, 0xFF, 0xFD, 0x50,
    0x00, 0x00, 0x5F, 0xFF, 0xFF, 0xFF, 0xFF, 0xFE, 0xB8, 0x40, 0x00, 0x00, 0x00, 0x5F, 0xFF, 0xFF,
    0xFF, 0xFF, 0xFF, 0xFF, 0xFF, 0x00, 0x5F, 0xFF, 0xFF, 0xFF, 0xFF, 0xFF, 0xFF, 0xFF, 0x00, 0x5F,
    0xF0, 0x00, 0x00, 0x00, 0x00, 0x00, 0x00, 0x00, 0x5F, 0xF0, 0x00, 0x00, 0x00, 0x00, 0x00, 0x00,
    0x00, 0x5F, 0xF0, 0x00, 0x00, 0x00, 0x00, 0x00, 0x00, 0x00, 0x5F, 0xF0, 0x00, 0x00, 0x00, 0x00,
    0x00, 0x00, 0x00, 0x5F, 0xF0, 0x00, 0x00, 0x00, 0x00, 0x00, 0x00, 0x00, 0x5F, 0xF0, 0x00, 0x00,
    0x00, 0x00, 0x00, 0x00, 0x00, 0x5F, 0xF0, 0x00, 0x00, 0x00, 0x00, 0x00, 0x00, 0x00, 0x5F, 0xF0,
    0x00, 0x00, 0x00, 0x00, 0x00, 0x00, 0x00, 0x5F, 0xFF, 0xFF, 0xFF, 0xFF, 0xFF, 0xFF, 0x90, 0x00,
    0x5F, 0xFF, 0xFF, 0xFF, 0xFF, 0xFF, 0xFF, 0x90, 0x00, 0x5F, 0xF0, 0x00, 0x00, 0x00, 0x00, 0x00,
    0x00, 0x00, 0x5F, 0xF0, 0x00, 0x00, 0x00, 0x00, 0x00, 0x00, 0x00, 0x5F, 0xF0, 0x00, 0x00, 0x00,
    0x00, 0x00, 0x00, 0x00, 0x5F, 0xF0, 0x00, 0x00, 0x00, 0x00, 0x00, 0x00, 0x00, 0x5F, 0xF0, 0x00,
    0x00, 0x00, 0x00, 0x00, 0x00, 0x00, 0x5F, 0xF0, 0x00, 0x00, 0x00, 0x00, 0x00, 0x00, 0x00, 0x5F,
    0xF0, 0x00, 0x00, 0x00, 0x00, 0x00, 0x00, 0x00, 0x5F, 0xF0, 0x00, 0x00, 0x00, 0x00, 0x00, 0x00,
    0x00, 0x5F, 0xFF, 0xFF, 0xFF, 0xFF, 0xFF, 0xFF, 0xFF, 0x70, 0x5F, 0xFF, 0xFF, 0xFF, 0xFF, 0xFF,
    0xFF, 0xFF, 0x70, 0x5F, 0xFF, 0xFF, 0xFF, 0xFF, 0xFF, 0xFF, 0xFF, 0x00, 0x5F, 0xFF, 0xFF, 0xFF,
    0xFF, 0xFF, 0xFF, 0xFF, 0x00, 0x5F, 0xF0, 0x00, 0x00, 0x00, 0x00, 0x00, 0x00, 0x00, 0x5F, 0xF0,
    0x00, 0x00, 0x00, 0x00, 0x00, 0x00, 0x00, 0x5F, 0xF0, 0x00, 0x00, 0x00, 0x00, 0x00, 0x00, 0x00,
    0x5F, 0xF0, 0x00, 0x00, 0x00, 0x00, 0x00, 0x00, 0x00, 0x5F, 0xF0, 0x00, 0x00, 0x00, 0x00, 0x00,
    0x00, 0x00, 0x5F, 0xF0, 0x00, 0x00, 0x00, 0x00, 0x00, 0x00, 0x00, 0x5F, 0xF0, 0x00, 0x00, 0x00,
    0x00, 0x00, 0x00, 0x00, 0x5F, 0xF0, 0x00, 0x00, 0x00, 0x00, 0x00, 0x00, 0x00, 0x5F, 0xFF, 0xFF,
    0xFF, 0xFF, 0xFF, 0xFF, 0x90, 0x00, 0x5F, 0xFF, 0xFF, 0xFF, 0xFF, 0xFF, 0xFF, 0x90, 0x00, 0x5F,
    0xF0, 0x00, 0x00, 0x00, 0x00, 0x00, 0x00, 0x00, 0x5F, 0xF0, 0x00, 0x00, 0x00, 0x00, 0x00, 0x00,
    0x00, 0x5F, 0xF0, 0x00, 0x00, 0x00, 0x00, 0x00, 0x00, 0x00, 0x5F, 0xF0, 0x00, 0x00, 0x00, 0x00,
    0x00, 0x00, 0x00, 0x5F, 0xF0, 0x00, 0x00, 0x00, 0x00, 0x00, 0x00, 0x00, 0x5F, 0xF0, 0x00, 0x00,
    0x00, 0x00, 0x00, 0x00, 0x00, 0x5F, 0xF0, 0x00, 0x00, 0x00, 0x00, 0x00, 0x00, 0x00, 0x5F, 0xF0,
    0x00, 0x00, 0x00, 0x00, 0x00, 0x00, 0x00, 0x5F, 0xF0, 0x00, 0x00, 0x00, 0x00, 0x00, 0x00, 0x00,
    0x5F, 0xF0, 0x00, 0x00, 0x00, 0x00, 0x00, 0x00, 0x00, 0x00, 0x00, 0x00, 0x01, 0x6A, 0xCE, 0xFE,
    0xCA, 0x61, 0x00, 0x00, 0x00, 0x00, 0x01, 0x8E, 0xFF, 0xFF, 0xFF, 0xFF, 0xFE, 0x81, 0x00, 0x00,
    0x00, 0x4E, 0xFF, 0xC6, 0x31, 0x01, 0x26, 0xBF, 0xFD, 0x20, 0x00, 0x05, 0xFF, 0xE4, 0x00, 0x00,
    0x00, 0x00, 0x03, 0xDF, 0x70, 0x00, 0x3F, 0xFB, 0x10, 0x00, 0x00, 0x00, 0x00, 0x00, 0x16, 0x00,
    0x00, 0xCF, 0xD1, 0x00, 0x00, 0x00, 0x00, 0x00, 0x00, 0x00, 0x00, 0x06, 0xFF, 0x30, 0x00, 0x00,
    0x00, 0x00, 0x00, 0x00, 0x00, 0x00, 0x0B, 0xFA, 0x00, 0x00, 0x00, 0x00, 0x00, 0x00, 0x00, 0x00,
    0x00, 0x1F, 0xF5, 0x00, 0x00, 0x00, 0x00, 0x00, 0x00, 0x00, 0x00, 0x00, 0x3F, 0xF2, 0x00, 0x00,
    0x00, 0x00, 0x00, 0x00, 0x00, 0x00, 0x00, 0x4F, 0xF0, 0x00, 0x00, 0x00, 0x00, 0x00, 0x00, 0x00,
    0x00, 0x00, 0x4F, 0xF0, 0x00, 0x00, 0x00, 0x00, 0x00, 0x00, 0x00, 0x9F, 0xB0, 0x3F, 0xF2, 0x00,
    0x00, 0x00, 0x00, 0x00, 0x00, 0x00, 0x9F, 0xB0, 0x1F, 0xF5, 0x00, 0x00, 0x00, 0x00, 0x00, 0x00,
    0x00, 0x9F, 0xB0, 0x0B, 0xFA, 0x00, 0x00, 0x00, 0x00, 0x00, 0x00, 0x00, 0x9F, 0xB0, 0x06, 0xFF,
    0x30, 0x00, 0x00, 0x00, 0x00, 0x00, 0x00, 0x9F, 0xB0, 0x00, 0xCF, 0xD1, 0x00, 0x00, 0x00, 0x00,
    0x00, 0x00, 0x9F, 0xB0, 0x00, 0x3F, 0xFC, 0x10, 0x00, 0x00, 0x00, 0x00, 0x00, 0x9F, 0xB0, 0x00,
    0x05, 0xFF, 0xE4, 0x00, 0x00, 0x00, 0x00, 0x02, 0xCF, 0xB0, 0x00, 0x00, 0x4E, 0xFF, 0xC6, 0x31,
    0x01, 0x25, 0xAF, 0xFE, 0x60, 0x00, 0x00, 0x01, 0x9F, 0xFF, 0xFF, 0xFF, 0xFF, 0xFF, 0xA2, 0x00,
    0x00, 0x00, 0x00, 0x01, 0x6A, 0xDE, 0xFE, 0xDA, 0x72, 0x00, 0x00, 0x5F, 0xF0, 0x00, 0x00, 0x00,
    0x00, 0x00, 0x00, 0x0F, 0xF6, 0x5F, 0xF0, 0x00, 0x00, 0x00, 0x00, 0x00, 0x00, 0x0F, 0xF6, 0x5F,
    0xF0, 0x00, 0x00, 0x00, 0x00, 0x00, 0x00, 0x0F, 0xF6, 0x5F, 0xF0, 0x00, 0x00, 0x00, 0x00, 0x00,
    0x00, 0x0F, 0xF6, 0x5F, 0xF0, 0x00, 0x00, 0x00, 0x00, 0x00, 0x00, 0x0F, 0xF6, 0x5F, 0xF0, 0x00,
    0x00, 0x00, 0x00, 0x00, 0x00, 0x0F, 0xF6, 0x5F, 0xF0, 0x00, 0x00, 0x00, 0x00, 0x00, 0x00, 0x0F,
    0xF6, 0x5F, 0xF0, 0x00, 0x00, 0x00, 0x00, 0x00, 0x00, 0x0F, 0xF6, 0x5F, 0xF0, 0x00, 0x00, 0x00,
    0x00, 0x00, 0x00, 0x0F, 0xF6, 0x5F, 0xF0, 0x00, 0x00, 0x00, 0x00, 0x00, 0x00, 0x0F, 0xF6, 0x5F,
    0xFF, 0xFF, 0xFF, 0xFF, 0xFF, 0xFF, 0xFF, 0xFF, 0xF6, 0x5F, 0xFF, 0xFF, 0xFF, 0xFF, 0xFF, 0xFF,
    0xFF, 0xFF, 0xF6, 0x5F, 0xF0, 0x00, 0x00, 0x00, 0x00, 0x00, 0x00, 0x0F, 0xF6, 0x5F, 0xF0, 0x00,
    0x00, 0x00, 0x00, 0x00, 0x00, 0x0F, 0xF6, 0x5F, 0xF0, 0x00, 0x00, 0x00, 0x00, 0x00, 0x00, 0x0F,
    0xF6, 0x5F, 0xF0, 0x00, 0x00, 0x00, 0x00, 0x00, 0x00, 0x0F, 0xF6, 0x5F, 0xF0, 0x00, 0x00, 0x00,
    0x00, 0x00, 0x00, 0x0F, 0xF6, 0x5F, 0xF0, 0x00, 0x00, 0x00, 0x00, 0x00, 0x00, 0x0F, 0xF6, 0x5F,
    0xF0, 0x00, 0x00, 0x00, 0x00, 0x00, 0x00, 0x0F, 0xF6, 0x5F, 0xF0, 0x00, 0x00, 0x00, 0x00, 0x00,
    0x00, 0x0F, 0xF6, 0x5F, 0xF0, 0x00, 0x00, 0x00, 0x00, 0x00, 0x00, 0x0F, 0xF6, 0x5F, 0xF0, 0x00,
    0x00, 0x00, 0x00, 0x00, 0x00, 0x0F, 0xF6, 0x5F, 0xF0, 0x5F, 0xF0, 0x5F, 0xF0, 0x5F, 0xF0, 0x5F,
    0xF0, 0x5F, 0xF0, 0x5F, 0xF0, 0x5F, 0xF0, 0x5F, 0xF0, 0x5F, 0xF0, 0x5F, 0xF0, 0x5F, 0xF0, 0x5F,
    0xF0, 0x5F, 0xF0, 0x5F, 0xF0, 0x5F, 0xF0, 0x5F, 0xF0, 0x5F, 0xF0, 0x5F, 0xF0, 0x5F, 0xF0, 0x5F,
    0xF0, 0x5F, 0xF0, 0x00, 0x0E, 0xFF, 0xFF, 0xFF, 0xFF, 0xF9, 0x00, 0x0E, 0xFF, 0xFF, 0xFF, 0xFF,
    0xF9, 0x00, 0x00, 0x00, 0x00, 0x00, 0x0C, 0xF9, 0x00, 0x00, 0x00, 0x00, 0x00, 0x0C, 0xF9, 0x00,
    0x00, 0x00, 0x00, 0x00, 0x0C, 0xF9, 0x00, 0x00, 0x00, 0x00, 0x00, 0x0C, 0xF9, 0x00, 0x00, 0x00,
    0x00, 0x00, 0x0C, 0xF9, 0x00, 0x00, 0x00, 0x00, 0x00, 0x0C, 0xF9, 0x00, 0x00, 0x00, 0x00, 0x00,
    0x0C, 0xF9, 0x00, 0x00, 0x00, 0x00, 0x00, 0x0C, 0xF9, 0x00, 0x00, 0x00, 0x00, 0x00, 0x0C, 0xF9,
    0x00, 0x00, 0x00, 0x00, 0x00, 0x0C, 0xF9, 0x00, 0x00, 0x00, 0x00, 0x00, 0x0C, 0xF9, 0x00, 0x00,
    0x00, 0x00, 0x00, 0x0C, 0xF9, 0x00, 0x00, 0x00, 0x00, 0x00, 0x0C, 0xF9, 0x00, 0x00, 0x00, 0x00,
    0x00, 0x0C, 0xF8, 0x00, 0x00, 0x00, 0x00, 0x00, 0x0D, 0xF7, 0x01, 0x50, 0x00, 0x00, 0x00, 0x2F,
    0xF5, 0x0B, 0xF5, 0x00, 0x00, 0x00, 0x9F, 0xE1, 0x09, 0xFF, 0xA3, 0x10, 0x39, 0xFF, 0x80, 0x00,
    0x8F, 0xFF, 0xFF, 0xFF, 0xFA, 0x00, 0x00, 0x03, 0x8C, 0xEF, 0xDA, 0x40, 0x00, 0x5F, 0xF0, 0x00,
    0x00, 0x00, 0x00, 0x00, 0x05, 0xFF, 0x60, 0x5F, 0xF0, 0x00, 0x00, 0x00, 0x00, 0x00, 0x5F, 0xF7,
    0x00, 0x5F, 0xF0, 0x00, 0x00, 0x00, 0x00, 0x05, 0xFF, 0x70, 0x00, 0x5F, 0xF0, 0x00, 0x00, 0x00,
    0x00, 0x4F, 0xF8, 0x00, 0x00, 0x5F, 0xF0, 0x00, 0x00, 0x00, 0x04, 0xFF, 0x90, 0x00, 0x00, 0x5F,
    0xF0, 0x00, 0x00, 0x00, 0x4E, 0xF9, 0x00, 0x00, 0x00, 0x5F, 0xF0, 0x00, 0x00, 0x04, 0xEF, 0xA0,
    0x00, 0x00, 0x00, 0x5F, 0xF0, 0x00, 0x00, 0x4E, 0xFA, 0x00, 0x00, 0x00, 0x00, 0x5F, 0xF0, 0x00,
    0x03, 0xEF, 0xB0, 0x00, 0x00, 0x00, 0x00, 0x5F, 0xF0, 0x00, 0x3E, 0xFB, 0x00, 0x00, 0x00, 0x00,
    0x00, 0x5F, 0xF0, 0x03, 0xEF, 0xF8, 0x00, 0x00, 0x00, 0x00, 0x00, 0x5F, 0xF0, 0x3E, 0xFE, 0xFF,
    0x60, 0x00, 0x00, 0x00, 0x00, 0x5F, 0xF3, 0xEF, 0xC1, 0xBF, 0xF4, 0x00, 0x00, 0x00, 0x00, 0x5F,
    0xFE, 0xFC, 0x10, 0x1C, 0xFE, 0x30, 0x00, 0x00, 0x00, 0x5F, 0xFF, 0xC1, 0x00, 0x01, 0xDF, 0xE2,
    0x00, 0x00, 0x00, 0x5F, 0xFC, 0x10, 0x00, 0x00, 0x2E, 0xFC, 0x10, 0x00, 0x00, 0x5F, 0xF1, 0x00,
    0x00, 0x00, 0x03, 0xEF, 0xB0, 0x00, 0x00, 0x5F, 0xF0, 0x00, 0x00, 0x00, 0x00, 0x4F, 0xF9, 0x00,
    0x00, 0x5F, 0xF0, 0x00, 0x00, 0x00, 0x00, 0x06, 0xFF, 0x80, 0x00, 0x5F, 0xF0, 0x00, 0x00, 0x00,
    0x00, 0x00, 0x7F, 0xF6, 0x00, 0x5F, 0xF0, 0x00, 0x00, 0x00, 0x00, 0x00, 0x09, 0xFF, 0x40, 0x5F,
    0xF0, 0x00, 0x00, 0x00, 0x00, 0x00, 0x00, 0xAF, 0xE3, 0x5F, 0xF0, 0x00, 0x00, 0x00, 0x00, 0x00,
    0x00, 0x5F, 0xF0, 0x00, 0x00, 0x00, 0x00, 0x00, 0x00, 0x5F, 0xF0, 0x00, 0x00, 0x00, 0x00, 0x00,
    0x00, 0x5F, 0xF0, 0x00, 0x00, 0x00, 0x00, 0x00, 0x00, 0x5F, 0xF0, 0x00, 0x00, 0x00, 0x00, 0x00,
    0x00, 0x5F, 0xF0, 0x00, 0x00, 0x00, 0x00, 0x00, 0x00, 0x5F, 0xF0, 0x00, 0x00, 0x00, 0x00, 0x00,
    0x00, 0x5F, 0xF0, 0x00, 0x00, 0x00, 0x00, 0x00, 0x00, 0x5F, 0xF0, 0x00, 0x00, 0x00, 0x00, 0x00,
    0x00, 0x5F, 0xF0, 0x00, 0x00, 0x00, 0x00, 0x00, 0x00, 0x5F, 0xF0, 0x00, 0x00, 0x00, 0x00, 0x00,
    0x00, 0x5F, 0xF0, 0x00, 0x00, 0x00, 0x00, 0x00, 0x00, 0x5F, 0xF0, 0x00, 0x00, 0x00, 0x00, 0x00,
    0x00, 0x5F, 0xF0, 0x00, 0x00, 0x00, 0x00, 0x00, 0x00, 0x5F, 0xF0, 0x00, 0x00, 0x00, 0x00, 0x00,
    0x00, 0x5F, 0xF0, 0x00, 0x00, 0x00, 0x00, 0x00, 0x00, 0x5F, 0xF0, 0x00, 0x00, 0x00, 0x00, 0x00,
    0x00, 0x5F, 0xF0, 0x00, 0x00, 0x00, 0x00, 0x00, 0x00, 0x5F, 0xF0, 0x00, 0x00, 0x00, 0x00, 0x00,
    0x00, 0x5F, 0xF0, 0x00, 0x00, 0x00, 0x00, 0x00, 0x00, 0x5F, 0xFF, 0xFF, 0xFF, 0xFF, 0xFF, 0xFF,
    0xF8, 0x5F, 0xFF, 0xFF, 0xFF, 0xFF, 0xFF, 0xFF, 0xF8, 0x5F, 0xD0, 0x00, 0x00, 0x00, 0x00, 0x00,
    0x00, 0x00, 0x00, 0x05, 0xFE, 0x5F, 0xF7, 0x00, 0x00, 0x00, 0x00, 0x00, 0x00, 0x00, 0x00, 0x1D,
    0xFE, 0x5F, 0xFE, 0x20, 0x00, 0x00, 0x00, 0x00, 0x00, 0x00, 0x00, 0x8F, 0xFE, 0x5F, 0xFF, 0xA0,
    0x00, 0x00, 0x00, 0x00, 0x00, 0x00, 0x02, 0xFF, 0xFE, 0x5F, 0xFF, 0xF4, 0x00, 0x00, 0x00, 0x00,
    0x00, 0x00, 0x0B, 0xFE, 0xFE, 0x5F, 0xE9, 0xFD, 0x00, 0x00, 0x00, 0x00, 0x00, 0x00, 0x4F, 0xE7,
    0xFE, 0x5F, 0xE1, 0xEF, 0x70, 0x00, 0x00, 0x00, 0x00, 0x00, 0xDF, 0x75, 0xFE, 0x5F, 0xE0, 0x6F,
    0xE2, 0x00, 0x00, 0x00, 0x00, 0x07, 0xFD, 0x05, 0xFE, 0x5F, 0xE0, 0x0C, 0xFA, 0x00, 0x00, 0x00,
    0x00, 0x2E, 0xF4, 0x05, 0xFE, 0x5F, 0xE0, 0x03, 0xFF, 0x40, 0x00, 0x00, 0x00, 0xAF, 0xA0, 0x05,
    0xFE, 0x5F, 0xE0, 0x00, 0x8F, 0xD0, 0x00, 0x00, 0x04, 0xFE, 0x20, 0x05, 0xFE, 0x5F, 0xE0, 0x00,
    0x1E, 0xF7, 0x00, 0x00, 0x0C, 0xF7, 0x00, 0x05, 0xFE, 0x5F, 0xE0, 0x00, 0x05, 0xFE, 0x10, 0x00,
    0x6F, 0xD0, 0x00, 0x05, 0xFE, 0x5F, 0xE0, 0x00, 0x00, 0xBF, 0xA0, 0x01, 0xEF, 0x40, 0x00, 0x05,
    0xFE, 0x5F, 0xE0, 0x00, 0x00, 0x2F, 0xF4, 0x09, 0xFA, 0x00, 0x00, 0x05, 0xFE, 0x5F, 0xE0, 0x00,
    0x00, 0x08, 0xFC, 0x3F, 0xE2, 0x00, 0x00, 0x05, 0xFE, 0x5F, 0xE0, 0x00, 0x00, 0x01, 0xDF, 0xEF,
    0x70, 0x00, 0x00, 0x05, 0xFE, 0x5F, 0xE0, 0x00, 0x00, 0x00, 0x5F, 0xFD, 0x00, 0x00, 0x00, 0x05,
    0xFE, 0x5F, 0xE0, 0x00, 0x00, 0x00, 0x0B, 0xF4, 0x00, 0x00, 0x00, 0x05, 0xFE, 0x5F, 0xE0, 0x00,
    0x00, 0x00, 0x01, 0x30, 0x00, 0x00, 0x00, 0x05, 0xFE, 0x5F, 0xE0, 0x00, 0x00, 0x00, 0x00, 0x00,
    0x00, 0x00, 0x00, 0x05, 0xFE, 0x5F, 0xE0, 0x00, 0x00, 0x00, 0x00, 0x00, 0x00, 0x00, 0x00, 0x05,
    0xFE, 0x5F, 0xD1, 0x00, 0x00, 0x00, 0x00, 0x00, 0x00, 0x0F, 0xF6, 0x5F, 0xFC, 0x00, 0x00, 0x00,
    0x00, 0x00, 0x00, 0x0F, 0xF6, 0x5F, 0xFF, 0x90, 0x00, 0x00, 0x00, 0x00, 0x00, 0x0F, 0xF6, 0x5F,
    0xFF, 0xF6, 0x00, 0x00, 0x00, 0x00, 0x00, 0x0F, 0xF6, 0x5F, 0xFC, 0xFF, 0x40, 0x00, 0x00, 0x00,
    0x00, 0x0F, 0xF6, 0x5F, 0xF2, 0xEF, 0xE2, 0x00, 0x00, 0x00, 0x00, 0x0F, 0xF6, 0x5F, 0xF0, 0x4F,
    0xFC, 0x00, 0x00, 0x00, 0x00, 0x0F, 0xF6, 0x5F, 0xF0, 0x06, 0xFF, 0xA0, 0x00, 0x00, 0x00, 0x0F,
    0xF6, 0x5F, 0xF0, 0x00, 0x9F, 0xF7, 0x00, 0x00, 0x00, 0x0F, 0xF6, 0x5F, 0xF0, 0x00, 0x0B, 0xFF,
    0x40, 0x00, 0x00, 0x0F, 0xF6, 0x5F, 0xF0, 0x00, 0x01, 0xDF, 0xE2, 0x00, 0x00, 0x0F, 0xF6, 0x5F,
    0xF0, 0x00, 0x00, 0x3E, 0xFC, 0x10, 0x00, 0x0F, 0xF6, 0x5F, 0xF0, 0x00, 0x00, 0x05, 0xFF, 0xA0,
    0x00, 0x0F, 0xF6, 0x5F, 0xF0, 0x00, 0x00, 0x00, 0x8F, 0xF7, 0x00, 0x0F, 0xF6, 0x5F, 0xF0, 0x00,
    0x00, 0x00, 0x0A, 0xFF, 0x40, 0x0F, 0xF6, 0x5F, 0xF0, 0x00, 0x00, 0x00, 0x01, 0xCF, 0xE2, 0x0F,
    0xF6, 0x5F, 0xF0, 0x00, 0x00, 0x00, 0x00, 0x2E, 0xFD, 0x1F, 0xF6, 0x5F, 0xF0, 0x00, 0x00, 0x00,
    0x00, 0x04, 0xFF, 0xAF, 0xF6, 0x5F, 0xF0, 0x00, 0x00, 0x00, 0x00, 0x00, 0x7F, 0xFF, 0xF6, 0x5F,
    0xF0, 0x00, 0x00, 0x00, 0x00, 0x00, 0x09, 0xFF, 0xF6, 0x5F, 0xF0, 0x00, 0x00, 0x00, 0x00, 0x00,
    0x00, 0xCF, 0xF6, 0x5F, 0xF0, 0x00, 0x00, 0x00, 0x00, 0x00, 0x00, 0x1D, 0xF6, 0x00, 0x00, 0x00,
    0x01, 0x6A, 0xDE, 0xFE, 0xC9, 0x51, 0x00, 0x00, 0x00, 0x00, 0x00, 0x00, 0x01, 0x9E, 0xFF, 0xFF,
    0xFF, 0xFF, 0xFE, 0x71, 0x00, 0x00, 0x00, 0x00, 0x00, 0x4E, 0xFF, 0xB6, 0x31, 0x01, 0x37, 0xCF,
    0xFD, 0x30, 0x00, 0x00, 0x00, 0x05, 0xFF, 0xD4, 0x00, 0x00, 0x00, 0x00, 0x05, 0xEF, 0xE3, 0x00,
    0x00, 0x00, 0x3F, 0xFB, 0x10, 0x00, 0x00, 0x00, 0x00, 0x00, 0x2D, 0xFE, 0x20, 0x00, 0x00, 0xCF,
    0xD1, 0x00, 0x00, 0x00, 0x00, 0x00, 0x00, 0x02, 0xEF, 0xA0, 0x00, 0x06, 0xFF, 0x30, 0x00, 0x00,
    0x00, 0x00, 0x00, 0x00, 0x00, 0x5F, 0xF3, 0x00, 0x0B, 0xFA, 0x00, 0x00, 0x00, 0x00, 0x00, 0x00,
    0x00, 0x00, 0x0D, 0xF9, 0x00, 0x1F, 0xF5, 0x00, 0x00, 0x00, 0x00, 0x00, 0x00, 0x00, 0x00, 0x08,
    0xFD, 0x00, 0x3F, 0xF2, 0x00, 0x00, 0x00, 0x00, 0x00, 0x00, 0x00, 0x00, 0x05, 0xFF, 0x10, 0x4F,
    0xF0, 0x00, 0x00, 0x00, 0x00, 0x00, 0x00, 0x00, 0x00, 0x03, 0xFF, 0x20, 0x4F, 0xF0, 0x00, 0x00,
    0x00, 0x00, 0x00, 0x00, 0x00, 0x00, 0x03, 0xFF, 0x20, 0x3F, 0xF2, 0x00, 0x00, 0x00, 0x00, 0x00,
    0x00, 0x00, 0x00, 0x05, 0xFF, 0x10, 0x1F, 0xF5, 0x00, 0x00, 0x00, 0x00, 0x00, 0x00, 0x00, 0x00,
    0x08, 0xFD, 0x00, 0x0B, 0xFA, 0x00, 0x00, 0x00, 0x00, 0x00, 0x00, 0x00, 0x00, 0x0D, 0xF9, 0x00,
    0x06, 0xFF, 0x30, 0x00, 0x00, 0x00, 0x00, 0x00, 0x00, 0x00, 0x5F, 0xF3, 0x00, 0x00, 0xCF, 0xD1,
    0x00, 0x00, 0x00, 0x00, 0x00, 0x00, 0x02, 0xEF, 0xA0, 0x00, 0x00, 0x3F, 0xFB, 0x10, 0x00, 0x00,
    0x00, 0x00, 0x00, 0x2C, 0xFE, 0x20, 0x00, 0x00, 0x05, 0xFF, 0xD3, 0x00, 0x00, 0x00, 0x00, 0x05,
    0xEF, 0xE3, 0x00, 0x00, 0x00, 0x00, 0x4E, 0xFF, 0xB6, 0x20, 0x01, 0x36, 0xCF, 0xFD, 0x30, 0x00,
    0x00, 0x00, 0x00, 0x01, 0x9F, 0xFF, 0xFF, 0xFF, 0xFF, 0xFE, 0x71, 0x00, 0x00, 0x00, 0x00, 0x00,
    0x00, 0x01, 0x6A, 0xDE, 0xFE, 0xC9, 0x51, 0x00, 0x00, 0x00, 0x00, 0x5F, 0xFF, 0xFF, 0xFF, 0xFF,
    0xEC, 0x94, 0x00, 0x00, 0x00, 0x5F, 0xFF, 0xFF, 0xFF, 0xFF, 0xFF, 0xFF, 0xC3, 0x00, 0x00, 0x5F,
    0xF0, 0x00, 0x00, 0x00, 0x14, 0x9E, 0xFF, 0x40, 0x00, 0x5F, 0xF0, 0x00, 0x00, 0x00, 0x00, 0x02,
    0xCF, 0xE2, 0x00, 0x5F, 0xF0, 0x00, 0x00, 0x00, 0x00, 0x00, 0x1E, 0xF9, 0x00, 0x5F, 0xF0, 0x00,
    0x00, 0x00, 0x00, 0x00, 0x08, 0xFE, 0x00, 0x5F, 0xF0, 0x00, 0x00, 0x00, 0x00, 0x00, 0x04, 0xFF,
    0x10, 0x5F, 0xF0, 0x00, 0x00, 0x00, 0x00, 0x00, 0x03, 0xFF, 0x20, 0x5F, 0xF0, 0x00, 0x00, 0x00,
    0x00, 0x00, 0x04, 0xFF, 0x10, 0x5F, 0xF0, 0x00, 0x00, 0x00, 0x00, 0x00, 0x08, 0xFE, 0x00, 0x5F,
    0xF0, 0x00, 0x00, 0x00, 0x00, 0x00, 0x1E, 0xF9, 0x00, 0x5F, 0xF0, 0x00, 0x00, 0x00, 0x00, 0x02,
    0xCF, 0xE2, 0x00, 0x5F, 0xF0, 0x00, 0x00, 0x00, 0x14, 0x9E, 0xFE, 0x40, 0x00, 0x5F, 0xFF, 0xFF,
    0xFF, 0xFF, 0xFF, 0xFF, 0xC3, 0x00, 0x00, 0x5F, 0xFF, 0xFF, 0xFF, 0xFE, 0xEC, 0x83, 0x00, 0x00,
    0x00, 0x5F, 0xF0, 0x00, 0x00, 0x00, 0x00, 0x00, 0x00, 0x00, 0x00, 0x5F, 0xF0, 0x00, 0x00, 0x00,
    0x00, 0x00, 0x00, 0x00, 0x00, 0x5F, 0xF0, 0x00, 0x00, 0x00, 0x00, 0x00, 0x00, 0x00, 0x00, 0x5F,
    0xF0, 0x00, 0x00, 0x00, 0x00, 0x00, 0x00, 0x00, 0x00, 0x5F, 0xF0, 0x00, 0x00, 0x00, 0x00, 0x00,
    0x00, 0x00, 0x00, 0x5F, 0xF0, 0x00, 0x00, 0x00, 0x00, 0x00, 0x00, 0x00, 0x00, 0x5F, 0xF0, 0x00,
    0x00, 0x00, 0x00, 0x00, 0x00, 0x00, 0x00, 0x00, 0x00, 0x00, 0x01, 0x6A, 0xDE, 0xFE, 0xC9, 0x51,
    0x00, 0x00, 0x00, 0x00, 0x00, 0x00, 0x01, 0x9E, 0xFF, 0xFF, 0xFF, 0xFF, 0xFE, 0x71, 0x00, 0x00,
    0x00, 0x00, 0x00, 0x4E, 0xFF, 0xB6, 0x31, 0x01, 0x37, 0xCF, 0xFD, 0x30, 0x00, 0x00, 0x00, 0x05,
    0xFF, 0xD4, 0x00, 0x00, 0x00, 0x00, 0x05, 0xEF, 0xE3, 0x00, 0x00, 0x00, 0x3F, 0xFB, 0x10, 0x00,
    0x00, 0x00, 0x00, 0x00, 0x2D, 0xFE, 0x20, 0x00, 0x00, 0xCF, 0xD1, 0x00, 0x00, 0x00, 0x00, 0x00,
    0x00, 0x02, 0xEF, 0xA0, 0x00, 0x06, 0xFF, 0x30, 0x00, 0x00, 0x00, 0x00, 0x00, 0x00, 0x00, 0x6F,
    0xF3, 0x00, 0x0B, 0xFA, 0x00, 0x00, 0x00, 0x00, 0x00, 0x00, 0x00, 0x00, 0x0D, 0xF9, 0x00, 0x1F,
    0xF5, 0x00, 0x00, 0x00, 0x00, 0x00, 0x00, 0x00, 0x00, 0x08, 0xFD, 0x00, 0x3F, 0xF2, 0x00, 0x00,
    0x00, 0x00, 0x00, 0x00, 0x00, 0x00, 0x05, 0xFF, 0x10, 0x4F, 0xF0, 0x00, 0x00, 0x00, 0x00, 0x00,
    0x00, 0x00, 0x00, 0x03, 0xFF, 0x20, 0x4F, 0xF0, 0x00, 0x00, 0x00, 0x00, 0x00, 0x00, 0x00, 0x00,
    0x03, 0xFF, 0x20, 0x3F, 0xF2, 0x00, 0x00, 0x00, 0x00, 0x00, 0x00, 0x00, 0x00, 0x05, 0xFF, 0x10,
    0x1F, 0xF5, 0x00, 0x00, 0x00, 0x00, 0x00, 0x00, 0x00, 0x00, 0x08, 0xFE, 0x00, 0x0B, 0xFA, 0x00,
    0x00, 0x00, 0x00, 0x00, 0x00, 0x00, 0x00, 0x0D, 0xFA, 0x00, 0x06, 0xFF, 0x30, 0x00, 0x00, 0x00,
    0x00, 0x00, 0x00, 0x00, 0x5F, 0xF4, 0x00, 0x00, 0xDF, 0xD1, 0x00, 0x00, 0x00, 0x00, 0x00, 0x00,
    0x02, 0xEF, 0xB0, 0x00, 0x00, 0x4F, 0xFB, 0x10, 0x00, 0x00, 0x00, 0x00, 0x00, 0x2D, 0xFE, 0x20,
    0x00, 0x00, 0x06, 0xFF, 0xD4, 0x00, 0x00, 0x00, 0x00, 0x05, 0xEF, 0xE4, 0x00, 0x00, 0x00, 0x00,
    0x5E, 0xFF, 0xB6, 0x20, 0x01, 0x37, 0xCF, 0xFE, 0x30, 0x00, 0x00, 0x00, 0x00, 0x02, 0x9F, 0xFF,
    0xFF, 0xFF, 0xFF, 0xFF, 0x91, 0x00, 0x00, 0x00, 0x00, 0x00, 0x00, 0x02, 0x7B, 0xDE, 0xFF, 0xFB,
    0x71, 0x00, 0x00, 0x00, 0x00, 0x00, 0x00, 0x00, 0x00, 0x00, 0x00, 0x7F, 0xFB, 0x10, 0x00, 0x00,
    0x04, 0x40, 0x00, 0x00, 0x00, 0x00, 0x00, 0x00, 0x05, 0xEF, 0xE7, 0x20, 0x13, 0x9F, 0xE1, 0x00,
    0x00, 0x00, 0x00, 0x00, 0x00, 0x00, 0x2C, 0xFF, 0xFF, 0xFF, 0xFD, 0x30, 0x00, 0x00, 0x00, 0x00,
    0x00, 0x00, 0x00, 0x00, 0x4A, 0xDE, 0xEC, 0x71, 0x00, 0x5F, 0xFF, 0xFF, 0xFF, 0xFF, 0xEC, 0x83,
    0x00, 0x00, 0x00, 0x5F, 0xFF, 0xFF, 0xFF, 0xFF, 0xFF, 0xFF, 0xC3, 0x00, 0x00, 0x5F, 0xF0, 0x00,
    0x00, 0x00, 0x14, 0x9E, 0xFE, 0x40, 0x00, 0x5F, 0xF0, 0x00, 0x00, 0x00, 0x00, 0x02, 0xCF, 0xE1,
    0x00, 0x5F, 0xF0, 0x00, 0x00, 0x00, 0x00, 0x00, 0x1E, 0xF9, 0x00, 0x5F, 0xF0, 0x00, 0x00, 0x00,
    0x00, 0x00, 0x08, 0xFE, 0x00, 0x5F, 0xF0, 0x00, 0x00, 0x00, 0x00, 0x00, 0x04, 0xFF, 0x10, 0x5F,
    0xF0, 0x00, 0x00, 0x00, 0x00, 0x00, 0x03, 0xFF, 0x20, 0x5F, 0xF0, 0x00, 0x00, 0x00, 0x00, 0x00,
    0x04, 0xFF, 0x20, 0x5F, 0xF0, 0x00, 0x00, 0x00, 0x00, 0x00, 0x08, 0xFE, 0x00, 0x5F, 0xF0, 0x00,
    0x00, 0x00, 0x00, 0x00, 0x1E, 0xF9, 0x00, 0x5F, 0xF0, 0x00, 0x00, 0x00, 0x00, 0x02, 0xCF, 0xE2,
    0x00, 0x5F, 0xF0, 0x00, 0x00, 0x00, 0x14, 0x9E, 0xFF, 0x40, 0x00, 0x5F, 0xFF, 0xFF, 0xFF, 0xFF,
    0xFF, 0xFF, 0xC3, 0x00, 0x00, 0x5F, 0xFF, 0xFF, 0xFF, 0xFE, 0xEF, 0xF6, 0x00, 0x00, 0x00, 0x5F,
    0xF0, 0x00, 0x00, 0x00, 0x0B, 0xFC, 0x00, 0x00, 0x00, 0x5F, 0xF0, 0x00, 0x00, 0x00, 0x01, 0xEF,
    0x80, 0x00, 0x00, 0x5F, 0xF0, 0x00, 0x00, 0x00, 0x00, 0x4F, 0xF4, 0x00, 0x00, 0x5F, 0xF0, 0x00,
    0x00, 0x00, 0x00, 0x09, 0xFE, 0x10, 0x00, 0x5F, 0xF0, 0x00, 0x00, 0x00, 0x00, 0x00, 0xCF, 0xB0,
    0x00, 0x5F, 0xF0, 0x00, 0x00, 0x00, 0x00, 0x00, 0x3F, 0xF7, 0x00, 0x5F, 0xF0, 0x00, 0x00, 0x00,
    0x00, 0x00, 0x06, 0xFF, 0x30, 0x00, 0x00, 0x27, 0xBD, 0xFF, 0xEC, 0x95, 0x00, 0x00, 0x00, 0x07,
    0xFF, 0xFF, 0xFF, 0xFF, 0xFF, 0xE7, 0x00, 0x00, 0x9F, 0xFB, 0x52, 0x00, 0x14, 0x7D, 0xFE, 0x10,
    0x05, 0xFF, 0x70, 0x00, 0x00, 0x00, 0x00, 0x57, 0x00, 0x0B, 0xFB, 0x00, 0x00, 0x00, 0x00, 0x00,
    0x00, 0x00, 0x0D, 0xF7, 0x00, 0x00, 0x00, 0x00, 0x00, 0x00, 0x00, 0x0D, 0xF7, 0x00, 0x00, 0x00,
    0x00, 0x00, 0x00, 0x00, 0x0B, 0xFD, 0x00, 0x00, 0x00, 0x00, 0x00, 0x00, 0x00, 0x04, 0xFF, 0xC3,
    0x00, 0x00, 0x00, 0x00, 0x00, 0x00, 0x00, 0x7F, 0xFF, 0xB7, 0x20, 0x00, 0x00, 0x00, 0x00, 0x00,
    0x04, 0xBF, 0xFF, 0xFD, 0xA6, 0x10, 0x00, 0x00, 0x00, 0x00, 0x02, 0x7B, 0xEF, 0xFF, 0xFA, 0x40,
    0x00, 0x00, 0x00, 0x00, 0x00, 0x03, 0x8C, 0xFF, 0xF9, 0x00, 0x00, 0x00, 0x00, 0x00, 0x00, 0x00,
    0x2A, 0xFF, 0x70, 0x00, 0x00, 0x00, 0x00, 0x00, 0x00, 0x00, 0xAF, 0xE0, 0x00, 0x00, 0x00, 0x00,
    0x00, 0x00, 0x00, 0x4F, 0xF1, 0x00, 0x00, 0x00, 0x00, 0x00, 0x00, 0x00, 0x3F, 0xF2, 0x04, 0x00,
    0x00, 0x00, 0x00, 0x00, 0x00, 0x7F, 0xE0, 0x2F, 0xC3, 0x00, 0x00, 0x00, 0x00, 0x04, 0xEF, 0x80,
    0x3E, 0xFF, 0xC7, 0x31, 0x00, 0x14, 0x9F, 0xFC, 0x10, 0x01, 0x8E, 0xFF, 0xFF, 0xFF, 0xFF, 0xFF,
    0x91, 0x00, 0x00, 0x01, 0x59, 0xCD, 0xFF, 0xEC, 0x83, 0x00, 0x00, 0xDF, 0xFF, 0xFF, 0xFF, 0xFF,
    0xFF, 0xFF, 0xFF, 0xFF, 0x40, 0xDF, 0xFF, 0xFF, 0xFF, 0xFF, 0xFF, 0xFF, 0xFF, 0xFF, 0x30, 0x00,
    0x00, 0x00, 0x00, 0xFF, 0x60, 0x00, 0x00, 0x00, 0x00, 0x00, 0x00, 0x00, 0x00, 0xFF, 0x60, 0x00,
    0x00, 0x00, 0x00, 0x00, 0x00, 0x00, 0x00, 0xFF, 0x60, 0x00, 0x00, 0x00, 0x00, 0x00, 0x00, 0x00,
    0x00, 0xFF, 0x60, 0x00, 0x00, 0x00, 0x00, 0x00, 0x00, 0x00, 0x00, 0xFF, 0x60, 0x00, 0x00, 0x00,
    0x00, 0x00, 0x00, 0x00, 0x00, 0xFF, 0x60, 0x00, 0x00, 0x00, 0x00, 0x00, 0x00, 0x00, 0x00, 0xFF,
    0x60, 0x00, 0x00, 0x00, 0x00, 0x00, 0x00, 0x00, 0x00, 0xFF, 0x60, 0x00, 0x00, 0x00, 0x00, 0x00,
    0x00, 0x00, 0x00, 0xFF, 0x60, 0x00, 0x00, 0x00, 0x00, 0x00, 0x00, 0x00, 0x00, 0xFF, 0x60, 0x00,
    0x00, 0x00, 0x00, 0x00, 0x00, 0x00, 0x00, 0xFF, 0x60, 0x00, 0x00, 0x00, 0x00, 0x00, 0x00, 0x00,
    0x00, 0xFF, 0x60, 0x00, 0x00, 0x00, 0x00, 0x00, 0x00, 0x00, 0x00, 0xFF, 0x60, 0x00, 0x00, 0x00,
    0x00, 0x00, 0x00, 0x00, 0x00, 0xFF, 0x60, 0x00, 0x00, 0x00, 0x00, 0x00, 0x00, 0x00, 0x00, 0xFF,
    0x60, 0x00, 0x00, 0x00, 0x00, 0x00, 0x00, 0x00, 0x00, 0xFF, 0x60, 0x00, 0x00, 0x00, 0x00, 0x00,
    0x00, 0x00, 0x00, 0xFF, 0x60, 0x00, 0x00, 0x00, 0x00, 0x00, 0x00, 0x00, 0x00, 0xFF, 0x60, 0x00,
    0x00, 0x00, 0x00, 0x00, 0x00, 0x00, 0x00, 0xFF, 0x60, 0x00, 0x00, 0x00, 0x00, 0x00, 0x00, 0x00,
    0x00, 0xFF, 0x60, 0x00, 0x00, 0x00, 0x00, 0x8F, 0xC0, 0x00, 0x00, 0x00, 0x00, 0x00, 0x00, 0x7F,
    0xD0, 0x8F, 0xC0, 0x00, 0x00, 0x00, 0x00, 0x00, 0x00, 0x7F, 0xD0, 0x8F, 0xC0, 0x00, 0x00, 0x00,
    0x00, 0x00, 0x00, 0x7F, 0xD0, 0x8F, 0xC0, 0x00, 0x00, 0x00, 0x00, 0x00, 0x00, 0x7F, 0xD0, 0x8F,
    0xC0, 0x00, 0x00, 0x00, 0x00, 0x00, 0x00, 0x7F, 0xD0, 0x8F, 0xC0, 0x00, 0x00, 0x00, 0x00, 0x00,
    0x00, 0x7F, 0xD0, 0x8F, 0xC0, 0x00, 0x00, 0x00, 0x00, 0x00, 0x00, 0x7F, 0xD0, 0x8F, 0xC0, 0x00,
    0x00, 0x00, 0x00, 0x00, 0x00, 0x7F, 0xD0, 0x8F, 0xC0, 0x00, 0x00, 0x00, 0x00, 0x00, 0x00, 0x7F,
    0xD0, 0x8F, 0xC0, 0x00, 0x00, 0x00, 0x00, 0x00, 0x00, 0x7F, 0xD0, 0x8F, 0xC0, 0x00, 0x00, 0x00,
    0x00, 0x00, 0x00, 0x7F, 0xD0, 0x8F, 0xC0, 0x00, 0x00, 0x00, 0x00, 0x00, 0x00, 0x7F, 0xD0, 0x8F,
    0xD0, 0x00, 0x00, 0x00, 0x00, 0x00, 0x00, 0x7F, 0xD0, 0x7F, 0xD0, 0x00, 0x00, 0x00, 0x00, 0x00,
    0x00, 0x8F, 0xC0, 0x6F, 0xF0, 0x00, 0x00, 0x00, 0x00, 0x00, 0x00, 0x9F, 0xB0, 0x3F, 0xF3, 0x00,
    0x00, 0x00, 0x00, 0x00, 0x00, 0xDF, 0x80, 0x0E, 0xF8, 0x00, 0x00, 0x00, 0x00, 0x00, 0x03, 0xFF,
    0x40, 0x08, 0xFE, 0x20, 0x00, 0x00, 0x00, 0x00, 0x0B, 0xFC, 0x00, 0x01, 0xDF, 0xD2, 0x00, 0x00,
    0x00, 0x00, 0x9F, 0xF4, 0x00, 0x00, 0x3E, 0xFF, 0x94, 0x10, 0x13, 0x7D, 0xFF, 0x70, 0x00, 0x00,
    0x02, 0xBF, 0xFF, 0xFF, 0xFF, 0xFF, 0xD5, 0x00, 0x00, 0x00, 0x00, 0x04, 0x9C, 0xEF, 0xED, 0xA6,
    0x00, 0x00, 0x00, 0xAF, 0xD0, 0x00, 0x00, 0x00, 0x00, 0x00, 0x00, 0x00, 0x05, 0xFE, 0x10, 0x3F,
    0xF5, 0x00, 0x00, 0x00, 0x00, 0x00, 0x00, 0x00, 0x0C, 0xF9, 0x00, 0x0C, 0xFC, 0x00, 0x00, 0x00,
    0x00, 0x00, 0x00, 0x00, 0x4F, 0xF2, 0x00, 0x05, 0xFF, 0x30, 0x00, 0x00, 0x00, 0x00, 0x00, 0x00,
    0xBF, 0xA0, 0x00, 0x00, 0xDF, 0xA0, 0x00, 0x00, 0x00, 0x00, 0x00, 0x02, 0xFF, 0x40, 0x00, 0x00,
    0x6F, 0xF2, 0x00, 0x00, 0x00, 0x00, 0x00, 0x09, 0xFC, 0x00, 0x00, 0x00, 0x1E, 0xF8, 0x00, 0x00,
    0x00, 0x00, 0x00, 0x1F, 0xF5, 0x00, 0x00, 0x00, 0x08, 0xFE, 0x10, 0x00, 0x00, 0x00, 0x00, 0x8F,
    0xD0, 0x00, 0x00, 0x00, 0x01, 0xFF, 0x70, 0x00, 0x00, 0x00, 0x01, 0xEF, 0x70, 0x00, 0x00, 0x00,
    0x00, 0x9F, 0xD0, 0x00, 0x00, 0x00, 0x06, 0xFE, 0x10, 0x00, 0x00, 0x00, 0x00, 0x3F, 0xF5, 0x00,
    0x00, 0x00, 0x0D, 0xF8, 0x00, 0x00, 0x00, 0x00, 0x00, 0x0B, 0xFC, 0x00, 0x00, 0x00, 0x5F, 0xF2,
    0x00, 0x00, 0x00, 0x00, 0x00, 0x04, 0xFF, 0x40, 0x00, 0x00, 0xCF, 0xA0, 0x00, 0x00, 0x00, 0x00,
    0x00, 0x00, 0xCF, 0xB0, 0x00, 0x03, 0xFF, 0x30, 0x00, 0x00, 0x00, 0x00, 0x00, 0x00, 0x6F, 0xF2,
    0x00, 0x0A, 0xFB, 0x00, 0x00, 0x00, 0x00, 0x00, 0x00, 0x00, 0x0D, 0xF9, 0x00, 0x2F, 0xF4, 0x00,
    0x00, 0x00, 0x00, 0x00, 0x00, 0x00, 0x07, 0xFE, 0x10, 0x9F, 0xC0, 0x00, 0x00, 0x00, 0x00, 0x00,
    0x00, 0x00, 0x01, 0xEF, 0x71, 0xEF, 0x60, 0x00, 0x00, 0x00, 0x00, 0x00, 0x00, 0x00, 0x00, 0x8F,
    0xE8, 0xFE, 0x00, 0x00, 0x00, 0x00, 0x00, 0x00, 0x00, 0x00, 0x00, 0x2F, 0xFF, 0xF7, 0x00, 0x00,
    0x00, 0x00, 0x00, 0x00, 0x00, 0x00, 0x00, 0x0A, 0xFF, 0xE1, 0x00, 0x00, 0x00, 0x00, 0x00, 0x00,
    0x00, 0x00, 0x00, 0x03, 0xFF, 0x90, 0x00, 0x00, 0x00, 0x00, 0x00, 0xAF, 0xC0, 0x00, 0x00, 0x00,
    0x00, 0x00, 0x06, 0xFF, 0x20, 0x00, 0x00, 0x00, 0x00, 0x00, 0x1F, 0xF3, 0x5F, 0xF2, 0x00, 0x00,
    0x00, 0x00, 0x00, 0x0C, 0xFF, 0x70, 0x00, 0x00, 0x00, 0x00, 0x00, 0x6F, 0xD0, 0x0E, 0xF7, 0x00,
    0x00, 0x00, 0x00, 0x00, 0x2F, 0xFF, 0xD0, 0x00, 0x00, 0x00, 0x00, 0x00, 0xBF, 0x80, 0x09, 0xFC,
    0x00, 0x00, 0x00, 0x00, 0x00, 0x7F, 0xEF, 0xF3, 0x00, 0x00, 0x00, 0x00, 0x01, 0xFF, 0x30, 0x04,
    0xFF, 0x20, 0x00, 0x00, 0x00, 0x00, 0xCF, 0x6D, 0xF8, 0x00, 0x00, 0x00, 0x00, 0x06, 0xFD, 0x00,
    0x00, 0xEF, 0x70, 0x00, 0x00, 0x00, 0x03, 0xFF, 0x17, 0xFD, 0x00, 0x00, 0x00, 0x00, 0x0C, 0xF8,
    0x00, 0x00, 0x9F, 0xC0, 0x00, 0x00, 0x00, 0x08, 0xFB, 0x02, 0xFF, 0x30, 0x00, 0x00, 0x00, 0x2F,
    0xF3, 0x00, 0x00, 0x4F, 0xF2, 0x00, 0x00, 0x00, 0x0D, 0xF5, 0x00, 0xCF, 0x80, 0x00, 0x00, 0x00,
    0x7F, 0xC0, 0x00, 0x00, 0x0D, 0xF8, 0x00, 0x00, 0x00, 0x4F, 0xE1, 0x00, 0x6F, 0xE0, 0x00, 0x00,
    0x00, 0xCF, 0x70, 0x00, 0x00, 0x08, 0xFD, 0x00, 0x00, 0x00, 0x9F, 0xA0, 0x00, 0x1F, 0xF4, 0x00,
    0x00, 0x02, 0xFF, 0x20, 0x00, 0x00, 0x03, 0xFF, 0x30, 0x00, 0x00, 0xEF, 0x40, 0x00, 0x0B, 0xF9,
    0x00, 0x00, 0x07, 0xFC, 0x00, 0x00, 0x00, 0x00, 0xDF, 0x80, 0x00, 0x04, 0xFE, 0x00, 0x00, 0x05,
    0xFE, 0x00, 0x00, 0x0D, 0xF7, 0x00, 0x00, 0x00, 0x00, 0x8F, 0xD0, 0x00, 0x0A, 0xF9, 0x00, 0x00,
    0x01, 0xEF, 0x40, 0x00, 0x3F, 0xF2, 0x00, 0x00, 0x00, 0x00, 0x3F, 0xF3, 0x00, 0x1E, 0xF3, 0x00,
    0x00, 0x00, 0xAF, 0xA0, 0x00, 0x8F, 0xB0, 0x00, 0x00, 0x00, 0x00, 0x0D, 0xF8, 0x00, 0x5F, 0xD0,
    0x00, 0x00, 0x00, 0x4F, 0xE1, 0x00, 0xDF, 0x60, 0x00, 0x00, 0x00, 0x00, 0x07, 0xFD, 0x00, 0xBF,
    0x80, 0x00, 0x00, 0x00, 0x0E, 0xF5, 0x03, 0xFF, 0x10, 0x00, 0x00, 0x00, 0x00, 0x02, 0xFF, 0x41,
    0xFF, 0x20, 0x00, 0x00, 0x00, 0x09, 0xFA, 0x08, 0xFB, 0x00, 0x00, 0x00, 0x00, 0x00, 0x00, 0xCF,
    0x96, 0xFC, 0x00, 0x00, 0x00, 0x00, 0x04, 0xFF, 0x1D, 0xF6, 0x00, 0x00, 0x00, 0x00, 0x00, 0x00,
    0x7F, 0xEC, 0xF7, 0x00, 0x00, 0x00, 0x00, 0x00, 0xDF, 0x9F, 0xF1, 0x00, 0x00, 0x00, 0x00, 0x00,
    0x00, 0x2F, 0xFF, 0xF2, 0x00, 0x00, 0x00, 0x00, 0x00, 0x8F, 0xFF, 0xB0, 0x00, 0x00, 0x00, 0x00,
    0x00, 0x00, 0x0C, 0xFF, 0xB0, 0x00, 0x00, 0x00, 0x00, 0x00, 0x3F, 0xFF, 0x50, 0x00, 0x00, 0x00,
    0x00, 0x00, 0x00, 0x07, 0xFF, 0x60, 0x00, 0x00, 0x00, 0x00, 0x00, 0x0C, 0xFE, 0x10, 0x00, 0x00,
    0x00, 0x08, 0xFF, 0x30, 0x00, 0x00, 0x00, 0x00, 0x00, 0x2E, 0xF7, 0x00, 0x00, 0xCF, 0xD1, 0x00,
    0x00, 0x00, 0x00, 0x00, 0xCF, 0xB0, 0x00, 0x00, 0x2E, 0xFA, 0x00, 0x00, 0x00, 0x00, 0x08, 0xFE,
    0x10, 0x00, 0x00, 0x05, 0xFF, 0x60, 0x00, 0x00, 0x00, 0x4F, 0xF4, 0x00, 0x00, 0x00, 0x00, 0x9F,
    0xE3, 0x00, 0x00, 0x02, 0xEF, 0x80, 0x00, 0x00, 0x00, 0x00, 0x0C, 0xFD, 0x10, 0x00, 0x0B, 0xFC,
    0x00, 0x00, 0x00, 0x00, 0x00, 0x02, 0xEF, 0x90, 0x00, 0x8F, 0xE2, 0x00, 0x00, 0x00, 0x00, 0x00,
    0x00, 0x6F, 0xF5, 0x04, 0xFF, 0x50, 0x00, 0x00, 0x00, 0x00, 0x00, 0x00, 0x0A, 0xFE, 0x3D, 0xF8,
    0x00, 0x00, 0x00, 0x00, 0x00, 0x00, 0x00, 0x01, 0xDF, 0xFF, 0xC0, 0x00, 0x00, 0x00, 0x00, 0x00,
    0x00, 0x00, 0x00, 0x3F, 0xFF, 0x20, 0x00, 0x00, 0x00, 0x00, 0x00, 0x00, 0x00, 0x00, 0x7F, 0xFF,
    0x70, 0x00, 0x00, 0x00, 0x00, 0x00, 0x00, 0x00, 0x04, 0xFF, 0xBF, 0xF4, 0x00, 0x00, 0x00, 0x00,
    0x00, 0x00, 0x00, 0x1D, 0xFA, 0x0B, 0xFE, 0x10, 0x00, 0x00, 0x00, 0x00, 0x00, 0x00, 0xBF, 0xD1,
    0x01, 0xDF, 0xB0, 0x00, 0x00, 0x00, 0x00, 0x00, 0x08, 0xFF, 0x30, 0x00, 0x3F, 0xF8, 0x00, 0x00,
    0x00, 0x00, 0x00, 0x4F, 0xF6, 0x00, 0x00, 0x07, 0xFF, 0x40, 0x00, 0x00, 0x00, 0x02, 0xEF, 0xA0,
    0x00, 0x00, 0x00, 0xAF, 0xE2, 0x00, 0x00, 0x00, 0x0C, 0xFD, 0x10, 0x00, 0x00, 0x00, 0x1D, 0xFC,
    0x00, 0x00, 0x00, 0x8F, 0xF3, 0x00, 0x00, 0x00, 0x00, 0x03, 0xFF, 0x80, 0x00, 0x05, 0xFF, 0x60,
    0x00, 0x00, 0x00, 0x00, 0x00, 0x7F, 0xF5, 0x00, 0x2E, 0xFA, 0x00, 0x00, 0x00, 0x00, 0x00, 0x00,
    0x0A, 0xFE, 0x20, 0xAF, 0xD0, 0x00, 0x00, 0x00, 0x00, 0x00, 0x00, 0x06, 0xFE, 0x10, 0x1E, 0xF7,
    0x00, 0x00, 0x00, 0x00, 0x00, 0x00, 0x1E, 0xF5, 0x00, 0x06, 0xFF, 0x20, 0x00, 0x00, 0x00, 0x00,
    0x00, 0x9F, 0xB0, 0x00, 0x00, 0xCF, 0xB0, 0x00, 0x00, 0x00, 0x00, 0x04, 0xFF, 0x20, 0x00, 0x00,
    0x3F, 0xF5, 0x00, 0x00, 0x00, 0x00, 0x0D, 0xF7, 0x00, 0x00, 0x00, 0x09, 0xFD, 0x10, 0x00, 0x00,
    0x00, 0x7F, 0xD0, 0x00, 0x00, 0x00, 0x01, 0xDF, 0x90, 0x00, 0x00, 0x02, 0xEF, 0x40, 0x00, 0x00,
    0x00, 0x00, 0x5F, 0xF3, 0x00, 0x00, 0x0B, 0xFA, 0x00, 0x00, 0x00, 0x00, 0x00, 0x0B, 0xFC, 0x00,
    0x00, 0x5F, 0xE1, 0x00, 0x00, 0x00, 0x00, 0x00, 0x02, 0xEF, 0x60, 0x01, 0xDF, 0x60, 0x00, 0x00,
    0x00, 0x00, 0x00, 0x00, 0x7F, 0xE1, 0x09, 0xFC, 0x00, 0x00, 0x00, 0x00, 0x00, 0x00, 0x00, 0x0D,
    0xFA, 0x3F, 0xF3, 0x00, 0x00, 0x00, 0x00, 0x00, 0x00, 0x00, 0x04, 0xFF, 0xDF, 0x80, 0x00, 0x00,
    0x00, 0x00, 0x00, 0x00, 0x00, 0x00, 0x9F, 0xFD, 0x10, 0x00, 0x00, 0x00, 0x00, 0x00, 0x00, 0x00,
    0x00, 0x1F, 0xF6, 0x00, 0x00, 0x00, 0x00, 0x00, 0x00, 0x00, 0x00, 0x00, 0x0F, 0xF5, 0x00, 0x00,
    0x00, 0x00, 0x00, 0x00, 0x00, 0x00, 0x00, 0x0F, 0xF5, 0x00, 0x00, 0x00, 0x00, 0x00, 0x00, 0x00,
    0x00, 0x00, 0x0F, 0xF5, 0x00, 0x00, 0x00, 0x00, 0x00, 0x00, 0x00, 0x00, 0x00, 0x0F, 0xF5, 0x00,
    0x00, 0x00, 0x00, 0x00, 0x00, 0x00, 0x00, 0x00, 0x0F, 0xF5, 0x00, 0x00, 0x00, 0x00, 0x00, 0x00,
    0x00, 0x00, 0x00, 0x0F, 0xF5, 0x00, 0x00, 0x00, 0x00, 0x00, 0x00, 0x00, 0x00, 0x00, 0x0F, 0xF5,
    0x00, 0x00, 0x00, 0x00, 0x00, 0x5F, 0xFF, 0xFF, 0xFF, 0xFF, 0xFF, 0xFF, 0xFF, 0xFF, 0x60, 0x5F,
    0xFF, 0xFF, 0xFF, 0xFF, 0xFF, 0xFF, 0xFF, 0xFF, 0x50, 0x00, 0x00, 0x00, 0x00, 0x00, 0x00, 0x00,
    0x3E, 0xFA, 0x00, 0x00, 0x00, 0x00, 0x00, 0x00, 0x00, 0x01, 0xDF, 0xD1, 0x00, 0x00, 0x00, 0x00,
    0x00, 0x00, 0x00, 0x0B, 0xFE, 0x20, 0x00, 0x00, 0x00, 0x00, 0x00, 0x00, 0x00, 0x8F, 0xF4, 0x00,
    0x00, 0x00, 0x00, 0x00, 0x00, 0x00, 0x05, 0xFF, 0x70, 0x00, 0x00, 0x00, 0x00, 0x00, 0x00, 0x00,
    0x3E, 0xFA, 0x00, 0x00, 0x00, 0x00, 0x00, 0x00, 0x00, 0x01, 0xDF, 0xC1, 0x00, 0x00, 0x00, 0x00,
    0x00, 0x00, 0x00, 0x0B, 0xFE, 0x20, 0x00, 0x00, 0x00, 0x00, 0x00, 0x00, 0x00, 0x9F, 0xF4, 0x00,
    0x00, 0x00, 0x00, 0x00, 0x00, 0x00, 0x06, 0xFF, 0x70, 0x00, 0x00, 0x00, 0x00, 0x00, 0x00, 0x00,
    0x3F, 0xFA, 0x00, 0x00, 0x00, 0x00, 0x00, 0x00, 0x00, 0x01, 0xDF, 0xC1, 0x00, 0x00, 0x00, 0x00,
    0x00, 0x00, 0x00, 0x0C, 0xFE, 0x20, 0x00, 0x00, 0x00, 0x00, 0x00, 0x00, 0x00, 0x9F, 0xF4, 0x00,
    0x00, 0x00, 0x00, 0x00, 0x00, 0x00, 0x06, 0xFF, 0x70, 0x00, 0x00, 0x00, 0x00, 0x00, 0x00, 0x00,
    0x3F, 0xF9, 0x00, 0x00, 0x00, 0x00, 0x00, 0x00, 0x00, 0x02, 0xEF, 0xC0, 0x00, 0x00, 0x00, 0x00,
    0x00, 0x00, 0x00, 0x0C, 0xFE, 0x20, 0x00, 0x00, 0x00, 0x00, 0x00, 0x00, 0x00, 0x7F, 0xFF, 0xFF,
    0xFF, 0xFF, 0xFF, 0xFF, 0xFF, 0xFF, 0xC0, 0x8F, 0xFF, 0xFF, 0xFF, 0xFF, 0xFF, 0xFF, 0xFF, 0xFF,
    0xC0, 0x5F, 0xFF, 0xFF, 0x80, 0x5F, 0xFF, 0xFF, 0x70, 0x5F, 0xE0, 0x00, 0x00, 0x5F, 0xE0, 0x00,
    0x00, 0x5F, 0xE0, 0x00, 0x00, 0x5F, 0xE0, 0x00, 0x00, 0x5F, 0xE0, 0x00, 0x00, 0x5F, 0xE0, 0x00,
    0x00, 0x5F, 0xE0, 0x00, 0x00, 0x5F, 0xE0, 0x00, 0x00, 0x5F, 0xE0, 0x00, 0x00, 0x5F, 0xE0, 0x00,
    0x00, 0x5F, 0xE0, 0x00, 0x00, 0x5F, 0xE0, 0x00, 0x00, 0x5F, 0xE0, 0x00, 0x00, 0x5F, 0xE0, 0x00,
    0x00, 0x5F, 0xE0, 0x00, 0x00, 0x5F, 0xE0, 0x00, 0x00, 0x5F, 0xE0, 0x00, 0x00, 0x5F, 0xE0, 0x00,
    0x00, 0x5F, 0xE0, 0x00, 0x00, 0x5F, 0xE0, 0x00, 0x00, 0x5F, 0xE0, 0x00, 0x00, 0x5F, 0xE0, 0x00,
    0x00, 0x5F, 0xE0, 0x00, 0x00, 0x5F, 0xE0, 0x00, 0x00, 0x5F, 0xE0, 0x00, 0x00, 0x5F, 0xE0, 0x00,
    0x00, 0x5F, 0xFF, 0xFF, 0x70, 0x5F, 0xFF, 0xFF, 0x80, 0x0E, 0xF2, 0x00, 0x00, 0x00, 0x00, 0x00,
    0x09, 0xF7, 0x00, 0x00, 0x00, 0x00, 0x00, 0x04, 0xFD, 0x00, 0x00, 0x00, 0x00, 0x00, 0x00, 0xDF,
    0x30, 0x00, 0x00, 0x00, 0x00, 0x00, 0x8F, 0x80, 0x00, 0x00, 0x00, 0x00, 0x00, 0x3F, 0xD0, 0x00,
    0x00, 0x00, 0x00, 0x00, 0x0D, 0xF4, 0x00, 0x00, 0x00, 0x00, 0x00, 0x07, 0xF9, 0x00, 0x00, 0x00,
    0x00, 0x00, 0x02, 0xFE, 0x00, 0x00, 0x00, 0x00, 0x00, 0x00, 0xCF, 0x40, 0x00, 0x00, 0x00, 0x00,
    0x00, 0x6F, 0xA0, 0x00, 0x00, 0x00, 0x00, 0x00, 0x1F, 0xE1, 0x00, 0x00, 0x00, 0x00, 0x00, 0x0B,
    0xF5, 0x00, 0x00, 0x00, 0x00, 0x00, 0x06, 0xFB, 0x00, 0x00, 0x00, 0x00, 0x00, 0x01, 0xFF, 0x10,
    0x00, 0x00, 0x00, 0x00, 0x00, 0xAF, 0x60, 0x00, 0x00, 0x00, 0x00, 0x00, 0x5F, 0xB0, 0x00, 0x00,
    0x00, 0x00, 0x00, 0x0E, 0xF2, 0x00, 0x00, 0x00, 0x00, 0x00, 0x09, 0xF7, 0x00, 0x00, 0x00, 0x00,
    0x00, 0x04, 0xFC, 0x00, 0x00, 0x00, 0x00, 0x00, 0x00, 0xEF, 0x30, 0x00, 0x00, 0x00, 0x00, 0x00,
    0x8F, 0x80, 0x00, 0x00, 0x00, 0x00, 0x00, 0x3F, 0xD0, 0x00, 0x00, 0x00, 0x00, 0x00, 0x0D, 0xF3,
    0x00, 0x00, 0x00, 0x00, 0x00, 0x08, 0xF9, 0x00, 0x00, 0x00, 0x00, 0x00, 0x02, 0xFE, 0x00, 0x00,
    0x00, 0x00, 0x00, 0x00, 0xCF, 0x40, 0x00, 0x00, 0x00, 0x00, 0x00, 0x7F, 0xA0, 0x00, 0x00, 0x00,
    0x00, 0x00, 0x2F, 0xE1, 0x00, 0x00, 0x00, 0x00, 0x00, 0x0B, 0xF5, 0x5F, 0xFF, 0xFF, 0x80, 0x5F,
    0xFF, 0xFF, 0x80, 0x00, 0x00, 0xBF, 0x80, 0x00, 0x00, 0xBF, 0x80, 0x00, 0x00, 0xBF, 0x80, 0x00,
    0x00, 0xBF, 0x80, 0x00, 0x00, 0xBF, 0x80, 0x00, 0x00, 0xBF, 0x80, 0x00, 0x00, 0xBF, 0x80, 0x00,
    0x00, 0xBF, 0x80, 0x00, 0x00, 0xBF, 0x80, 0x00, 0x00, 0xBF, 0x80, 0x00, 0x00, 0xBF, 0x80, 0x00,
    0x00, 0xBF, 0x80, 0x00, 0x00, 0xBF, 0x80, 0x00, 0x00, 0xBF, 0x80, 0x00, 0x00, 0xBF, 0x80, 0x00,
    0x00, 0xBF, 0x80, 0x00, 0x00, 0xBF, 0x80, 0x00, 0x00, 0xBF, 0x80, 0x00, 0x00, 0xBF, 0x80, 0x00,
    0x00, 0xBF, 0x80, 0x00, 0x00, 0xBF, 0x80, 0x00, 0x00, 0xBF, 0x80, 0x00, 0x00, 0xBF, 0x80, 0x00,
    0x00, 0xBF, 0x80, 0x00, 0x00, 0xBF, 0x80, 0x00, 0x00, 0xBF, 0x80, 0x5F, 0xFF, 0xFF, 0x80, 0x5F,
    0xFF, 0xFF, 0x80, 0x00, 0x00, 0x00, 0x68, 0x20, 0x00, 0x00, 0x00, 0x00, 0x02, 0xFF, 0x90, 0x00,
    0x00, 0x00, 0x00, 0x09, 0xFE, 0xE1, 0x00, 0x00, 0x00, 0x00, 0x1E, 0xD7, 0xF7, 0x00, 0x00, 0x00,
    0x00, 0x6F, 0x71, 0xED, 0x00, 0x00, 0x00, 0x00, 0xCF, 0x10, 0x9F, 0x40, 0x00, 0x00, 0x04, 0xFA,
    0x00, 0x3F, 0xA0, 0x00, 0x00, 0x0A, 0xF3, 0x00, 0x0C, 0xF2, 0x00, 0x00, 0x1F, 0xC0, 0x00, 0x06,
    0xF8, 0x00, 0x00, 0x7F, 0x60, 0x00, 0x01, 0xEE, 0x00, 0x00, 0xDE, 0x10, 0x00, 0x00, 0x8F, 0x50,
    0x05, 0xF9, 0x00, 0x00, 0x00, 0x2F, 0xB0, 0x0B, 0xF2, 0x00, 0x00, 0x00, 0x0B, 0xF2, 0x2F, 0xB0,
    0x00, 0x00, 0x00, 0x05, 0xF9, 0xFF, 0xFF, 0xFF, 0xFF, 0xFF, 0xFF, 0xFF, 0xFF, 0xFF, 0xFF, 0xFF,
    0xFF, 0xFF, 0xFF, 0xFF, 0xFF, 0x3D, 0xFC, 0x10, 0x00, 0x01, 0xBF, 0xC2, 0x00, 0x00, 0x08, 0xFD,
    0x20, 0x00, 0x00, 0x4E, 0xE3, 0x00, 0x01, 0x7A, 0xDE, 0xFD, 0xA5, 0x00, 0x00, 0x01, 0x9F, 0xFF,
    0xFF, 0xFF, 0xFF, 0xC1, 0x00, 0x09, 0xFE, 0x95, 0x10, 0x03, 0x8E, 0xFC, 0x00, 0x01, 0x91, 0x00,
    0x00, 0x00, 0x04, 0xFF, 0x50, 0x00, 0x00, 0x00, 0x00, 0x00, 0x00, 0xAF, 0xA0, 0x00, 0x00, 0x00,
    0x00, 0x00, 0x00, 0x7F, 0xC0, 0x00, 0x00, 0x00, 0x00, 0x00, 0x00, 0x6F, 0xD0, 0x00, 0x04, 0x9D,
    0xEF, 0xFF, 0xFF, 0xFF, 0xD0, 0x00, 0xAF, 0xFF, 0xFF, 0xFF, 0xFF, 0xFF, 0xD0, 0x08, 0xFF, 0x83,
    0x10, 0x00, 0x00, 0x6F, 0xD0, 0x1E, 0xF7, 0x00, 0x00, 0x00, 0x00, 0x6F, 0xD0, 0x3F, 0xF1, 0x00,
    0x00, 0x00, 0x00, 0x7F, 0xD0, 0x3F, 0xF1, 0x00, 0x00, 0x00, 0x00, 0xDF, 0xD0, 0x0E, 0xF8, 0x00,
    0x00, 0x00, 0x0A, 0xFF, 0xD0, 0x08, 0xFF, 0xA3, 0x10, 0x26, 0xCF, 0xAF, 0xD0, 0x00, 0x9F, 0xFF,
    0xFF, 0xFF, 0xF6, 0x4F, 0xD0, 0x00, 0x04, 0xAD, 0xFE, 0xD8, 0x20, 0x4F, 0xD0, 0xCF, 0x70, 0x00,
    0x00, 0x00, 0x00, 0x00, 0x00, 0x00, 0xCF, 0x70, 0x00, 0x00, 0x00, 0x00, 0x00, 0x00, 0x00, 0xCF,
    0x70, 0x00, 0x00, 0x00, 0x00, 0x00, 0x00, 0x00, 0xCF, 0x70, 0x00, 0x00, 0x00, 0x00, 0x00, 0x00,
    0x00, 0xCF, 0x70, 0x00, 0x00, 0x00, 0x00, 0x00, 0x00, 0x00, 0xCF, 0x70, 0x00, 0x00, 0x00, 0x00,
    0x00, 0x00, 0x00, 0xCF, 0x70, 0x00, 0x00, 0x00, 0x00, 0x00, 0x00, 0x00, 0xCF, 0x70, 0x04, 0x9D,
    0xEE, 0xD9, 0x40, 0x00, 0x00, 0xCF, 0x71, 0xAF, 0xFF, 0xFF, 0xFF, 0xFA, 0x10, 0x00, 0xCF, 0x7C,
    0xFC, 0x62, 0x01, 0x4A, 0xFF, 0xD1, 0x00, 0xCF, 0xEF, 0x90, 0x00, 0x00, 0x00, 0x5E, 0xFB, 0x00,
    0xCF, 0xFA, 0x00, 0x00, 0x00, 0x00, 0x05, 0xFF, 0x50, 0xCF, 0xF1, 0x00, 0x00, 0x00, 0x00, 0x00,
    0xBF, 0xB0, 0xCF, 0xA0, 0x00, 0x00, 0x00, 0x00, 0x00, 0x5F, 0xF0, 0xCF, 0x80, 0x00, 0x00, 0x00,
    0x00, 0x00, 0x2F, 0xF2, 0xCF, 0x70, 0x00, 0x00, 0x00, 0x00, 0x00, 0x1F, 0xF3, 0xCF, 0x80, 0x00,
    0x00, 0x00, 0x00, 0x00, 0x2F, 0xF2, 0xCF, 0xA0, 0x00, 0x00, 0x00, 0x00, 0x00, 0x5F, 0xF0, 0xCF,
    0xF1, 0x00, 0x00, 0x00, 0x00, 0x00, 0xBF, 0xB0, 0xCF, 0xFA, 0x00, 0x00, 0x00, 0x00, 0x05, 0xFF,
    0x50, 0xCF, 0xEF, 0x80, 0x00, 0x00, 0x00, 0x4E, 0xFA, 0x00, 0xCF, 0x6D, 0xFC, 0x62, 0x01, 0x4A,
    0xFF, 0xD1, 0x00, 0xCF, 0x51, 0xBF, 0xFF, 0xFF, 0xFF, 0xFA, 0x10, 0x00, 0xCF, 0x50, 0x04, 0xAD,
    0xEF, 0xD9, 0x30, 0x00, 0x00, 0x00, 0x00, 0x05, 0xAD, 0xEE, 0xDA, 0x50, 0x00, 0x00, 0x02, 0xCF,
    0xFF, 0xFF, 0xFF, 0xFC, 0x20, 0x00, 0x3E, 0xFE, 0x83, 0x10, 0x27, 0xEF, 0xE2, 0x01, 0xDF, 0xC2,
    0x00, 0x00, 0x00, 0x1C, 0xF6, 0x09, 0xFE, 0x20, 0x00, 0x00, 0x00, 0x01, 0x30, 0x1F, 0xF7, 0x00,
    0x00, 0x00, 0x00, 0x00, 0x00, 0x5F, 0xF1, 0x00, 0x00, 0x00, 0x00, 0x00, 0x00, 0x7F, 0xD0, 0x00,
    0x00, 0x00, 0x00, 0x00, 0x00, 0x8F, 0xC0, 0x00, 0x00, 0x00, 0x00, 0x00, 0x00, 0x7F, 0xD0, 0x00,
    0x00, 0x00, 0x00, 0x00, 0x00, 0x5F, 0xF1, 0x00, 0x00, 0x00, 0x00, 0x00, 0x00, 0x1F, 0xF7, 0x00,
    0x00, 0x00, 0x00, 0x00, 0x00, 0x09, 0xFE, 0x20, 0x00, 0x00, 0x00, 0x01, 0x20, 0x01, 0xDF, 0xC2,
    0x00, 0x00, 0x00, 0x1B, 0xE5, 0x00, 0x3E, 0xFE, 0x83, 0x10, 0x27, 0xDF, 0xE2, 0x00, 0x02, 0xCF,
    0xFF, 0xFF, 0xFF, 0xFC, 0x30, 0x00, 0x00, 0x04, 0xAD, 0xFE, 0xDA, 0x50, 0x00, 0x00, 0x00, 0x00,
    0x00, 0x00, 0x00, 0x00, 0x0B, 0xF8, 0x00, 0x00, 0x00, 0x00, 0x00, 0x00, 0x00, 0x0B, 0xF8, 0x00,
    0x00, 0x00, 0x00, 0x00, 0x00, 0x00, 0x0B, 0xF8, 0x00, 0x00, 0x00, 0x00, 0x00, 0x00, 0x00, 0x0B,
    0xF8, 0x00, 0x00, 0x00, 0x00, 0x00, 0x00, 0x00, 0x0B, 0xF8, 0x00, 0x00, 0x00, 0x00, 0x00, 0x00,
    0x00, 0x0B, 0xF8, 0x00, 0x00, 0x00, 0x00, 0x00, 0x00, 0x00, 0x0B, 0xF8, 0x00, 0x00, 0x05, 0xAD,
    0xFE, 0xC8, 0x20, 0x0B, 0xF8, 0x00, 0x03, 0xDF, 0xFF, 0xFF, 0xFF, 0xF7, 0x0B, 0xF8, 0x00, 0x4E,
    0xFE, 0x83, 0x11, 0x38, 0xEF, 0x8B, 0xF8, 0x02, 0xEF, 0xC2, 0x00, 0x00, 0x00, 0x2C, 0xFE, 0xF8,
    0x0A, 0xFE, 0x20, 0x00, 0x00, 0x00, 0x01, 0xEF, 0xF8, 0x1F, 0xF7, 0x00, 0x00, 0x00, 0x00, 0x00,
    0x6F, 0xF8, 0x5F, 0xF1, 0x00, 0x00, 0x00, 0x00, 0x00, 0x1E, 0xF8, 0x7F, 0xD0, 0x00, 0x00, 0x00,
    0x00, 0x00, 0x0D, 0xF8, 0x8F, 0xC0, 0x00, 0x00, 0x00, 0x00, 0x00, 0x0B, 0xF8, 0x7F, 0xD0, 0x00,
    0x00, 0x00, 0x00, 0x00, 0x0D, 0xF8, 0x5F, 0xF1, 0x00, 0x00, 0x00, 0x00, 0x00, 0x1E, 0xF8, 0x1F,
    0xF6, 0x00, 0x00, 0x00, 0x00, 0x00, 0x6F, 0xF8, 0x0A, 0xFE, 0x20, 0x00, 0x00, 0x00, 0x01, 0xDF,
    0xF8, 0x01, 0xEF, 0xC2, 0x00, 0x00, 0x00, 0x1C, 0xFE, 0xF8, 0x00, 0x4E, 0xFE, 0x83, 0x11, 0x37,
    0xEF, 0x9A, 0xF8, 0x00, 0x02, 0xCF, 0xFF, 0xFF, 0xFF, 0xF8, 0x0A, 0xF8, 0x00, 0x00, 0x05, 0xAD,
    0xFE, 0xC8, 0x20, 0x0A, 0xF8, 0x00, 0x00, 0x06, 0xBE, 0xFE, 0xC8, 0x20, 0x00, 0x00, 0x00, 0x03,
    0xDF, 0xFF, 0xFF, 0xFF, 0xF7, 0x00, 0x00, 0x00, 0x4F, 0xFC, 0x62, 0x01, 0x49, 0xFF, 0x90, 0x00,
    0x02, 0xEF, 0x80, 0x00, 0x00, 0x00, 0x3E, 0xF6, 0x00, 0x0A, 0xFA, 0x00, 0x00, 0x00, 0x00, 0x04,
    0xFE, 0x10, 0x1F, 0xF2, 0x00, 0x00, 0x00, 0x00, 0x00, 0xBF, 0x60, 0x5F, 0xD0, 0x00, 0x00, 0x00,
    0x00, 0x00, 0x6F, 0xA0, 0x7F, 0xFF, 0xFF, 0xFF, 0xFF, 0xFF, 0xFF, 0xFF, 0xC0, 0x8F, 0xFF, 0xFF,
    0xFF, 0xFF, 0xFF, 0xFF, 0xFF, 0xD0, 0x7F, 0xC0, 0x00, 0x00, 0x00, 0x00, 0x00, 0x00, 0x00, 0x5F,
    0xF1, 0x00, 0x00, 0x00, 0x00, 0x00, 0x00, 0x00, 0x1F, 0xF6, 0x00, 0x00, 0x00, 0x00, 0x00, 0x00,
    0x00, 0x09, 0xFE, 0x20, 0x00, 0x00, 0x00, 0x00, 0x00, 0x00, 0x01, 0xDF, 0xC2, 0x00, 0x00, 0x00,
    0x04, 0xD3, 0x00, 0x00, 0x3E, 0xFE, 0x93, 0x10, 0x15, 0xAF, 0xF7, 0x00, 0x00, 0x02, 0xBF, 0xFF,
    0xFF, 0xFF, 0xFE, 0x60, 0x00, 0x00, 0x00, 0x04, 0x9D, 0xEF, 0xDB, 0x71, 0x00, 0x00, 0x00, 0x00,
    0x03, 0xAD, 0xFE, 0xB4, 0x00, 0x00, 0x4E, 0xFF, 0xFF, 0xFC, 0x00, 0x00, 0xDF, 0xC3, 0x02, 0x65,
    0x00, 0x04, 0xFF, 0x20, 0x00, 0x00, 0x00, 0x06, 0xFD, 0x00, 0x00, 0x00, 0x00, 0x07, 0xFC, 0x00,
    0x00, 0x00, 0x00, 0x07, 0xFC, 0x00, 0x00, 0x00, 0x7F, 0xFF, 0xFF, 0xFF, 0xFF, 0xE0, 0x7F, 0xFF,
    0xFF, 0xFF, 0xFF, 0xE0, 0x00, 0x07, 0xFC, 0x00, 0x00, 0x00, 0x00, 0x07, 0xFC, 0x00, 0x00, 0x00,
    0x00, 0x07, 0xFC, 0x00, 0x00, 0x00, 0x00, 0x07, 0xFC, 0x00, 0x00, 0x00, 0x00, 0x07, 0xFC, 0x00,
    0x00, 0x00, 0x00, 0x07, 0xFC, 0x00, 0x00, 0x00, 0x00, 0x07, 0xFC, 0x00, 0x00, 0x00, 0x00, 0x07,
    0xFC, 0x00, 0x00, 0x00, 0x00, 0x07, 0xFC, 0x00, 0x00, 0x00, 0x00, 0x07, 0xFC, 0x00, 0x00, 0x00,
    0x00, 0x07, 0xFC, 0x00, 0x00, 0x00, 0x00, 0x07, 0xFC, 0x00, 0x00, 0x00, 0x00, 0x07, 0xFC, 0x00,
    0x00, 0x00, 0x00, 0x07, 0xFC, 0x00, 0x00, 0x00, 0x00, 0x07, 0xFC, 0x00, 0x00, 0x00, 0x00, 0x00,
    0x05, 0xAD, 0xEE, 0xC9, 0x30, 0x06, 0xFB, 0x00, 0x04, 0xDF, 0xFF, 0xFF, 0xFF, 0xFA, 0x16, 0xFB,
    0x00, 0x5F, 0xFE, 0x83, 0x10, 0x26, 0xCF, 0xC7, 0xFB, 0x03, 0xEF, 0xB1, 0x00, 0x00, 0x00, 0x08,
    0xFE, 0xFB, 0x0C, 0xFD, 0x10, 0x00, 0x00, 0x00, 0x00, 0x9F, 0xFB, 0x2F, 0xF5, 0x00, 0x00, 0x00,
    0x00, 0x00, 0x1E, 0xFB, 0x6F, 0xE0, 0x00, 0x00, 0x00, 0x00, 0x00, 0x0A, 0xFB, 0x8F, 0xD0, 0x00,
    0x00, 0x00, 0x00, 0x00, 0x08, 0xFB, 0x8F, 0xD0, 0x00, 0x00, 0x00, 0x00, 0x00, 0x08, 0xFB, 0x6F,
    0xE0, 0x00, 0x00, 0x00, 0x00, 0x00, 0x0A, 0xFB, 0x2F, 0xF5, 0x00, 0x00, 0x00, 0x00, 0x00, 0x1E,
    0xFB, 0x0B, 0xFD, 0x10, 0x00, 0x00, 0x00, 0x00, 0x9F, 0xFB, 0x03, 0xEF, 0xB1, 0x00, 0x00, 0x00,
    0x08, 0xFF, 0xFB, 0x00, 0x5F, 0xFE, 0x83, 0x11, 0x26, 0xCF, 0xC9, 0xFB, 0x00, 0x03, 0xDF, 0xFF,
    0xFF, 0xFF, 0xFA, 0x18, 0xFB, 0x00, 0x00, 0x05, 0xAD, 0xEE, 0xC9, 0x30, 0x08, 0xFA, 0x00, 0x00,
    0x00, 0x00, 0x00, 0x00, 0x00, 0x0A, 0xF9, 0x00, 0x00, 0x00, 0x00, 0x00, 0x00, 0x00, 0x0D, 0xF6,
    0x00, 0x10, 0x00, 0x00, 0x00, 0x00, 0x00, 0x5F, 0xF2, 0x00, 0xDA, 0x20, 0x00, 0x00, 0x00, 0x03,
    0xEF, 0xB0, 0x04, 0xFF, 0xFA, 0x52, 0x10, 0x14, 0x8E, 0xFE, 0x20, 0x00, 0x3B, 0xFF, 0xFF, 0xFF,
    0xFF, 0xFF, 0xC2, 0x00, 0x00, 0x00, 0x27, 0xBD, 0xEF, 0xEC, 0x94, 0x00, 0x00, 0xCF, 0x70, 0x00,
    0x00, 0x00, 0x00, 0x00, 0x00, 0xCF, 0x70, 0x00, 0x00, 0x00, 0x00, 0x00, 0x00, 0xCF, 0x70, 0x00,
    0x00, 0x00, 0x00, 0x00, 0x00, 0xCF, 0x70, 0x00, 0x00, 0x00, 0x00, 0x00, 0x00, 0xCF, 0x70, 0x00,
    0x00, 0x00, 0x00, 0x00, 0x00, 0xCF, 0x70, 0x00, 0x00, 0x00, 0x00, 0x00, 0x00, 0xCF, 0x70, 0x00,
    0x00, 0x00, 0x00, 0x00, 0x00, 0xCF, 0x70, 0x05, 0xBD, 0xFE, 0xC8, 0x20, 0x00, 0xCF, 0x73, 0xDF,
    0xFF, 0xFF, 0xFF, 0xE6, 0x00, 0xCF, 0x9E, 0xF9, 0x31, 0x01, 0x6D, 0xFF, 0x50, 0xCF, 0xFE, 0x40,
    0x00, 0x00, 0x01, 0xCF, 0xD0, 0xCF, 0xF5, 0x00, 0x00, 0x00, 0x00, 0x3F, 0xF4, 0xCF, 0xD0, 0x00,
    0x00, 0x00, 0x00, 0x0D, 0xF8, 0xCF, 0x90, 0x00, 0x00, 0x00, 0x00, 0x0A, 0xF9, 0xCF, 0x70, 0x00,
    0x00, 0x00, 0x00, 0x09, 0xFA, 0xCF, 0x70, 0x00, 0x00, 0x00, 0x00, 0x09, 0xFA, 0xCF, 0x70, 0x00,
    0x00, 0x00, 0x00, 0x09, 0xFA, 0xCF, 0x70, 0x00, 0x00, 0x00, 0x00, 0x09, 0xFA, 0xCF, 0x70, 0x00,
    0x00, 0x00, 0x00, 0x09, 0xFA, 0xCF, 0x70, 0x00, 0x00, 0x00, 0x00, 0x09, 0xFA, 0xCF, 0x70, 0x00,
    0x00, 0x00, 0x00, 0x09, 0xFA, 0xCF, 0x70, 0x00, 0x00, 0x00, 0x00, 0x09, 0xFA, 0xCF, 0x70, 0x00,
    0x00, 0x00, 0x00, 0x09, 0xFA, 0xCF, 0x70, 0x00, 0x00, 0x00, 0x00, 0x09, 0xFA, 0x1B, 0xE7, 0x4F,
    0xFE, 0x1B, 0xE7, 0x00, 0x00, 0x00, 0x00, 0x00, 0x00, 0x00, 0x00, 0x0C, 0xF7, 0x0C, 0xF7, 0x0C,
    0xF7, 0x0C, 0xF7, 0x0C, 0xF7, 0x0C, 0xF7, 0x0C, 0xF7, 0x0C, 0xF7, 0x0C, 0xF7, 0x0C, 0xF7, 0x0C,
    0xF7, 0x0C, 0xF7, 0x0C, 0xF7, 0x0C, 0xF7, 0x0C, 0xF7, 0x0C, 0xF7, 0x0C, 0xF7, 0x00, 0x00, 0x00,
    0xAE, 0x90, 0x00, 0x00, 0x02, 0xFF, 0xF1, 0x00, 0x00, 0x00, 0xAE, 0x90, 0x00, 0x00, 0x00, 0x00,
    0x00, 0x00, 0x00, 0x00, 0x00, 0x00, 0x00, 0x00, 0x00, 0x00, 0x00, 0x00, 0x00, 0x00, 0x00, 0x00,
    0x00, 0x00, 0x00, 0xAF, 0x90, 0x00, 0x00, 0x00, 0xAF, 0x90, 0x00, 0x00, 0x00, 0xAF, 0x90, 0x00,
    0x00, 0x00, 0xAF, 0x90, 0x00, 0x00, 0x00, 0xAF, 0x90, 0x00, 0x00, 0x00, 0xAF, 0x90, 0x00, 0x00,
    0x00, 0xAF, 0x90, 0x00, 0x00, 0x00, 0xAF, 0x90, 0x00, 0x00, 0x00, 0xAF, 0x90, 0x00, 0x00, 0x00,
    0xAF, 0x90, 0x00, 0x00, 0x00, 0xAF, 0x90, 0x00, 0x00, 0x00, 0xAF, 0x90, 0x00, 0x00, 0x00, 0xAF,
    0x90, 0x00, 0x00, 0x00, 0xAF, 0x90, 0x00, 0x00, 0x00, 0xAF, 0x90, 0x00, 0x00, 0x00, 0xAF, 0x90,
    0x00, 0x00, 0x00, 0xAF, 0x90, 0x00, 0x00, 0x00, 0xAF, 0x90, 0x00, 0x00, 0x00, 0xBF, 0x80, 0x00,
    0x00, 0x01, 0xEF, 0x60, 0x38, 0x20, 0x2B, 0xFE, 0x10, 0xAF, 0xFF, 0xFF, 0xF6, 0x00, 0x3A, 0xDF,
    0xEB, 0x40, 0x00, 0xCF, 0x70, 0x00, 0x00, 0x00, 0x00, 0x00, 0x00, 0xCF, 0x70, 0x00, 0x00, 0x00,
    0x00, 0x00, 0x00, 0xCF, 0x70, 0x00, 0x00, 0x00, 0x00, 0x00, 0x00, 0xCF, 0x70, 0x00, 0x00, 0x00,
    0x00, 0x00, 0x00, 0xCF, 0x70, 0x00, 0x00, 0x00, 0x00, 0x00, 0x00, 0xCF, 0x70, 0x00, 0x00, 0x00,
    0x00, 0x00, 0x00, 0xCF, 0x70, 0x00, 0x00, 0x00, 0x00, 0x00, 0x00, 0xCF, 0x70, 0x00, 0x00, 0x00,
    0x02, 0xDF, 0xB1, 0xCF, 0x70, 0x00, 0x00, 0x00, 0x3E, 0xFB, 0x10, 0xCF, 0x70, 0x00, 0x00, 0x04,
    0xEF, 0xB0, 0x00, 0xCF, 0x70, 0x00, 0x00, 0x5F, 0xFB, 0x00, 0x00, 0xCF, 0x70, 0x00, 0x06, 0xFF,
    0xA0, 0x00, 0x00, 0xCF, 0x70, 0x00, 0x7F, 0xFA, 0x00, 0x00, 0x00, 0xCF, 0x70, 0x08, 0xFF, 0xA0,
    0x00, 0x00, 0x00, 0xCF, 0x70, 0x9F, 0xFF, 0x80, 0x00, 0x00, 0x00, 0xCF, 0x7A, 0xFF, 0xCF, 0xF4,
    0x00, 0x00, 0x00, 0xCF, 0xEF, 0xF6, 0x0C, 0xFE, 0x20, 0x00, 0x00, 0xCF, 0xFF, 0x50, 0x02, 0xEF,
    0xC1, 0x00, 0x00, 0xCF, 0xE4, 0x00, 0x00, 0x4F, 0xFA, 0x00, 0x00, 0xCF, 0x70, 0x00, 0x00, 0x06,
    0xFF, 0x60, 0x00, 0xCF, 0x70, 0x00, 0x00, 0x00, 0x9F, 0xF4, 0x00, 0xCF, 0x70, 0x00, 0x00, 0x00,
    0x0C, 0xFE, 0x10, 0xCF, 0x70, 0x00, 0x00, 0x00, 0x02, 0xEF, 0xC0, 0xCF, 0x70, 0x00, 0x00, 0x00,
    0x00, 0x4F, 0xF9, 0xCF, 0x70, 0xCF, 0x70, 0xCF, 0x70, 0xCF, 0x70, 0xCF, 0x70, 0xCF, 0x70, 0xCF,
    0x70, 0xCF, 0x70, 0xCF, 0x70, 0xCF, 0x70, 0xCF, 0x70, 0xCF, 0x70, 0xCF, 0x70, 0xCF, 0x70, 0xCF,
    0x70, 0xCF, 0x70, 0xCF, 0x70, 0xCF, 0x70, 0xCF, 0x70, 0xCF, 0x70, 0xCF, 0x70, 0xCF, 0x70, 0xCF,
    0x70, 0xCF, 0x70, 0xCF, 0x50, 0x16, 0xBD, 0xFD, 0xB5, 0x00, 0x00, 0x03, 0x8C, 0xEF, 0xDA, 0x40,
    0x00, 0xCF, 0x53, 0xDF, 0xFF, 0xFF, 0xFF, 0xC2, 0x00, 0x8F, 0xFF, 0xFF, 0xFF, 0xFA, 0x00, 0xCF,
    0x8E, 0xE8, 0x30, 0x02, 0x8F, 0xFC, 0x0A, 0xFD, 0x62, 0x01, 0x3A, 0xFF, 0xA0, 0xCF, 0xFE, 0x30,
    0x00, 0x00, 0x04, 0xFF, 0xCF, 0xC1, 0x00, 0x00, 0x00, 0x8F, 0xF3, 0xCF, 0xF5, 0x00, 0x00, 0x00,
    0x00, 0x9F, 0xFE, 0x20, 0x00, 0x00, 0x00, 0x0D, 0xF9, 0xCF, 0xD0, 0x00, 0x00, 0x00, 0x00, 0x4F,
    0xF9, 0x00, 0x00, 0x00, 0x00, 0x08, 0xFC, 0xCF, 0x90, 0x00, 0x00, 0x00, 0x00, 0x2F, 0xF5, 0x00,
    0x00, 0x00, 0x00, 0x06, 0xFD, 0xCF, 0x70, 0x00, 0x00, 0x00, 0x00, 0x1F, 0xF4, 0x00, 0x00, 0x00,
    0x00, 0x05, 0xFE, 0xCF, 0x70, 0x00, 0x00, 0x00, 0x00, 0x1F, 0xF3, 0x00, 0x00, 0x00, 0x00, 0x05,
    0xFE, 0xCF, 0x70, 0x00, 0x00, 0x00, 0x00, 0x1F, 0xF3, 0x00, 0x00, 0x00, 0x00, 0x05, 0xFE, 0xCF,
    0x70, 0x00, 0x00, 0x00, 0x00, 0x1F, 0xF3, 0x00, 0x00, 0x00, 0x00, 0x05, 0xFE, 0xCF, 0x70, 0x00,
    0x00, 0x00, 0x00, 0x1F, 0xF3, 0x00, 0x00, 0x00, 0x00, 0x05, 0xFE, 0xCF, 0x70, 0x00, 0x00, 0x00,
    0x00, 0x1F, 0xF3, 0x00, 0x00, 0x00, 0x00, 0x05, 0xFE, 0xCF, 0x70, 0x00, 0x00, 0x00, 0x00, 0x1F,
    0xF3, 0x00, 0x00, 0x00, 0x00, 0x05, 0xFE, 0xCF, 0x70, 0x00, 0x00, 0x00, 0x00, 0x1F, 0xF3, 0x00,
    0x00, 0x00, 0x00, 0x05, 0xFE, 0xCF, 0x70, 0x00, 0x00, 0x00, 0x00, 0x1F, 0xF3, 0x00, 0x00, 0x00,
    0x00, 0x05, 0xFE, 0xCF, 0x70, 0x00, 0x00, 0x00, 0x00, 0x1F, 0xF3, 0x00, 0x00, 0x00, 0x00, 0x05,
    0xFE, 0xCF, 0x50, 0x05, 0xBD, 0xFE, 0xC8, 0x20, 0x00, 0xCF, 0x53, 0xDF, 0xFF, 0xFF, 0xFF, 0xE6,
    0x00, 0xCF, 0x7E, 0xF9, 0x31, 0x01, 0x6D, 0xFF, 0x50, 0xCF, 0xFE, 0x40, 0x00, 0x00, 0x01, 0xCF,
    0xD0, 0xCF, 0xF5, 0x00, 0x00, 0x00, 0x00, 0x3F, 0xF4, 0xCF, 0xD0, 0x00, 0x00, 0x00, 0x00, 0x0D,
    0xF8, 0xCF, 0x90, 0x00, 0x00, 0x00, 0x00, 0x0A, 0xF9, 0xCF, 0x70, 0x00, 0x00, 0x00, 0x00, 0x09,
    0xFA, 0xCF, 0x70, 0x00, 0x00, 0x00, 0x00, 0x09, 0xFA, 0xCF, 0x70, 0x00, 0x00, 0x00, 0x00, 0x09,
    0xFA, 0xCF, 0x70, 0x00, 0x00, 0x00, 0x00, 0x09, 0xFA, 0xCF, 0x70, 0x00, 0x00, 0x00, 0x00, 0x09,
    0xFA, 0xCF, 0x70, 0x00, 0x00, 0x00, 0x00, 0x09, 0xFA, 0xCF, 0x70, 0x00, 0x00, 0x00, 0x00, 0x09,
    0xFA, 0xCF, 0x70, 0x00, 0x00, 0x00, 0x00, 0x09, 0xFA, 0xCF, 0x70, 0x00, 0x00, 0x00, 0x00, 0x09,
    0xFA, 0xCF, 0x70, 0x00, 0x00, 0x00, 0x00, 0x09, 0xFA, 0x00, 0x00, 0x05, 0xAD, 0xFF, 0xDA, 0x50,
    0x00, 0x00, 0x00, 0x02, 0xCF, 0xFF, 0xFF, 0xFF, 0xFC, 0x20, 0x00, 0x00, 0x3E, 0xFE, 0x83, 0x11,
    0x38, 0xEF, 0xE4, 0x00, 0x01, 0xDF, 0xC2, 0x00, 0x00, 0x00, 0x2C, 0xFE, 0x20, 0x09, 0xFE, 0x20,
    0x00, 0x00, 0x00, 0x01, 0xDF, 0xA0, 0x1F, 0xF7, 0x00, 0x00, 0x00, 0x00, 0x00, 0x6F, 0xF2, 0x5F,
    0xF1, 0x00, 0x00, 0x00, 0x00, 0x00, 0x1E, 0xF6, 0x7F, 0xD0, 0x00, 0x00, 0x00, 0x00, 0x00, 0x0D,
    0xF8, 0x8F, 0xC0, 0x00, 0x00, 0x00, 0x00, 0x00, 0x0B, 0xF9, 0x7F, 0xD0, 0x00, 0x00, 0x00, 0x00,
    0x00, 0x0D, 0xF8, 0x5F, 0xF1, 0x00, 0x00, 0x00, 0x00, 0x00, 0x1E, 0xF6, 0x1F, 0xF6, 0x00, 0x00,
    0x00, 0x00, 0x00, 0x6F, 0xF1, 0x09, 0xFE, 0x20, 0x00, 0x00, 0x00, 0x01, 0xDF, 0xA0, 0x01, 0xDF,
    0xC2, 0x00, 0x00, 0x00, 0x1C, 0xFE, 0x10, 0x00, 0x3E, 0xFE, 0x83, 0x11, 0x27, 0xEF, 0xE4, 0x00,
    0x00, 0x02, 0xCF, 0xFF, 0xFF, 0xFF, 0xFC, 0x20, 0x00, 0x00, 0x00, 0x05, 0xAD, 0xFF, 0xDA, 0x50,
    0x00, 0x00, 0xCF, 0x50, 0x04, 0xAD, 0xEE, 0xD9, 0x40, 0x00, 0x00, 0xCF, 0x51, 0xAF, 0xFF, 0xFF,
    0xFF, 0xFA, 0x10, 0x00, 0xCF, 0x6C, 0xFC, 0x62, 0x01, 0x4A, 0xFF, 0xD1, 0x00, 0xCF, 0xDF, 0x90,
    0x00, 0x00, 0x00, 0x5E, 0xFB, 0x00, 0xCF, 0xFA, 0x00, 0x00, 0x00, 0x00, 0x05, 0xFF, 0x50, 0xCF,
    0xF1, 0x00, 0x00, 0x00, 0x00, 0x00, 0xBF, 0xB0, 0xCF, 0xA0, 0x00, 0x00, 0x00, 0x00, 0x00, 0x5F,
    0xF0, 0xCF, 0x80, 0x00, 0x00, 0x00, 0x00, 0x00, 0x2F, 0xF2, 0xCF, 0x70, 0x00, 0x00, 0x00, 0x00,
    0x00, 0x1F, 0xF3, 0xCF, 0x80, 0x00, 0x00, 0x00, 0x00, 0x00, 0x2F, 0xF2, 0xCF, 0xA0, 0x00, 0x00,
    0x00, 0x00, 0x00, 0x5F, 0xF0, 0xCF, 0xF1, 0x00, 0x00, 0x00, 0x00, 0x00, 0xBF, 0xB0, 0xCF, 0xFA,
    0x00, 0x00, 0x00, 0x00, 0x05, 0xFF, 0x50, 0xCF, 0xEF, 0x80, 0x00, 0x00, 0x00, 0x4E, 0xFA, 0x00,
    0xCF, 0x7C, 0xFC, 0x62, 0x01, 0x4A, 0xFF, 0xD1, 0x00, 0xCF, 0x71, 0xBF, 0xFF, 0xFF, 0xFF, 0xFA,
    0x10, 0x00, 0xCF, 0x70, 0x04, 0xAD, 0xEF, 0xD9, 0x30, 0x00, 0x00, 0xCF, 0x70, 0x00, 0x00, 0x00,
    0x00, 0x00, 0x00, 0x00, 0xCF, 0x70, 0x00, 0x00, 0x00, 0x00, 0x00, 0x00, 0x00, 0xCF, 0x70, 0x00,
    0x00, 0x00, 0x00, 0x00, 0x00, 0x00, 0xCF, 0x70, 0x00, 0x00, 0x00, 0x00, 0x00, 0x00, 0x00, 0xCF,
    0x70, 0x00, 0x00, 0x00, 0x00, 0x00, 0x00, 0x00, 0xCF, 0x70, 0x00, 0x00, 0x00, 0x00, 0x00, 0x00,
    0x00, 0x00, 0x00, 0x05, 0xAD, 0xFE, 0xC8, 0x20, 0x0A, 0xF8, 0x00, 0x03, 0xDF, 0xFF, 0xFF, 0xFF,
    0xF7, 0x0A, 0xF8, 0x00, 0x4E, 0xFE, 0x83, 0x11, 0x38, 0xEF, 0x8A, 0xF8, 0x01, 0xEF, 0xC2, 0x00,
    0x00, 0x00, 0x2C, 0xFD, 0xF8, 0x0A, 0xFE, 0x20, 0x00, 0x00, 0x00, 0x01, 0xEF, 0xF8, 0x1F, 0xF7,
    0x00, 0x00, 0x00, 0x00, 0x00, 0x6F, 0xF8, 0x5F, 0xF1, 0x00, 0x00, 0x00, 0x00, 0x00, 0x1E, 0xF8,
    0x7F, 0xD0, 0x00, 0x00, 0x00, 0x00, 0x00, 0x0D, 0xF8, 0x8F, 0xC0, 0x00, 0x00, 0x00, 0x00, 0x00,
    0x0B, 0xF8, 0x7F, 0xD0, 0x00, 0x00, 0x00, 0x00, 0x00, 0x0D, 0xF8, 0x5F, 0xF1, 0x00, 0x00, 0x00,
    0x00, 0x00, 0x1E, 0xF8, 0x1F, 0xF6, 0x00, 0x00, 0x00, 0x00, 0x00, 0x5F, 0xF8, 0x0A, 0xFE, 0x10,
    0x00, 0x00, 0x00, 0x01, 0xDF, 0xF8, 0x01, 0xEF, 0xC2, 0x00, 0x00, 0x00, 0x1C, 0xFE, 0xF8, 0x00,
    0x4E, 0xFE, 0x83, 0x11, 0x37, 0xEF, 0x9B, 0xF8, 0x00, 0x02, 0xCF, 0xFF, 0xFF, 0xFF, 0xF8, 0x0B,
    0xF8, 0x00, 0x00, 0x05, 0xAD, 0xFE, 0xC8, 0x20, 0x0B, 0xF8, 0x00, 0x00, 0x00, 0x00, 0x00, 0x00,
    0x00, 0x0B, 0xF8, 0x00, 0x00, 0x00, 0x00, 0x00, 0x00, 0x00, 0x0B, 0xF8, 0x00, 0x00, 0x00, 0x00,
    0x00, 0x00, 0x00, 0x0B, 0xF8, 0x00, 0x00, 0x00, 0x00, 0x00, 0x00, 0x00, 0x0B, 0xF8, 0x00, 0x00,
    0x00, 0x00, 0x00, 0x00, 0x00, 0x0B, 0xF8, 0x00, 0x00, 0x00, 0x00, 0x00, 0x00, 0x00, 0x0B, 0xF8,
    0xCF, 0x50, 0x16, 0xBD, 0x90, 0xCF, 0x53, 0xDF, 0xFF, 0xA0, 0xCF, 0x7E, 0xE8, 0x31, 0x10, 0xCF,
    0xEE, 0x30, 0x00, 0x00, 0xCF, 0xF5, 0x00, 0x00, 0x00, 0xCF, 0xD0, 0x00, 0x00, 0x00, 0xCF, 0x90,
    0x00, 0x00, 0x00, 0xCF, 0x70, 0x00, 0x00, 0x00, 0xCF, 0x70, 0x00, 0x00, 0x00, 0xCF, 0x70, 0x00,
    0x00, 0x00, 0xCF, 0x70, 0x00, 0x00, 0x00, 0xCF, 0x70, 0x00, 0x00, 0x00, 0xCF, 0x70, 0x00, 0x00,
    0x00, 0xCF, 0x70, 0x00, 0x00, 0x00, 0xCF, 0x70, 0x00, 0x00, 0x00, 0xCF, 0x70, 0x00, 0x00, 0x00,
    0xCF, 0x70, 0x00, 0x00, 0x00, 0x00, 0x00, 0x6B, 0xDF, 0xFD, 0xB7, 0x20, 0x00, 0x00, 0x2C, 0xFF,
    0xFF, 0xFF, 0xFF, 0xFA, 0x00, 0x00, 0xDF, 0xE6, 0x20, 0x02, 0x59, 0xF9, 0x00, 0x05, 0xFF, 0x20,
    0x00, 0x00, 0x00, 0x21, 0x00, 0x08, 0xFB, 0x00, 0x00, 0x00, 0x00, 0x00, 0x00, 0x07, 0xFD, 0x00,
    0x00, 0x00, 0x00, 0x00, 0x00, 0x03, 0xFF, 0x91, 0x00, 0x00, 0x00, 0x00, 0x00, 0x00, 0x8F, 0xFF,
    0xC8, 0x52, 0x00, 0x00, 0x00, 0x00, 0x05, 0xBF, 0xFF, 0xFF, 0xE9, 0x30, 0x00, 0x00, 0x00, 0x01,
    0x47, 0xAE, 0xFF, 0xF7, 0x00, 0x00, 0x00, 0x00, 0x00, 0x00, 0x2A, 0xFF, 0x40, 0x00, 0x00, 0x00,
    0x00, 0x00, 0x00, 0xCF, 0x80, 0x00, 0x00, 0x00, 0x00, 0x00, 0x00, 0xAF, 0x90, 0x05, 0x70, 0x00,
    0x00, 0x00, 0x01, 0xEF, 0x60, 0x0D, 0xFD, 0x84, 0x10, 0x02, 0x5D, 0xFD, 0x10, 0x05, 0xDF, 0xFF,
    0xFF, 0xFF, 0xFF, 0xD2, 0x00, 0x00, 0x05, 0x9C, 0xEF, 0xED, 0xA6, 0x00, 0x00, 0x00, 0x03, 0x86,
    0x00, 0x00, 0x00, 0x00, 0x07, 0xFC, 0x00, 0x00, 0x00, 0x00, 0x07, 0xFC, 0x00, 0x00, 0x00, 0x00,
    0x07, 0xFC, 0x00, 0x00, 0x00, 0x7F, 0xFF, 0xFF, 0xFF, 0xFF, 0xE0, 0x7F, 0xFF, 0xFF, 0xFF, 0xFF,
    0xE0, 0x00, 0x07, 0xFC, 0x00, 0x00, 0x00, 0x00, 0x07, 0xFC, 0x00, 0x00, 0x00, 0x00, 0x07, 0xFC,
    0x00, 0x00, 0x00, 0x00, 0x07, 0xFC, 0x00, 0x00, 0x00, 0x00, 0x07, 0xFC, 0x00, 0x00, 0x00, 0x00,
    0x07, 0xFC, 0x00, 0x00, 0x00, 0x00, 0x07, 0xFC, 0x00, 0x00, 0x00, 0x00, 0x07, 0xFC, 0x00, 0x00,
    0x00, 0x00, 0x07, 0xFC, 0x00, 0x00, 0x00, 0x00, 0x07, 0xFC, 0x00, 0x00, 0x00, 0x00, 0x06, 0xFE,
    0x00, 0x00, 0x00, 0x00, 0x04, 0xFF, 0x20, 0x00, 0x00, 0x00, 0x01, 0xEF, 0xC3, 0x01, 0x65, 0x00,
    0x00, 0x5F, 0xFF, 0xFF, 0xFD, 0x00, 0x00, 0x03, 0xAE, 0xFE, 0xA3, 0xFF, 0x40, 0x00, 0x00, 0x00,
    0x00, 0x0E, 0xF5, 0xFF, 0x40, 0x00, 0x00, 0x00, 0x00, 0x0E, 0xF5, 0xFF, 0x40, 0x00, 0x00, 0x00,
    0x00, 0x0E, 0xF5, 0xFF, 0x40, 0x00, 0x00, 0x00, 0x00, 0x0E, 0xF5, 0xFF, 0x40, 0x00, 0x00, 0x00,
    0x00, 0x0E, 0xF5, 0xFF, 0x40, 0x00, 0x00, 0x00, 0x00, 0x0E, 0xF5, 0xFF, 0x40, 0x00, 0x00, 0x00,
    0x00, 0x0E, 0xF5, 0xFF, 0x40, 0x00, 0x00, 0x00, 0x00, 0x0E, 0xF5, 0xFF, 0x40, 0x00, 0x00, 0x00,
    0x00, 0x0E, 0xF5, 0xFF, 0x40, 0x00, 0x00, 0x00, 0x00, 0x0F, 0xF5, 0xEF, 0x50, 0x00, 0x00, 0x00,
    0x00, 0x2F, 0xF5, 0xDF, 0x80, 0x00, 0x00, 0x00, 0x00, 0x6F, 0xF5, 0x9F, 0xD0, 0x00, 0x00, 0x00,
    0x00, 0xCF, 0xF5, 0x4F, 0xF8, 0x00, 0x00, 0x00, 0x09, 0xFF, 0xF5, 0x0A, 0xFF, 0xA4, 0x10, 0x15,
    0xCF, 0xAD, 0xF5, 0x01, 0xAF, 0xFF, 0xFF, 0xFF, 0xF9, 0x1D, 0xF5, 0x00, 0x04, 0x9D, 0xEE, 0xD9,
    0x30, 0x0D, 0xF5, 0xBF, 0x90, 0x00, 0x00, 0x00, 0x00, 0x00, 0x2F, 0xF2, 0x5F, 0xF1, 0x00, 0x00,
    0x00, 0x00, 0x00, 0x9F, 0xA0, 0x0D, 0xF7, 0x00, 0x00, 0x00, 0x00, 0x01, 0xEF, 0x30, 0x07, 0xFE,
    0x00, 0x00, 0x00, 0x00, 0x07, 0xFC, 0x00, 0x01, 0xEF, 0x50, 0x00, 0x00, 0x00, 0x0D, 0xF5, 0x00,
    0x00, 0x8F, 0xC0, 0x00, 0x00, 0x00, 0x5F, 0xD0, 0x00, 0x00, 0x2F, 0xF3, 0x00, 0x00, 0x00, 0xCF,
    0x70, 0x00, 0x00, 0x0A, 0xFA, 0x00, 0x00, 0x03, 0xFE, 0x10, 0x00, 0x00, 0x04, 0xFF, 0x20, 0x00,
    0x0A, 0xF9, 0x00, 0x00, 0x00, 0x00, 0xCF, 0x80, 0x00, 0x2F, 0xF2, 0x00, 0x00, 0x00, 0x00, 0x6F,
    0xE1, 0x00, 0x8F, 0xA0, 0x00, 0x00, 0x00, 0x00, 0x0E, 0xF6, 0x01, 0xEF, 0x40, 0x00, 0x00, 0x00,
    0x00, 0x07, 0xFC, 0x06, 0xFC, 0x00, 0x00, 0x00, 0x00, 0x00, 0x01, 0xFF, 0x4D, 0xF6, 0x00, 0x00,
    0x00, 0x00, 0x00, 0x00, 0x9F, 0xDF, 0xE0, 0x00, 0x00, 0x00, 0x00, 0x00, 0x00, 0x3F, 0xFF, 0x70,
    0x00, 0x00, 0x00, 0x00, 0x00, 0x00, 0x0B, 0xFF, 0x10, 0x00, 0x00, 0x00, 0x9F, 0x90, 0x00, 0x00,
    0x00, 0x00, 0x1F, 0xF4, 0x00, 0x00, 0x00, 0x00, 0x06, 0xFA, 0x3F, 0xE1, 0x00, 0x00, 0x00, 0x00,
    0x7F, 0xFA, 0x00, 0x00, 0x00, 0x00, 0x0B, 0xF5, 0x0C, 0xF5, 0x00, 0x00, 0x00, 0x00, 0xCF, 0xFE,
    0x10, 0x00, 0x00, 0x00, 0x2F, 0xE0, 0x07, 0xFB, 0x00, 0x00, 0x00, 0x03, 0xFE, 0xCF, 0x60, 0x00,
    0x00, 0x00, 0x8F, 0x80, 0x01, 0xFF, 0x10, 0x00, 0x00, 0x09, 0xF9, 0x6F, 0xB0, 0x00, 0x00, 0x00,
    0xDF, 0x30, 0x00, 0xBF, 0x70, 0x00, 0x00, 0x0E, 0xF3, 0x1F, 0xF2, 0x00, 0x00, 0x04, 0xFC, 0x00,
    0x00, 0x5F, 0xC0, 0x00, 0x00, 0x5F, 0xC0, 0x0A, 0xF7, 0x00, 0x00, 0x09, 0xF7, 0x00, 0x00, 0x0E,
    0xF2, 0x00, 0x00, 0xBF, 0x60, 0x04, 0xFD, 0x00, 0x00, 0x1E, 0xF1, 0x00, 0x00, 0x09, 0xF8, 0x00,
    0x01, 0xFE, 0x10, 0x00, 0xDF, 0x40, 0x00, 0x5F, 0xA0, 0x00, 0x00, 0x03, 0xFD, 0x00, 0x07, 0xFA,
    0x00, 0x00, 0x8F, 0x90, 0x00, 0xBF, 0x50, 0x00, 0x00, 0x00, 0xDF, 0x40, 0x0C, 0xF4, 0x00, 0x00,
    0x2F, 0xE1, 0x02, 0xFE, 0x00, 0x00, 0x00, 0x00, 0x7F, 0x90, 0x3F, 0xD0, 0x00, 0x00, 0x0B, 0xF5,
    0x07, 0xF8, 0x00, 0x00, 0x00, 0x00, 0x1F, 0xE1, 0x9F, 0x70, 0x00, 0x00, 0x05, 0xFB, 0x0C, 0xF3,
    0x00, 0x00, 0x00, 0x00, 0x0B, 0xF6, 0xEF, 0x20, 0x00, 0x00, 0x01, 0xEF, 0x5F, 0xC0, 0x00, 0x00,
    0x00, 0x00, 0x05, 0xFE, 0xFB, 0x00, 0x00, 0x00, 0x00, 0x9F, 0xEF, 0x70, 0x00, 0x00, 0x00, 0x00,
    0x00, 0xEF, 0xF5, 0x00, 0x00, 0x00, 0x00, 0x3F, 0xFF, 0x10, 0x00, 0x00, 0x00, 0x00, 0x00, 0x9F,
    0xE0, 0x00, 0x00, 0x00, 0x00, 0x0C, 0xFA, 0x00, 0x00, 0x00, 0x0A, 0xFC, 0x10, 0x00, 0x00, 0x00,
    0x0B, 0xFB, 0x00, 0x01, 0xDF, 0x90, 0x00, 0x00, 0x00, 0x8F, 0xD1, 0x00, 0x00, 0x3F, 0xF5, 0x00,
    0x00, 0x04, 0xFF, 0x30, 0x00, 0x00, 0x06, 0xFE, 0x20, 0x00, 0x2E, 0xF7, 0x00, 0x00, 0x00, 0x00,
    0xAF, 0xC1, 0x00, 0xBF, 0xA0, 0x00, 0x00, 0x00, 0x00, 0x1D, 0xF9, 0x08, 0xFD, 0x10, 0x00, 0x00,
    0x00, 0x00, 0x03, 0xEF, 0x9F, 0xF3, 0x00, 0x00, 0x00, 0x00, 0x00, 0x00, 0x6F, 0xFF, 0x60, 0x00,
    0x00, 0x00, 0x00, 0x00, 0x00, 0x1E, 0xFE, 0x10, 0x00, 0x00, 0x00, 0x00, 0x00, 0x00, 0x9F, 0xFF,
    0xA0, 0x00, 0x00, 0x00, 0x00, 0x00, 0x06, 0xFE, 0x4E, 0xF7, 0x00, 0x00, 0x00, 0x00, 0x00, 0x3F,
    0xF6, 0x04, 0xFF, 0x30, 0x00, 0x00, 0x00, 0x01, 0xDF, 0x90, 0x00, 0x8F, 0xD1, 0x00, 0x00, 0x00,
    0x0A, 0xFC, 0x00, 0x00, 0x0B, 0xFB, 0x00, 0x00, 0x00, 0x7F, 0xE2, 0x00, 0x00, 0x01, 0xEF, 0x80,
    0x00, 0x04, 0xFF, 0x50, 0x00, 0x00, 0x00, 0x4F, 0xF5, 0x00, 0x1E, 0xF8, 0x00, 0x00, 0x00, 0x00,
    0x07, 0xFE, 0x20, 0x0B, 0xF9, 0x00, 0x00, 0x00, 0x00, 0x00, 0x02, 0xFF, 0x20, 0x04, 0xFF, 0x10,
    0x00, 0x00, 0x00, 0x00, 0x09, 0xFA, 0x00, 0x00, 0xDF, 0x80, 0x00, 0x00, 0x00, 0x00, 0x1E, 0xF3,
    0x00, 0x00, 0x6F, 0xE1, 0x00, 0x00, 0x00, 0x00, 0x7F, 0xB0, 0x00, 0x00, 0x0E, 0xF6, 0x00, 0x00,
    0x00, 0x00, 0xEF, 0x40, 0x00, 0x00, 0x07, 0xFD, 0x00, 0x00, 0x00, 0x06, 0xFC, 0x00, 0x00, 0x00,
    0x01, 0xEF, 0x50, 0x00, 0x00, 0x0C, 0xF6, 0x00, 0x00, 0x00, 0x00, 0x9F, 0xB0, 0x00, 0x00, 0x4F,
    0xE0, 0x00, 0x00, 0x00, 0x00, 0x2F, 0xF3, 0x00, 0x00, 0xBF, 0x70, 0x00, 0x00, 0x00, 0x00, 0x0A,
    0xFA, 0x00, 0x03, 0xFE, 0x10, 0x00, 0x00, 0x00, 0x00, 0x03, 0xFF, 0x20, 0x09, 0xF9, 0x00, 0x00,
    0x00, 0x00, 0x00, 0x00, 0xCF, 0x80, 0x1F, 0xF2, 0x00, 0x00, 0x00, 0x00, 0x00, 0x00, 0x5F, 0xE1,
    0x8F, 0xA0, 0x00, 0x00, 0x00, 0x00, 0x00, 0x00, 0x0D, 0xF7, 0xEF, 0x30, 0x00, 0x00, 0x00, 0x00,
    0x00, 0x00, 0x06, 0xFF, 0xFC, 0x00, 0x00, 0x00, 0x00, 0x00, 0x00, 0x00, 0x01, 0xEF, 0xF5, 0x00,
    0x00, 0x00, 0x00, 0x00, 0x00, 0x00, 0x00, 0x9F, 0xD0, 0x00, 0x00, 0x00, 0x00, 0x00, 0x00, 0x00,
    0x00, 0xDF, 0x60, 0x00, 0x00, 0x00, 0x00, 0x00, 0x00, 0x00, 0x05, 0xFE, 0x10, 0x00, 0x00, 0x00,
    0x00, 0x01, 0x00, 0x00, 0x1D, 0xF7, 0x00, 0x00, 0x00, 0x00, 0x00, 0x3E, 0x61, 0x03, 0xCF, 0xD1,
    0x00, 0x00, 0x00, 0x00, 0x00, 0x8F, 0xFF, 0xFF, 0xFE, 0x30, 0x00, 0x00, 0x00, 0x00, 0x00, 0x05,
    0xBE, 0xED, 0x81, 0x00, 0x00, 0x00, 0x00, 0x00, 0x00, 0x7F, 0xFF, 0xFF, 0xFF, 0xFF, 0xFF, 0xFD,
    0x00, 0x7F, 0xFF, 0xFF, 0xFF, 0xFF, 0xFF, 0xFB, 0x00, 0x00, 0x00, 0x00, 0x00, 0x00, 0x7F, 0xE2,
    0x00, 0x00, 0x00, 0x00, 0x00, 0x04, 0xFF, 0x50, 0x00, 0x00, 0x00, 0x00, 0x00, 0x2E, 0xF8, 0x00,
    0x00, 0x00, 0x00, 0x00, 0x00, 0xCF, 0xB0, 0x00, 0x00, 0x00, 0x00, 0x00, 0x09, 0xFD, 0x10, 0x00,
    0x00, 0x00, 0x00, 0x00, 0x6F, 0xF3, 0x00, 0x00, 0x00, 0x00, 0x00, 0x03, 0xFF, 0x60, 0x00, 0x00,
    0x00, 0x00, 0x00, 0x1D, 0xF9, 0x00, 0x00, 0x00, 0x00, 0x00, 0x00, 0xBF, 0xC0, 0x00, 0x00, 0x00,
    0x00, 0x00, 0x09, 0xFE, 0x20, 0x00, 0x00, 0x00, 0x00, 0x00, 0x5F, 0xF4, 0x00, 0x00, 0x00, 0x00,
    0x00, 0x03, 0xEF, 0x70, 0x00, 0x00, 0x00, 0x00, 0x00, 0x1D, 0xFA, 0x00, 0x00, 0x00, 0x00, 0x00,
    0x00, 0x9F, 0xFF, 0xFF, 0xFF, 0xFF, 0xFF, 0xFF, 0x10, 0xAF, 0xFF, 0xFF, 0xFF, 0xFF, 0xFF, 0xFF,
    0x10, 0x00, 0x00, 0x18, 0xDF, 0xF0, 0x00, 0x00, 0xCF, 0xFF, 0xF0, 0x00, 0x04, 0xFF, 0x91, 0x00,
    0x00, 0x07, 0xFD, 0x00, 0x00, 0x00, 0x08, 0xFB, 0x00, 0x00, 0x00, 0x08, 0xFB, 0x00, 0x00, 0x00,
    0x08, 0xFB, 0x00, 0x00, 0x00, 0x08, 0xFB, 0x00, 0x00, 0x00, 0x08, 0xFB, 0x00, 0x00, 0x00, 0x08,
    0xFB, 0x00, 0x00, 0x00, 0x08, 0xFB, 0x00, 0x00, 0x00, 0x08, 0xFB, 0x00, 0x00, 0x00, 0x09, 0xFB,
    0x00, 0x00, 0x00, 0x1D, 0xF9, 0x00, 0x00, 0x1F, 0xFF, 0xD2, 0x00, 0x00, 0x1F, 0xFF, 0xC2, 0x00,
    0x00, 0x00, 0x2D, 0xF9, 0x00, 0x00, 0x00, 0x09, 0xFB, 0x00, 0x00, 0x00, 0x08, 0xFB, 0x00, 0x00,
    0x00, 0x08, 0xFB, 0x00, 0x00, 0x00, 0x08, 0xFB, 0x00, 0x00, 0x00, 0x08, 0xFB, 0x00, 0x00, 0x00,
    0x08, 0xFB, 0x00, 0x00, 0x00, 0x08, 0xFB, 0x00, 0x00, 0x00, 0x08, 0xFB, 0x00, 0x00, 0x00, 0x08,
    0xFB, 0x00, 0x00, 0x00, 0x07, 0xFD, 0x00, 0x00, 0x00, 0x04, 0xFF, 0x81, 0x00, 0x00, 0x00, 0xCF,
    0xFF, 0xF0, 0x00, 0x00, 0x18, 0xDF, 0xF0, 0x5F, 0xC0, 0x5F, 0xC0, 0x5F, 0xC0, 0x5F, 0xC0, 0x5F,
    0xC0, 0x5F, 0xC0, 0x5F, 0xC0, 0x5F, 0xC0, 0x5F, 0xC0, 0x5F, 0xC0, 0x5F, 0xC0, 0x5F, 0xC0, 0x5F,
    0xC0, 0x5F, 0xC0, 0x5F, 0xC0, 0x5F, 0xC0, 0x5F, 0xC0, 0x5F, 0xC0, 0x5F, 0xC0, 0x5F, 0xC0, 0x5F,
    0xC0, 0x5F, 0xC0, 0x5F, 0xC0, 0x5F, 0xC0, 0x5F, 0xC0, 0x5F, 0xC0, 0x5F, 0xC0, 0x5F, 0xC0, 0x5F,
    0xC0, 0x5F, 0xC0, 0x5F, 0xEC, 0x60, 0x00, 0x00, 0x5F, 0xFF, 0xF7, 0x00, 0x00, 0x00, 0x3C, 0xFE,
    0x00, 0x00, 0x00, 0x03, 0xFF, 0x30, 0x00, 0x00, 0x01, 0xFF, 0x30, 0x00, 0x00, 0x00, 0xFF, 0x40,
    0x00, 0x00, 0x00, 0xFF, 0x40, 0x00, 0x00, 0x00, 0xFF, 0x40, 0x00, 0x00, 0x00, 0xFF, 0x40, 0x00,
    0x00, 0x00, 0xFF, 0x40, 0x00, 0x00, 0x00, 0xFF, 0x40, 0x00, 0x00, 0x00, 0xFF, 0x40, 0x00, 0x00,
    0x00, 0xFF, 0x40, 0x00, 0x00, 0x00, 0xDF, 0x90, 0x00, 0x00, 0x00, 0x5E, 0xFF, 0xB0, 0x00, 0x00,
    0x5E, 0xFF, 0xC0, 0x00, 0x00, 0xDF, 0x91, 0x00, 0x00, 0x00, 0xFF, 0x40, 0x00, 0x00, 0x00, 0xFF,
    0x40, 0x00, 0x00, 0x00, 0xFF, 0x40, 0x00, 0x00, 0x00, 0xFF, 0x40, 0x00, 0x00, 0x00, 0xFF, 0x40,
    0x00, 0x00, 0x00, 0xFF, 0x40, 0x00, 0x00, 0x00, 0xFF, 0x40, 0x00, 0x00, 0x00, 0xFF, 0x40, 0x00,
    0x00, 0x01, 0xFF, 0x30, 0x00, 0x00, 0x03, 0xFF, 0x30, 0x00, 0x00, 0x2C, 0xFE, 0x00, 0x00, 0x5F,
    0xFF, 0xF7, 0x00, 0x00, 0x5F, 0xEC, 0x60, 0x00, 0x00, 0x02, 0xAE, 0xEB, 0x30, 0x00, 0x00, 0x3F,
    0x60, 0x1E, 0xFF, 0xFF, 0xF7, 0x00, 0x00, 0x7F, 0x40, 0x8F, 0x91, 0x17, 0xFF, 0xB2, 0x05, 0xEE,
    0x00, 0xDD, 0x00, 0x00, 0x3D, 0xFF, 0xFF, 0xF6, 0x00, 0xF9, 0x00, 0x00, 0x01, 0x8D, 0xFD, 0x60,
    0x00,
};

/* the Montserrat faces, ordered by size */
const hp_font plua_font_prop16 = {16, 21, 16, 0x20, 0x7E,
                              plua_glyphs_prop_16, plua_bits_prop_16};
const hp_font plua_font_prop24 = {24, 31, 24, 0x20, 0x7E,
                              plua_glyphs_prop_24, plua_bits_prop_24};
const hp_font plua_font_prop32 = {32, 40, 31, 0x20, 0x7E,
                              plua_glyphs_prop_32, plua_bits_prop_32};

/* the faces the port exposes, ordered by size */
const hp_font *plua_prop_faces[] = {&plua_font_prop16, &plua_font_prop24, &plua_font_prop32};
const int plua_prop_count = 3;

/*
 * primetcc's font engine (rt/hp_fonts.c, linked into the image unchanged) asks
 * for a face by index 0..3 through this function and expects a valid font for
 * EVERY index.  Only three sizes ship, so index 3 resolves to the largest: the
 * engine's own nearest-size search (hp_font_prop) walks the indices it is given
 * and can therefore never miss the requested size by more than one step.
 *
 * The monospace counterpart, hp_font_mono_data(), is in the Cascadia file --
 * that is the face primeLua uses for font.mono().
 */
const hp_font *hp_font_prop_data(int i)
{
	if (i < 0 || i >= plua_prop_count)
		i = plua_prop_count - 1;
	return plua_prop_faces[i];
}
